$MeshFormat
4.1 0 8
$EndMeshFormat
$PhysicalNames
60
2 9 "strat_0023"
2 11 "strat_0022"
2 12 "strat_0021"
2 13 "strat_0020"
2 14 "strat_0019"
2 17 "strat_0018"
2 18 "strat_0017"
2 19 "strat_0016"
2 20 "WNW_0003"
2 23 "ESE_0003"
2 24 "WNW_0002"
2 27 "ESE_0002"
2 28 "fault_0027"
2 29 "fault_0026"
2 30 "fault_0025"
2 31 "fault_0024"
2 35 "fault_0023"
2 36 "fault_0022"
2 37 "fault_0021"
2 38 "fault_0020"
2 39 "fault_0019"
2 42 "fault_0018"
2 43 "SSW_0007"
2 44 "strat_0015"
2 45 "strat_0014"
2 46 "NNE_0007"
2 47 "Base_0003"
2 48 "fault_0017"
2 49 "strat_0013"
2 50 "strat_0012"
2 51 "fault_0016"
2 52 "fault_0015"
2 53 "strat_0011"
2 54 "fault_0014"
2 55 "fault_0013"
2 56 "fault_0012"
2 57 "SSW_0006"
2 58 "strat_0010"
2 59 "Base_0002"
2 60 "NNE_0006"
2 61 "strat_0009"
2 62 "strat_0008"
2 63 "strat_0007"
2 64 "strat_0006"
2 65 "SSW_0005"
2 66 "Top_0003"
2 67 "NNE_0005"
2 68 "fault_0011"
2 69 "fault_0010"
2 70 "fault_0009"
2 71 "fault_0008"
2 72 "fault_0007"
2 73 "fault_0006"
2 74 "SSW_0004"
2 75 "Top_0002"
2 76 "NNE_0004"
3 1 "bottom_0001"
3 2 "bottom_0002"
3 3 "top_0003"
3 4 "top_0004"
$EndPhysicalNames
$Entities
49 100 56 4
1 0 0 0 0 
2 0 0 -10000 0 
3 3420.201433256687 9396.926207859084 0 0 
4 3420.201433256687 9396.926207859084 -10000 0 
5 9396.926207859084 -3420.201433256687 0 0 
6 9396.926207859084 -3420.201433256687 -10000 0 
7 12817.12764111577 5976.724774602397 0 0 
8 12817.12764111577 5976.724774602397 -10000 0 
9 6750.583963883554 3928.055008087107 -6000 0 
10 342.0201433256698 939.692620785908 -6000 0 
11 125.1255153793796 -45.54196314531041 -6000 0 
18 8118.664537186229 7686.82549123074 -6000 0 
19 7618.162590377286 7868.993302061482 -6000 0 
20 1.635111706470137e-12 1.100284153845948e-12 -6000 0 
21 2052.120859954013 5638.155724715451 -6000 0 
22 3420.201433256688 9396.926207859084 -6000 0 
23 9396.926207859084 -3420.201433256686 -6000 0 
24 5449.216024142959 -1983.352432874455 -6000 0 
25 4698.463103929543 -1710.100716628341 -6000 0 
26 12817.12764111577 5976.724774602397 -6000 0 
27 11877.43502032986 6318.744917928065 -6000 0 
28 11449.0470678131 2217.954291458763 -6000 0 
29 2819.077862357726 -1026.060429977005 -4000 0 
30 4529.178578986069 3672.402673952536 -4000 0 
31 1120.232746398426 154.0097751002241 9.303233910237102e-14 0 
33 2649.793337414252 4356.442960603873 -2.220446049250313e-13 0 
34 1509.726179078521 1224.134186414655 -2.220446049250313e-13 0 
39 6239.279295614413 8370.865777882078 -4000 0 
40 5816.524983484027 8524.735763905221 -3100.228515625 0 
41 4167.134375515372 -1516.712874875076 -6869.1435546875 0 
42 5638.155724715451 -2052.120859954014 -10000 0 
43 3758.770483143634 -1368.080573302674 -6000 0 
44 5713.171278290023 4001.591479926189 -5999.999999999999 0 
45 5810.891343097646 4270.075151412776 -6000 0 
46 5468.871199771977 3330.382530626867 -6000 0 
47 7035.843334082585 7635.603086559877 -6000 0 
48 7178.971916400321 8028.845634556409 -6000 0 
49 9058.357157972137 7344.805347905071 -10000 0 
50 8340.495773657665 7606.08552412467 -8472.1357421875 0 
51 8081.156676897932 4659.969091873496 -10000 0 
52 7348.256441343794 2646.34224397553 -10000 0 
53 6119.168103081113 -730.5502119161899 -10000 0 
54 4276.80765604692 55.21486168721151 -6000.000000000002 0 
55 5389.23805559762 3111.592265167646 -6000 0 
56 5059.175087017751 2204.751711996292 -6000.000000000002 0 
57 6233.651526315403 5431.599208648064 -5999.999999999999 0 
58 939.6926207859084 -342.0201433256685 9.303233910237102e-14 0 
59 4359.894054042596 9054.906064533416 7.393608295047649e-15 0 
60 3320.390963217515 6198.894795038219 7.393608295047649e-15 0 
2 -1.000000793283107e-07 -9.999985195463523e-08 -1e-07 3420.201433356687 9396.926207959084 1e-07 0 2 1 -3 
4 -1.000000793283107e-07 -9.999985195463523e-08 -10000.0000001 3420.201433356687 9396.926207959084 -9999.999999899999 0 2 2 -4 
6 9396.926207759083 -3420.201433356687 -1e-07 12817.12764121577 5976.724774702397 1e-07 0 2 5 -7 
8 9396.926207759083 -3420.201433356687 -10000.0000001 12817.12764121577 5976.724774702397 -9999.999999899999 0 2 6 -8 
14 125.1255152793795 -45.54196324531057 -6000.0000001 342.0201434256699 939.6926208859081 -5999.9999999 0 2 10 -11 
34 6750.583963783553 3928.055007987106 -6000.000000100001 8118.664537286229 7686.825491330741 -5999.999999899999 0 2 9 -18 
35 7618.162590277286 7686.82549113074 -6000.0000001 8118.664537286229 7868.993302161482 -5999.9999999 0 2 18 -19 
36 6750.583963783553 3928.055007987106 -6000.000000100001 7618.162590477286 7868.993302161482 -5999.999999899999 0 2 19 -9 
37 -1e-07 -1e-07 -10000.0000001 1e-07 1e-07 -5999.9999999 0 2 2 -20 
38 -9.999956773754093e-08 -1.000000793283107e-07 -6000.000000100001 342.020143425671 939.6926208859093 -5999.999999899999 0 2 10 -20 
39 342.0201432256686 939.6926206859066 -6000.000000100002 2052.120860054014 5638.155724815452 -5999.999999899998 0 2 21 -10 
40 2052.120859854012 5638.155724615449 -6000.000000100002 3420.20143335669 9396.926207959084 -5999.999999899998 0 2 22 -21 
41 3420.201433156687 9396.926207759083 -10000.0000001 3420.201433356687 9396.926207959084 -5999.9999999 0 2 4 -22 
42 9396.926207759083 -3420.201433356687 -10000.0000001 9396.926207959084 -3420.201433156687 -5999.9999999 0 2 6 -23 
43 5449.216024042958 -3420.201433356688 -6000.000000100002 9396.926207959084 -1983.352432774454 -5999.999999899998 0 2 24 -23 
44 4698.46310382954 -1983.352432974457 -6000.000000100003 5449.216024242962 -1710.100716528339 -5999.999999899997 0 2 25 -24 
46 -9.99999585360456e-08 -45.541963245312 -6000.000000100002 125.1255154793812 1.000026941255783e-07 -5999.999999899998 0 2 20 -11 
47 12817.12764101577 5976.724774502397 -10000.0000001 12817.12764121577 5976.724774702397 -5999.9999999 0 2 8 -26 
48 11877.43502022986 5976.724774502396 -6000.000000100001 12817.12764121577 6318.744918028066 -5999.999999899999 0 2 26 -27 
49 8118.664537086229 6318.744917828065 -6000.0000001 11877.43502042986 7686.82549133074 -5999.9999999 0 2 27 -18 
51 9396.926207759081 -3420.201433356688 -6000.000000100002 11449.0470679131 2217.954291558764 -5999.999999899998 0 2 23 -28 
52 11449.04706771309 2217.954291358761 -6000.000000100002 12817.12764121577 5976.724774702398 -5999.999999899998 0 2 28 -26 
53 -1e-07 -1e-07 -6000.0000001 1e-07 1e-07 9.999985195463523e-08 0 2 20 -1 
54 3420.201433156687 9396.926207759083 -6000.0000001 3420.201433356687 9396.926207959084 9.999985195463523e-08 0 2 22 -3 
55 9396.926207759083 -3420.201433356687 -6000.0000001 9396.926207959084 -3420.201433156687 9.999985195463523e-08 0 2 23 -5 
56 12817.12764101577 5976.724774502397 -6000.0000001 12817.12764121577 5976.724774702397 9.999985195463523e-08 0 2 26 -7 
57 4698.463103829542 -1710.100716728342 -6000.000000100001 6750.583963983555 3928.055008187107 -5999.999999899999 0 2 25 -9 
59 5449.216024042958 -1983.352432974456 -6000.000000100001 6750.583963983555 3928.055008187108 -5999.999999899999 0 2 24 -9 
60 6750.583963783553 2217.954291358763 -6000.000000100001 11449.0470679131 3928.055008187107 -5999.999999899999 0 2 28 -9 
61 5449.216024042958 -1983.352432974456 -6000.000000100001 11449.0470679131 2217.954291558765 -5999.999999899999 0 2 24 -28 
63 6750.583963783552 3928.055007987105 -6000.000000100002 12817.12764121577 5976.724774702398 -5999.999999899998 0 2 26 -9 
64 6750.583963783552 3928.055007987105 -6000.000000100002 11877.43502042987 6318.744918028066 -5999.999999899998 0 2 27 -9 
65 2819.077862257725 -1026.060430077006 -4000.000000100001 4529.178579086069 3672.402674052537 -3999.999999899999 0 2 29 -30 
66 1120.232746298424 154.0097750002228 -4000.000000100001 4529.17857908607 3672.402674052537 1.000012161966879e-07 0 2 30 -31 
67 1120.232746298425 -1026.060430077006 -4000.000000100001 2819.077862457726 154.009775200225 1.000009888230124e-07 0 2 31 -29 
71 2649.793337314251 3672.402673852534 -4000.000000100001 4529.178579086069 4356.442960703874 1.000009888230124e-07 0 2 30 -33 
72 1509.726178978521 1224.134186314654 -1.000004440892098e-07 2649.793337514252 4356.442960703873 1e-07 0 2 33 -34 
73 1509.72617897852 1224.134186314654 -4000.000000100001 4529.178579086069 3672.402674052537 1.000009888230124e-07 0 2 34 -30 
89 4529.178578886068 3672.402673852535 -4000.000000100001 6239.279295714414 8370.865777982079 -3999.999999899999 0 2 30 -39 
90 5816.524983384025 8370.865777782075 -4000.000000100002 6239.279295714415 8524.735764005223 -3100.228515524998 0 2 39 -40 
91 4529.178578886069 3672.402673852536 -4000.0000001 5816.524983584027 8524.735764005221 -3100.228515525 0 2 40 -30 
92 4167.13437541537 -2052.120860054015 -10000.0000001 5638.155724815452 -1516.712874775074 -6869.143554587498 0 2 41 -42 
93 3758.770483043632 -1516.712874975077 -6869.143554787502 4167.134375615374 -1368.080573202674 -5999.999999899998 0 2 43 -41 
94 125.1255152793774 -1368.080573402675 -6000.000000100003 3758.770483243635 -45.54196304530819 -5999.999999899997 0 2 11 -43 
95 -9.999985195463523e-08 -2052.120860054012 -10000.0000001 5638.15572481545 1.000000793283107e-07 -9999.999999899999 0 2 2 -42 
96 5713.171278140023 4001.591479776189 -6000.000000149999 5810.891343247647 4270.075151562776 -5999.999999849999 0 2 44 -45 
97 5468.871199621976 3330.382530476867 -6000.000000149999 5713.171278440023 4001.591480076189 -5999.999999849999 0 2 46 -44 
98 342.0201432256686 939.6926206859066 -6000.000000100002 5468.871199871978 3330.382530726868 -5999.999999899998 0 2 46 -10 
99 2052.120859854012 4270.075151312774 -6000.000000100002 5810.891343197648 5638.155724815452 -5999.999999899998 0 2 45 -21 
100 7035.843333932585 7635.603086409877 -6000.00000015 7178.971916550321 8028.845634706408 -5999.99999985 0 2 47 -48 
101 2052.120859854012 5638.15572461545 -6000.000000100001 7035.843334182586 7635.603086659878 -5999.999999899999 0 2 47 -21 
102 3420.201433156689 8028.845634456409 -6000.0000001 7178.971916500321 9396.926207959084 -5999.9999999 0 2 48 -22 
103 8340.495773557665 7344.805347805071 -10000.0000001 9058.357158072138 7606.085524224671 -8472.135742087499 0 2 49 -50 
104 7178.971916300321 7606.085524024669 -8472.135742287501 8340.495773757666 8028.84563465641 -5999.999999899999 0 2 50 -48 
105 3420.201433156687 7344.805347805072 -10000.0000001 9058.357158072138 9396.926207959084 -9999.999999899999 0 2 4 -49 
106 8081.156676797932 4659.969091773496 -10000.0000001 9058.357158072138 7344.805348005071 -9999.999999899999 0 2 51 -49 
107 7348.256441243794 2646.34224387553 -10000.0000001 8081.156676997932 4659.969091973496 -9999.999999899999 0 2 52 -51 
108 6119.168102981113 -730.55021201619 -10000.0000001 7348.256441443794 2646.342244075529 -9999.999999899999 0 2 53 -52 
109 5638.155724615451 -2052.120860054014 -10000.0000001 6119.168103181113 -730.55021181619 -9999.999999899999 0 2 42 -53 
110 3758.770482993635 -1368.080573452675 -6000.000000150002 4276.80765619692 55.2148618372114 -5999.999999850002 0 2 43 -54 
111 4167.13437541537 -1516.712874975078 -6869.143554787502 4276.807656146922 55.21486178721352 -5999.9999999 0 2 41 -54 
112 125.1255152793788 -45.54196324531131 -6000.000000100001 5389.23805569762 3111.592265267647 -5999.999999899999 0 2 11 -55 
113 5059.17508686775 2204.751711846292 -6000.000000150002 5389.238055747621 3111.592265317646 -5999.999999850002 0 2 56 -55 
114 4276.807655896919 55.21486153721207 -6000.000000150002 5059.175087167749 2204.751712146293 -5999.999999850002 0 2 54 -56 
115 5389.238055447619 3111.592265017647 -6000.00000015 5468.871199921977 3330.382530776867 -5999.99999985 0 2 55 -46 
116 8081.156676797931 4659.969091773495 -10000.0000001 8340.495773757666 7606.085524224671 -8472.135742087499 0 2 51 -50 
117 5713.171278190021 4001.591479826187 -10000.0000001 8081.156676997934 4659.969091973498 -5999.999999899997 0 2 51 -44 
118 5810.891342947645 4270.075151262776 -6000.000000149999 6233.651526465404 5431.599208798064 -5999.999999849999 0 2 45 -57 
119 6233.651526215402 5431.599208548062 -8472.135742287503 8340.495773757668 7606.085524224672 -5999.999999899997 0 2 50 -57 
120 5468.871199671975 2646.342243875527 -10000.0000001 7348.256441443796 3330.382530726869 -5999.999999899998 0 2 52 -46 
121 6233.651526165403 5431.599208498063 -6000.000000149999 7035.843334232585 7635.603086709877 -5999.999999849999 0 2 57 -47 
122 5059.175086917749 -730.5502120161914 -10000.0000001 6119.168103181115 2204.751712096293 -5999.9999999 0 2 53 -56 
123 4167.134375415371 -1516.712874975077 -10000.0000001 6119.168103181114 -730.5502118161889 -6869.143554587499 0 2 41 -53 
124 3758.770483043631 -1710.100716728344 -6000.000000100003 4698.463104029545 -1368.080573202671 -5999.999999899997 0 2 43 -25 
125 5638.155724615451 -3420.201433356687 -10000.0000001 9396.926207959084 -2052.120859854012 -9999.999999899999 0 2 42 -6 
126 5389.238055497619 3111.592265067646 -6000.000000100001 6750.583963983555 3928.055008187108 -5999.999999899999 0 2 55 -9 
127 9058.357157872137 5976.724774502397 -10000.0000001 12817.12764121577 7344.805348005071 -9999.999999899999 0 2 49 -8 
128 7178.971916300321 7868.993301961482 -6000.0000001 7618.162590477285 8028.845634656409 -5999.9999999 0 2 19 -48 
129 5468.871199671975 3330.382530526866 -6000.000000100002 6750.583963983556 3928.055008187108 -5999.999999899998 0 2 9 -46 
130 7035.843333982584 7635.603086459876 -6000.000000100001 7618.162590477286 7868.993302161482 -5999.999999899999 0 2 19 -47 
131 5810.891342997645 3928.055007987106 -6000.000000100002 6750.583963983556 4270.075151512778 -5999.999999899998 0 2 9 -45 
132 -1.000000224848918e-07 -342.0201434256687 -1e-07 939.6926208859082 9.999999406318238e-08 1e-07 0 2 1 -58 
133 2819.077862257725 -1368.080573402676 -6000.000000100002 3758.770483243635 -1026.060429877004 -3999.999999899999 0 2 29 -43 
134 939.6926206859073 -1026.060430077006 -4000.000000100001 2819.077862457727 -342.0201432256674 1.000012161966879e-07 0 2 58 -29 
135 3420.201433156687 9054.906064433415 -1e-07 4359.894054142595 9396.926207959084 1e-07 0 2 3 -59 
136 3320.390963117515 6198.894794938219 -1e-07 4359.894054142595 9054.906064633416 1.000000147872166e-07 0 2 59 -60 
137 2649.793337314252 4356.442960503873 -1.000004249693587e-07 3320.390963317515 6198.894795138219 1.000002103183621e-07 0 2 60 -33 
138 1120.232746298426 154.0097750002238 -1.000004178327978e-07 1509.726179178521 1224.134186514655 1.00000288820532e-07 0 2 34 -31 
139 939.6926206859083 -342.0201434256686 -1e-07 1120.232746498426 154.0097752002242 1.000001860646782e-07 0 2 31 -58 
140 6239.279295514411 8028.845634456407 -6000.000000100002 7178.971916500323 8370.865777982081 -3999.999999899998 0 2 48 -39 
141 4359.894053942596 8524.73576380522 -3100.228515725 5816.524983584027 9054.906064633416 1.000000793283107e-07 0 2 40 -59 
142 4276.807655946919 55.21486158721063 -6000.000000100003 4529.178579086069 3672.402674052537 -3999.999999899999 0 2 54 -30 
143 4529.178578886067 3672.402673852534 -6000.0000001 6233.651526415405 5431.599208748065 -3999.999999899999 0 2 57 -30 
144 4529.178578886069 3672.402673852535 -6000.0000001 5713.171278390024 4001.591480026189 -3999.9999999 0 2 44 -30 
145 4529.178578886068 3330.382530526866 -6000.000000100001 5468.871199871977 3672.402674052536 -3999.999999899999 0 2 46 -30 
146 4529.178578886068 2204.751711896291 -6000.000000100003 5059.175087117752 3672.402674052536 -3999.999999899999 0 2 56 -30 
147 939.692620685908 -3420.201433356687 -1e-07 9396.926207959084 -342.0201432256686 1e-07 0 2 58 -5 
148 4359.894053942596 5976.724774502397 -1e-07 12817.12764121577 9054.906064633416 1e-07 0 2 59 -7 
149 3320.390963117514 6198.894794938218 -3100.228515725001 5816.524983584028 8524.735764005221 1.000009888230124e-07 0 2 40 -60 
150 3320.390963117514 3672.402673852535 -4000.000000100001 4529.178579086069 6198.89479513822 1.000009888230124e-07 0 2 60 -30 
9 -9.999996564147295e-08 -45.54196324531205 -6000.000000100002 342.0201434256714 939.6926208859096 -5999.999999899998 1 9 3 38 46 -14 
11 4698.46310382954 -1983.352432974457 -6000.000000100003 6750.583963983557 3928.055008187109 -5999.999999899997 1 11 3 -57 44 59 
12 5449.216024042958 -1983.352432974456 -6000.000000100001 11449.0470679131 3928.055008187108 -5999.999999899999 1 12 3 60 -59 61 
13 5449.216024042958 -3420.201433356688 -6000.000000100002 11449.0470679131 2217.954291558765 -5999.999999899998 1 13 3 43 51 -61 
14 6750.583963783553 3928.055007987106 -6000.000000100001 8118.664537286229 7868.993302161482 -5999.999999899999 1 14 3 34 35 36 
17 6750.583963783552 2217.954291358761 -6000.000000100002 12817.12764121577 5976.724774702398 -5999.999999899998 1 17 3 -60 52 63 
18 6750.583963783552 3928.055007987105 -6000.000000100002 12817.12764121577 6318.744918028066 -5999.999999899998 1 18 3 48 64 -63 
19 6750.583963783552 3928.055007987105 -6000.000000100002 11877.43502042987 7686.825491330742 -5999.999999899998 1 19 3 -64 49 -34 
20 -1.000016709440388e-07 -1.000016709440388e-07 -10000.0000001 3420.20143335669 9396.926207959084 -5999.999999899998 1 20 6 -37 4 41 40 39 38 
23 9396.926207759081 -3420.20143335669 -10000.0000001 12817.12764121577 5976.724774702399 -5999.999999899998 1 23 5 -42 8 47 -52 -51 
24 -1.000016709440388e-07 -1.000016709440388e-07 -6000.000000100002 3420.20143335669 9396.926207959084 1.000016709440388e-07 1 24 6 -53 -38 -39 -40 54 -2 
27 9396.926207759081 -3420.20143335669 -6000.000000100002 12817.12764121577 5976.724774702399 1.000021256913897e-07 1 27 5 -55 51 52 56 -6 
28 1120.232746298424 -1026.060430077006 -4000.000000100002 4529.17857908607 3672.402674052537 1.000014435703633e-07 1 28 3 65 66 67 
29 939.6926206859073 -1026.060430077006 -4000.000000100002 2819.077862457727 154.0097752002252 1.000012161966879e-07 1 29 3 139 134 -67 
30 1509.72617897852 1224.134186314654 -4000.000000100001 4529.178579086069 4356.442960703874 1.000012161966879e-07 1 30 3 71 72 73 
31 1120.232746298424 154.0097750002228 -4000.000000100001 4529.17857908607 3672.402674052537 1.000014435703633e-07 1 31 3 -73 138 -66 
35 4167.13437541537 -2052.120860054015 -10000.0000001 6119.168103181115 -730.5502118161883 -6869.143554587498 1 35 3 92 109 -123 
36 4529.178578886067 3672.402673852534 -4000.000000100002 6239.279295714415 8524.735764005223 -3100.228515524998 1 36 3 89 90 91 
37 3320.390963117514 3672.402673852534 -4000.000000100001 5816.524983584028 8524.735764005221 1.000009888230124e-07 1 37 3 -91 149 150 
38 2649.793337314251 3672.402673852534 -4000.000000100001 4529.178579086069 6198.89479513822 1.000009888230124e-07 1 38 3 137 -71 -150 
39 3320.390963117514 6198.894794938218 -3100.228515725001 5816.524983584028 9054.906064633416 1.000009888230124e-07 1 39 3 141 136 -149 
42 8081.156676797931 4659.969091773495 -10000.0000001 9058.357158072138 7606.085524224671 -8472.135742087499 1 42 3 106 103 -116 
43 -1.000021256913897e-07 -2052.120860054016 -10000.0000001 5638.155724815453 1.000032625597669e-07 -5999.999999899997 1 43 6 92 -95 37 46 94 93 
44 342.0201431756695 939.692620635908 -6000.00000015 5810.891343247647 5638.155724865451 -5999.999999849999 1 44 5 96 99 39 -98 97 
45 2052.120859804013 5638.15572456545 -6000.00000015 7178.971916550321 9396.926208009083 -5999.99999985 1 45 4 100 102 40 -101 
46 3420.201433156687 7344.805347805071 -10000.0000001 9058.357158072138 9396.926207959084 -5999.999999899999 1 46 5 -103 -105 41 -102 -104 
47 -9.999985195463523e-08 -2052.120860054013 -10000.0000001 9058.357158072138 9396.926207959084 -9999.999999899999 1 47 7 -105 -4 95 109 108 107 106 
48 3758.770482993634 -1516.712875025076 -6869.1435548375 4276.80765619692 55.21486183721163 -5999.99999985 1 48 3 -110 93 111 
49 125.1255152293797 -1368.080573452674 -6000.000000150002 5389.238055747621 3111.592265317646 -5999.99999985 1 49 5 -112 94 110 114 113 
50 125.1255152293797 -45.54196329531032 -6000.00000015 5468.871199921977 3330.382530776867 -5999.99999985 1 50 4 115 98 14 112 
51 5713.171278140023 4001.591479776189 -10000.00000015 8340.495773807665 7606.08552427467 -5999.999999849998 1 51 5 116 119 -118 -96 -117 
52 5468.871199621976 2646.34224382553 -10000.00000015 8081.156677047932 4659.969092023496 -5999.999999849999 1 52 4 -97 -120 107 117 
53 2052.120859804013 4270.075151262776 -6000.00000015 7035.843334232585 7635.603086709877 -5999.999999849999 1 53 4 -99 118 121 101 
54 6233.651526165403 5431.599208498063 -8472.135742337499 8340.495773807665 8028.845634706409 -5999.999999849998 1 54 4 -121 -119 104 -100 
55 5059.17508686775 -730.5502120661899 -10000.00000015 7348.256441493794 3330.382530776867 -5999.99999985 1 55 5 -122 108 120 -115 -113 
56 4167.134375365372 -1516.712875025076 -10000.00000015 6119.168103231113 2204.751712146293 -5999.999999850002 1 56 4 -114 -111 123 122 
57 3758.770483043631 -3420.201433356689 -10000.0000001 9396.926207959086 -1368.080573202671 -5999.999999899997 1 57 7 -42 -125 -92 -93 124 44 43 
58 3758.770482993633 -1710.100716778341 -6000.000000150002 6750.583964033554 3928.055008237107 -5999.99999985 1 58 6 -110 124 57 -126 -113 -114 
59 5638.155724615451 -3420.201433356688 -10000.0000001 12817.12764121577 7344.805348005071 -9999.999999899999 1 59 7 -127 -106 -107 -108 -109 125 8 
60 7178.97191630032 5976.724774502396 -10000.0000001 12817.12764121577 8028.84563465641 -5999.999999899999 1 60 8 -47 -127 103 104 -128 -35 -49 -48 
61 5389.238055447619 3111.592265017647 -6000.00000015 6750.583964033554 3928.055008237107 -5999.99999985 1 61 3 126 129 -115 
62 7035.843333932585 7635.603086409877 -6000.00000015 7618.162590527286 8028.845634706409 -5999.99999985 1 62 3 -130 128 -100 
63 5468.871199621976 3330.382530476867 -6000.00000015 6750.583964033554 4270.075151562776 -5999.999999849999 1 63 4 -129 131 -96 -97 
64 5810.891342947645 3928.055007937107 -6000.00000015 7618.162590527286 7868.993302211482 -5999.999999849999 1 64 5 -131 -36 130 -121 -118 
65 -1.000021256913897e-07 -1368.080573402677 -6000.000000100003 3758.770483243636 1.000033762466046e-07 1.000021256913897e-07 1 65 6 132 134 133 -94 -46 53 
66 -1.000003067019861e-07 -342.0201434256687 -1.000004440892098e-07 4359.894054142595 9396.926207959084 1.00000315076944e-07 1 66 8 -135 -2 132 -139 -138 -72 -137 -136 
67 3420.201433156685 8028.845634456407 -6000.000000100002 7178.971916500323 9396.926207959086 1.000021256913897e-07 1 67 6 135 -141 -90 -140 102 54 
68 2819.077862207726 -1368.080573452675 -6000.000000150002 4529.178579136069 3672.402674102536 -3999.99999985 1 68 4 -65 133 110 142 
69 4529.178578836068 3672.402673802536 -6000.00000015 7178.971916550322 8370.865778032077 -3999.99999985 1 69 5 -143 121 100 140 -89 
70 4529.178578836068 3672.402673802536 -6000.000000149999 6233.651526465404 5431.599208798064 -3999.99999985 1 70 4 118 143 -144 96 
71 4529.178578836068 3330.382530476867 -6000.00000015 5713.171278440023 4001.591480076189 -3999.99999985 1 71 3 -145 97 144 
72 4529.178578836068 2204.751711846292 -6000.000000150002 5468.871199921977 3672.402674102535 -3999.99999985 1 72 4 -146 113 115 145 
73 4276.807655896919 55.21486153721162 -6000.000000150002 5059.175087167751 3672.402674102535 -3999.99999985 1 73 3 -142 114 146 
74 939.6926206859061 -3420.201433356689 -6000.000000100003 9396.926207959086 -342.0201432256663 1.000021256913897e-07 1 74 7 -55 -43 -44 -124 -133 -134 147 
75 939.692620685908 -3420.201433356688 -1.000004440892098e-07 12817.12764121577 9054.906064633416 1.00000315076944e-07 1 75 8 -148 136 137 72 138 139 147 6 
76 4359.894053942594 5976.724774502395 -6000.000000100002 12817.12764121577 9054.906064633418 1.000021256913897e-07 1 76 9 -56 48 49 35 128 140 90 141 148 
1 -1.500002326793037e-07 -2052.120860104014 -10000.00000015 9058.357158122137 9396.926208009083 -5999.999999849998 1 1 18 -20 -43 9 44 45 46 -47 35 48 49 50 51 52 53 54 42 55 56 
2 3758.770482993634 -3420.201433406688 -10000.00000015 12817.12764126577 8028.845634706409 -5999.999999849998 1 2 24 -57 23 13 11 58 -48 -35 -59 17 60 12 -56 -55 61 -52 -42 18 19 14 62 -54 63 -51 64 
3 -1.499997779319528e-07 -1368.080573452675 -6000.000000150002 7178.971916550322 9396.926208009083 1.500002326793037e-07 1 3 24 -24 -65 66 67 -45 -44 -9 -49 68 29 39 38 30 31 69 36 -53 70 71 -50 72 73 28 37 
4 939.6926206359085 -3420.201433406688 -6000.000000150002 12817.12764126577 9054.906064683415 1.500002326793037e-07 1 4 30 -74 27 75 -29 -68 -58 -11 -13 76 -17 -31 -30 -38 -39 -28 -73 -72 -61 -12 -36 -69 -62 -14 -19 -18 -37 -71 -63 -70 -64 
$EndEntities
$Nodes
189 1547 1 1547
0 1 0 1
1
0 0 0
0 2 0 1
2
0 0 -10000
0 3 0 1
3
3420.201433256687 9396.926207859084 0
0 4 0 1
4
3420.201433256687 9396.926207859084 -10000
0 5 0 1
5
9396.926207859084 -3420.201433256687 0
0 6 0 1
6
9396.926207859084 -3420.201433256687 -10000
0 7 0 1
7
12817.12764111577 5976.724774602397 0
0 8 0 1
8
12817.12764111577 5976.724774602397 -10000
0 9 0 1
9
6750.583963883554 3928.055008087107 -6000
0 10 0 1
10
342.0201433256698 939.692620785908 -6000
0 11 0 1
11
125.1255153793796 -45.54196314531041 -6000
0 18 0 1
12
8118.664537186229 7686.82549123074 -6000
0 19 0 1
13
7618.162590377286 7868.993302061482 -6000
0 20 0 1
14
1.635111706470137e-12 1.100284153845948e-12 -6000
0 21 0 1
15
2052.120859954013 5638.155724715451 -6000
0 22 0 1
16
3420.201433256688 9396.926207859084 -6000
0 23 0 1
17
9396.926207859084 -3420.201433256686 -6000
0 24 0 1
18
5449.216024142959 -1983.352432874455 -6000
0 25 0 1
19
4698.463103929543 -1710.100716628341 -6000
0 26 0 1
20
12817.12764111577 5976.724774602397 -6000
0 27 0 1
21
11877.43502032986 6318.744917928065 -6000
0 28 0 1
22
11449.0470678131 2217.954291458763 -6000
0 29 0 1
23
2819.077862357726 -1026.060429977005 -4000
0 30 0 1
24
4529.178578986069 3672.402673952536 -4000
0 31 0 1
25
1120.232746398426 154.0097751002241 9.303233910237102e-14
0 33 0 1
26
2649.793337414252 4356.442960603873 -2.220446049250313e-13
0 34 0 1
27
1509.726179078521 1224.134186414655 -2.220446049250313e-13
0 39 0 1
28
6239.279295614413 8370.865777882078 -4000
0 40 0 1
29
5816.524983484027 8524.735763905221 -3100.228515625
0 41 0 1
30
4167.134375515372 -1516.712874875076 -6869.1435546875
0 42 0 1
31
5638.155724715451 -2052.120859954014 -10000
0 43 0 1
32
3758.770483143634 -1368.080573302674 -6000
0 44 0 1
33
5713.171278290023 4001.591479926189 -5999.999999999999
0 45 0 1
34
5810.891343097646 4270.075151412776 -6000
0 46 0 1
35
5468.871199771977 3330.382530626867 -6000
0 47 0 1
36
7035.843334082585 7635.603086559877 -6000
0 48 0 1
37
7178.971916400321 8028.845634556409 -6000
0 49 0 1
38
9058.357157972137 7344.805347905071 -10000
0 50 0 1
39
8340.495773657665 7606.08552412467 -8472.1357421875
0 51 0 1
40
8081.156676897932 4659.969091873496 -10000
0 52 0 1
41
7348.256441343794 2646.34224397553 -10000
0 53 0 1
42
6119.168103081113 -730.5502119161899 -10000
0 54 0 1
43
4276.80765604692 55.21486168721151 -6000.000000000002
0 55 0 1
44
5389.23805559762 3111.592265167646 -6000
0 56 0 1
45
5059.175087017751 2204.751711996292 -6000.000000000002
0 57 0 1
46
6233.651526315403 5431.599208648064 -5999.999999999999
0 58 0 1
47
939.6926207859084 -342.0201433256685 9.303233910237102e-14
0 59 0 1
48
4359.894054042596 9054.906064533416 7.393608295047649e-15
0 60 0 1
49
3320.390963217515 6198.894795038219 7.393608295047649e-15
1 2 0 9
50
51
52
53
54
55
56
57
58
342.0201433256687 939.6926207859084 0
684.0402866513374 1879.385241571817 0
1026.060429977006 2819.077862357725 0
1368.080573302675 3758.770483143634 0
1710.100716628344 4698.463103929542 0
2052.120859954012 5638.155724715451 0
2394.141003279681 6577.848345501359 0
2736.16114660535 7517.540966287267 0
3078.181289931018 8457.233587073177 0
1 4 0 9
59
60
61
62
63
64
65
66
67
342.0201433256687 939.6926207859084 -10000
684.0402866513374 1879.385241571817 -10000
1026.060429977006 2819.077862357725 -10000
1368.080573302675 3758.770483143634 -10000
1710.100716628344 4698.463103929542 -10000
2052.120859954012 5638.155724715451 -10000
2394.141003279681 6577.848345501359 -10000
2736.16114660535 7517.540966287267 -10000
3078.181289931018 8457.233587073177 -10000
1 6 0 9
68
69
70
71
72
73
74
75
76
9738.946351184752 -2480.508812470779 0
10080.96649451042 -1540.816191684871 0
10422.98663783609 -601.123570898962 0
10765.00678116176 338.5690498869462 0
11107.02692448743 1278.261670672855 0
11449.0470678131 2217.954291458763 0
11791.06721113876 3157.646912244672 0
12133.08735446443 4097.339533030579 0
12475.1074977901 5037.03215381649 0
1 8 0 9
77
78
79
80
81
82
83
84
85
9738.946351184752 -2480.508812470779 -10000
10080.96649451042 -1540.816191684871 -10000
10422.98663783609 -601.123570898962 -10000
10765.00678116176 338.5690498869462 -10000
11107.02692448743 1278.261670672855 -10000
11449.0470678131 2217.954291458763 -10000
11791.06721113876 3157.646912244672 -10000
12133.08735446443 4097.339533030579 -10000
12475.1074977901 5037.03215381649 -10000
1 34 0 3
86
87
88
7092.604107209223 4867.747628873016 -6000
7434.624250534891 5807.440249658924 -6000
7776.64439386056 6747.132870444831 -6000
1 36 0 4
89
90
91
92
7444.646865078539 7080.805643266605 -6000
7271.131139779793 6292.61798447173 -6000
7097.615414481046 5504.430325676856 -6000
6924.099689182301 4716.242666881983 -6000
1 37 0 3
93
94
95
0 0 -9000
0 0 -8000
0 0 -7000
1 39 0 4
96
97
98
99
1710.100716628345 4698.463103929542 -6000
1368.080573302676 3758.770483143633 -6000
1026.060429977007 2819.077862357724 -6000
684.0402866513384 1879.385241571816 -6000
1 40 0 3
100
101
102
3078.181289931019 8457.233587073175 -6000
2736.161146605351 7517.540966287267 -6000
2394.141003279682 6577.848345501359 -6000
1 41 0 3
103
104
105
3420.201433256687 9396.926207859084 -9000
3420.201433256687 9396.926207859084 -8000
3420.201433256687 9396.926207859084 -7000
1 42 0 3
106
107
108
9396.926207859084 -3420.201433256687 -9000
9396.926207859084 -3420.201433256687 -8000
9396.926207859084 -3420.201433256687 -7000
1 43 0 4
109
110
111
112
6238.758060886184 -2270.722232950901 -6000
7028.300097629408 -2558.092033027347 -6000
7817.842134372632 -2845.461833103793 -6000
8607.384171115857 -3132.831633180239 -6000
1 47 0 3
113
114
115
12817.12764111577 5976.724774602397 -9000
12817.12764111577 5976.724774602397 -8000
12817.12764111577 5976.724774602397 -7000
1 49 0 3
116
117
118
10937.74239954395 6660.765061253734 -6000
9998.049778758046 7002.785204579402 -6000
9058.357157972137 7344.805347905071 -6000
1 51 0 5
119
120
121
122
123
9738.946351184752 -2480.508812470778 -6000
10080.96649451042 -1540.81619168487 -6000
10422.98663783609 -601.1235708989616 -6000
10765.00678116176 338.5690498869467 -6000
11107.02692448743 1278.261670672854 -6000
1 52 0 3
124
125
126
11791.06721113876 3157.646912244672 -6000
12133.08735446443 4097.33953303058 -6000
12475.1074977901 5037.032153816488 -6000
1 53 0 5
127
128
129
130
131
0 0 -5000
0 0 -4000
0 0 -3000
0 0 -2000
0 0 -1000
1 54 0 5
132
133
134
135
136
3420.201433256687 9396.926207859084 -5000
3420.201433256687 9396.926207859084 -4000
3420.201433256687 9396.926207859084 -3000
3420.201433256687 9396.926207859084 -2000
3420.201433256687 9396.926207859084 -1000
1 55 0 5
137
138
139
140
141
9396.926207859084 -3420.201433256687 -5000
9396.926207859084 -3420.201433256687 -4000
9396.926207859084 -3420.201433256687 -3000
9396.926207859084 -3420.201433256687 -2000
9396.926207859084 -3420.201433256687 -1000
1 56 0 5
142
143
144
145
146
12817.12764111577 5976.724774602397 -5000
12817.12764111577 5976.724774602397 -4000
12817.12764111577 5976.724774602397 -3000
12817.12764111577 5976.724774602397 -2000
12817.12764111577 5976.724774602397 -1000
1 57 0 5
147
148
149
150
151
5040.483247255212 -770.4080958424332 -6000
5382.50339058088 169.2845249434749 -6000
5724.523533906548 1108.977145729383 -6000
6066.543677232217 2048.669766515291 -6000
6408.563820557885 2988.362387301198 -6000
1 59 0 6
152
153
154
155
156
157
5635.125729820187 -1138.86565559423 -6000
5821.035435497416 -294.3788783140046 -6000
6006.945141174644 550.1078989662215 -6000
6192.854846851873 1394.594676246448 -6000
6378.764552529101 2239.08145352667 -6000
6564.674258206327 3083.568230806889 -6000
1 60 0 4
158
159
160
161
10509.35444702719 2559.974434784432 -6000
9569.661826241279 2901.994578110101 -6000
8629.969205455371 3244.014721435769 -6000
7690.276584669463 3586.034864761438 -6000
1 61 0 7
162
163
164
165
166
167
168
6199.194904601728 -1458.189092332801 -6000
6949.173785060495 -933.0257517911489 -6000
7699.152665519265 -407.8624112494947 -6000
8449.131545978034 117.3009292921597 -6000
9199.1104264368 642.4642698338121 -6000
9949.089306895567 1167.627610375463 -6000
10699.06818735433 1692.790950917113 -6000
1 63 0 6
169
170
171
172
173
174
11950.47854436831 5684.057665100212 -6000
11083.82944762085 5391.390555598028 -6000
10217.18035087339 5098.723446095844 -6000
9350.531254125932 4806.05633659366 -6000
8483.882157378473 4513.389227091476 -6000
7617.233060631013 4220.722117589292 -6000
1 64 0 5
175
176
177
178
179
11022.95984425548 5920.296599621237 -6000
10168.48466818109 5521.84828131441 -6000
9314.009492106705 5123.399963007584 -6000
8459.534316032321 4724.951644700758 -6000
7605.059139957937 4326.503326393932 -6000
1 65 0 4
180
181
182
183
3161.098005683394 -86.36780919109685 -4000
3503.118149009063 853.3248115948111 -4000
3845.138292334732 1793.017432380719 -4000
4187.1584356604 2732.710053166627 -4000
1 66 0 6
184
185
186
187
188
189
4042.186317187835 3169.775116973635 -3428.57142857143
3555.194055389602 2667.147559994735 -2857.142857142861
3068.201793591367 2164.520003015833 -2285.714285714289
2581.209531793132 1661.892446036931 -1714.285714285716
2094.217269994896 1159.264889058029 -1142.857142857144
1607.225008196661 656.6373320791263 -571.4285714285725
1 67 0 4
190
191
192
193
1460.001769590286 -82.00426591522168 -799.9999999999999
1799.770792782146 -318.0183069306674 -1600
2139.539815974005 -554.0323479461131 -2400
2479.308839165866 -790.0463889615589 -3200
1 71 0 4
194
195
196
197
4153.301530671706 3809.210731282803 -3200.000000000001
3777.424482357343 3946.01878861307 -2400.000000000002
3401.54743404298 4082.826845943338 -1600.000000000003
3025.670385728617 4219.634903273605 -800.0000000000041
1 72 0 3
198
199
200
2364.77654783032 3573.365767056571 -2.220446049250313e-13
2079.759758246387 2790.288573509266 -2.220446049250313e-13
1794.742968662454 2007.21137996196 -2.220446049250313e-13
1 73 0 5
201
202
203
204
205
2012.968245729778 1632.178934337634 -666.6666666666662
2516.210312381035 2040.223682260613 -1333.333333333331
3019.452379032293 2448.268430183594 -1999.999999999998
3522.694445683552 2856.313178106575 -2666.666666666666
4025.93651233481 3264.357926029555 -3333.333333333333
1 89 0 4
206
207
208
209
4871.198722311738 4612.095294738444 -4000
5213.218865637406 5551.787915524352 -4000
5555.239008963075 6491.480536310261 -4000
5897.259152288744 7431.173157096168 -4000
1 91 0 5
210
211
212
213
214
5601.967249401034 7716.01358224644 -3250.1904296875
5387.409515318041 6907.291400587659 -3400.15234375
5172.851781235047 6098.569218928878 -3550.1142578125
4958.294047152055 5289.847037270098 -3700.076171875
4743.736313069062 4481.124855611317 -3850.0380859375
1 92 0 3
215
216
217
4534.889712815392 -1650.564871144811 -7651.857666015626
4902.645050115413 -1784.416867414546 -8434.571777343754
5270.400387415432 -1918.26886368428 -9217.285888671879
1 94 0 3
218
219
220
1033.536757320444 -376.1766156846513 -6000
1941.947999261507 -706.8112682239918 -6000
2850.35924120257 -1037.445920763332 -6000
1 95 0 5
221
222
223
224
225
939.6926207859084 -342.0201433256687 -10000
1879.385241571817 -684.0402866513374 -10000
2819.077862357725 -1026.060429977006 -10000
3758.770483143634 -1368.080573302675 -10000
4698.463103929542 -1710.100716628344 -10000
1 98 0 5
226
227
228
229
230
4614.39602369759 2931.934212320039 -6000
3759.920847623202 2533.485894013211 -6000
2905.445671548819 2135.037575706386 -6000
2050.970495474436 1736.589257399559 -6000
1196.495319400053 1338.140939092734 -6000
1 99 0 3
231
232
233
4871.198722311738 4612.095294738445 -6000
3931.50610152583 4954.115438064113 -6000
2991.813480739922 5296.135581389782 -6000
1 101 0 5
234
235
236
237
238
6205.222921727823 7302.695192919139 -6000
5374.60250937306 6969.787299278401 -6000
4543.982097018296 6636.879405637663 -6000
3713.361684663532 6303.971511996924 -6000
2882.741272308771 5971.063618356187 -6000
1 102 0 3
239
240
241
6239.279295614413 8370.865777882078 -6000
5299.586674828504 8712.885921207746 -6000
4359.894054042597 9054.906064533416 -6000
1 103 0 1
242
8699.4264658149 7475.445436014871 -9236.06787109375
1 104 0 2
243
244
7953.321154571884 7747.005560935249 -7648.090494791668
7566.146535486103 7887.925597745829 -6824.045247395835
1 105 0 5
245
246
247
248
249
4359.894054042596 9054.906064533416 -10000
5299.586674828504 8712.885921207746 -10000
6239.279295614413 8370.865777882078 -10000
7178.971916400321 8028.845634556409 -10000
8118.664537186229 7686.82549123074 -10000
1 106 0 2
250
251
8406.890170589333 5554.914510550688 -10000
8732.623664280736 6449.85992922788 -10000
1 107 0 2
252
253
7592.55651986184 3317.551193274852 -10000
7836.856598379886 3988.760142574174 -10000
1 108 0 3
254
255
256
6426.440187646783 113.6729020567371 -10000
6733.712272212451 957.8960160296642 -10000
7040.984356778123 1802.119130002596 -10000
1 109 0 1
257
5878.661913898282 -1391.335535935102 -10000
1 110 0 1
258
4017.789069595278 -656.4328558077312 -6000.000000000002
1 111 0 1
259
4221.971015781146 -730.7490065939303 -6434.57177734375
1 112 0 6
260
261
262
263
264
265
877.1415925534126 405.4772123279684 -6000
1629.157669727446 856.4963878012477 -6000
2381.173746901479 1307.515563274526 -6000
3133.18982407551 1758.534738747804 -6000
3885.205901249543 2209.553914221083 -6000
4637.221978423582 2660.573089694365 -6000
1 114 0 2
266
267
4537.596799703862 771.7271451235738 -6000.000000000002
4798.385943360806 1488.239428559933 -6000.000000000002
1 116 0 3
268
269
270
8145.991451087865 5396.49819993629 -9618.033935546875
8210.826225277799 6133.027307999083 -9236.06787109375
8275.660999467733 6869.556416061876 -8854.101806640625
1 117 0 4
271
272
273
274
7607.55959717635 4528.293569484034 -9199.999999999998
7133.962517454766 4396.618047094573 -8399.999999999996
6660.365437733184 4264.942524705111 -7599.999999999995
6186.768358011601 4133.26700231565 -6799.999999999994
1 118 0 1
275
6022.271434706524 4850.837180030418 -5999.999999999999
1 119 0 3
276
277
278
7813.784711822098 7062.463945255517 -7854.101806640623
7287.073649986531 6518.842366386364 -7236.067871093746
6760.362588150967 5975.220787517213 -6618.033935546872
1 120 0 4
279
280
281
282
6972.379393029431 2783.150301305797 -9200
6596.502344715068 2919.958358636064 -8400.000000000002
6220.625296400705 3056.766415966331 -7600.000000000003
5844.748248086342 3193.574473296599 -6800.000000000004
1 121 0 2
283
284
6501.048795571131 6166.267167952001 -5999.999999999999
6768.446064826858 6900.935127255938 -5999.999999999999
1 122 0 5
285
286
287
288
289
5942.502600403886 -241.333224597443 -9333.333333333334
5765.83709772666 247.8837627213039 -8666.666666666668
5589.171595049432 737.100750040051 -8000.000000000001
5412.506092372205 1226.317737358798 -7333.333333333336
5235.840589694978 1715.534724677545 -6666.66666666667
1 123 0 3
290
291
292
4655.142807406806 -1320.172209135355 -7651.857666015624
5143.15123929824 -1123.631543395634 -8434.571777343746
5631.159671189676 -927.0908776559121 -9217.285888671873
1 125 0 3
293
294
295
6577.848345501359 -2394.141003279681 -10000
7517.540966287267 -2736.16114660535 -10000
8457.233587073177 -3078.181289931018 -10000
1 126 0 1
296
6069.911009740587 3519.823636627377 -6000
1 127 0 3
297
298
299
9998.049778758046 7002.785204579402 -10000
10937.74239954395 6660.765061253735 -10000
11877.43502032986 6318.744917928065 -10000
1 129 0 1
300
6109.727581827764 3629.218769356987 -6000
1 133 0 2
301
302
3132.308735953028 -1140.067144418895 -4666.666666666666
3445.53960954833 -1254.073858860785 -5333.333333333332
1 134 0 4
303
304
305
306
1315.569669100272 -478.8282006559357 -799.9999999999992
1691.446717414635 -615.6362579862027 -1599.999999999998
2067.323765728997 -752.44431531647 -2399.999999999997
2443.20081404336 -889.2523726467371 -3199.999999999996
1 136 0 3
307
308
309
4100.018281336326 8340.903247159618 7.393608295047649e-15
3840.142508630057 7626.900429785822 7.393608295047649e-15
3580.266735923787 6912.897612412022 7.393608295047649e-15
1 137 0 1
310
2985.092150315884 5277.668877821046 -1.073254983149918e-13
1 138 0 1
311
1314.979462738474 689.0719807574394 -6.450613291133014e-14
1 140 0 2
312
313
6865.741042805019 8142.852348998298 -5333.333333333334
6552.510169209717 8256.859063440188 -4666.666666666669
1 141 0 3
314
315
316
5452.36725112367 8657.27833906227 -2325.171386718752
5088.209518763313 8789.820914219317 -1550.114257812505
4724.051786402955 8922.363489376366 -775.0571289062536
1 142 0 4
317
318
319
320
4327.28184063475 778.6524241402772 -5600.000000000001
4377.756025222579 1502.089986593345 -5199.999999999999
4428.230209810409 2225.52754904641 -4799.999999999998
4478.704394398239 2948.965111499473 -4399.999999999999
1 143 0 3
321
322
323
5807.53328948307 4991.800074974182 -5500
5381.415052650736 4552.000941300301 -5000
4955.296815818403 4112.201807626418 -4500
1 144 0 2
324
325
5318.507045188704 3891.861877934971 -5333.333333333332
4923.842812087385 3782.132275943753 -4666.666666666664
1 145 0 2
326
327
5155.640326176675 3444.389245068756 -5333.333333333334
4842.409452581373 3558.395959510646 -4666.666666666668
1 146 0 2
328
329
4882.509584340523 2693.968699315039 -5333.333333333336
4705.844081663296 3183.185686633787 -4666.666666666669
1 147 0 8
330
331
332
333
334
335
336
337
1879.385241571817 -684.0402866513374 0
2819.077862357725 -1026.060429977006 0
3758.770483143634 -1368.080573302675 0
4698.463103929542 -1710.100716628344 0
5638.155724715451 -2052.120859954012 0
6577.848345501359 -2394.141003279681 0
7517.540966287267 -2736.16114660535 0
8457.233587073177 -3078.181289931018 0
1 148 0 8
338
339
340
341
342
343
344
345
5299.586674828503 8712.885921207746 0
6239.279295614412 8370.865777882078 0
7178.97191640032 8028.845634556409 0
8118.664537186229 7686.82549123074 0
9058.357157972137 7344.805347905071 0
9998.049778758046 7002.785204579402 0
10937.74239954395 6660.765061253735 0
11877.43502032986 6318.744917928065 0
1 149 0 4
346
347
348
349
5317.298179430724 8059.56757013182 -2480.182812499999
4818.071375377421 7594.399376358419 -1860.137109374998
4318.844571324118 7129.231182585017 -1240.091406249998
3819.617767270815 6664.062988811616 -620.0457031249962
1 150 0 4
350
351
352
353
3562.148486371226 5693.596370821082 -800.0000000000007
3803.906009524936 5188.297946603946 -1599.999999999999
4045.663532678648 4682.999522386807 -2400.000000000002
4287.421055832359 4177.701098169669 -3200.000000000005
2 9 0 0
2 11 0 1
354
5205.822026286975 -1400.681725234865 -6000
2 12 0 13
355
356
357
358
359
360
361
362
363
364
365
366
367
8359.24436093407 985.6732351254836 -5999.999999999999
8062.014652927105 2688.862112683635 -5999.999999999999
6841.285464488077 838.8551394405356 -5999.999999999999
8873.778635881295 2361.975398668515 -5999.999999999999
7034.294741955066 1670.033249387793 -5999.999999999999
6645.337290620757 -33.13801760045953 -5999.999999999999
7658.784543512174 507.6720066757082 -5999.999999999999
9788.435669868701 2041.168573362198 -5999.999999999999
9065.744135894112 1493.008684904833 -5999.999999999999
6249.973429120117 -771.5194791265289 -5999.999999999999
8017.543562491095 1852.759897192068 -5999.999999999999
7291.261392129692 2520.056634726416 -5999.999999999999
7618.805526947521 1226.391847947594 -5999.999999999999
2 13 0 12
368
369
370
371
372
373
374
375
376
377
378
379
9096.158741498213 -1714.4643693518 -6000
7743.607396913906 -2051.606211915541 -6000
9319.945108690072 -245.8730634047153 -6000
8611.506685225351 -872.0638476400128 -6000
8461.482699890903 -2305.383271966678 -6000
6997.796205192127 -1747.829403519421 -6000
7803.452469941751 -1229.619968635195 -6000
10032.24901878714 404.5492233288626 -6000
10510.48804373724 976.3597010362475 -6000
9483.081250718868 -1029.425719923946 -6000
8360.982427099154 -1627.242866999463 -6000
9060.179634309761 -2610.677904045237 -6000
2 14 0 1
380
7739.529596625654 7345.939326750915 -6000
2 17 0 8
381
382
383
384
385
386
387
388
10392.08545359093 3542.073250450934 -5999.999999999999
10807.15880552803 4479.931652822257 -5999.999999999999
9242.665798061837 3897.063553209091 -5999.999999999999
11600.92327891736 4731.444896814999 -5999.999999999999
8332.80536123923 3892.244896817413 -5999.999999999999
10001.92433243602 4364.769647834357 -5999.999999999999
11260.87394978509 3793.75331128584 -5999.999999999999
11089.67717793516 3000.584999647851 -5999.999999999999
2 18 0 0
2 19 0 5
389
390
391
392
393
9426.708716008665 6236.176275829261 -6000
8395.368695404568 5773.116995584326 -6000
10310.78908134945 6268.374284519608 -6000
7797.438101827788 5099.951969042191 -6000
8556.191156972689 6748.546627191522 -6000
2 20 0 39
394
395
396
397
398
399
400
401
402
403
404
405
406
407
408
409
410
411
412
413
414
415
416
417
418
419
420
421
422
423
424
425
426
427
428
429
430
431
432
2260.86017252487 6211.662272556361 -6845.235002224859
855.0503583141715 2349.23155196477 -6866.025403784439
1539.090644965509 4228.616793536588 -9133.974596215561
2565.151074942516 7047.694655894314 -9133.974596215561
857.8456949694968 2356.91167630505 -9138.69329013439
1539.090644965509 4228.616793536587 -6866.025403784439
3151.690459267037 8659.198369946755 -7424.729241694962
293.402796070699 806.1175570090949 -8533.030857431795
2905.721952619415 7983.405452035438 -9153.227954944168
2736.861175867192 7519.464280877138 -8329.641742495003
2409.773443938876 6620.79812322346 -8304.422821801054
2572.242942720941 7067.179402477296 -7417.022845087349
2225.736338393379 6115.160331395421 -9140.053534443883
2043.595487163471 5614.732455481007 -8267.082110690253
1197.07050163984 3288.924172750678 -6823.654286866704
1311.07721608173 3602.155046345982 -7614.946615108523
1700.739469483845 4672.7432887821 -7733.750775329312
1197.536391082395 3290.20419347406 -9177.132162119768
1024.135965751456 2813.790440353478 -8260.622527108984
614.5693483050684 1688.515407157118 -8345.755616519511
1880.124127288843 5165.598585497925 -9177.214355881206
1885.838787251765 5181.299484705914 -6820.472547900179
318.1219547182041 874.0328872210317 -7531.228191436227
3105.728535731853 8532.919022879136 -8408.985149395894
507.0423985747748 1393.087540790305 -9214.23815941947
522.6066884213403 1435.85007569359 -6768.200777917153
2884.937588233186 7926.300880206555 -6815.522307968855
2044.500168948878 5617.218048258204 -7454.465951867418
2565.151074942516 7047.694655894315 -6611.798702278027
1014.673061435896 2787.791324424016 -7409.029819516403
1413.780067332213 3884.328811070292 -8407.100428303282
1715.465959246777 4713.203986873583 -8543.824453283924
713.765763558049 1961.055318155527 -7515.788448999381
2890.292140364042 7941.012391277376 -7679.180257328413
250.376122126379 687.9027419128394 -6732.050807568878
250.376122126379 687.9027419128391 -9267.949192431122
3169.825311130309 8709.023465946246 -9267.949192431124
3176.636410954767 8727.736808915597 -6706.418616225639
2266.194443059407 6226.318060399265 -7657.645746334187
2 23 0 39
433
434
435
436
437
438
439
440
441
442
443
444
445
446
447
448
449
450
451
452
453
454
455
456
457
458
459
460
461
462
463
464
465
466
467
468
469
470
471
11962.0772828016 3627.493222637626 -6866.025403784439
11278.03699615026 1748.107981065808 -6866.025403784439
10593.99670949892 -131.2772605060077 -9133.974596215561
10251.97656617326 -1070.969881291916 -6866.025403784441
11584.49634967131 2590.098134845549 -9116.1856737584
12525.3387334155 5175.041339448571 -8541.203875044572
9665.437181848733 -2682.473595344359 -8575.27075830504
11620.05713947593 2687.800601851718 -6823.654286866703
11475.99652560454 2291.997318207303 -7738.818437535369
11111.518500786 1290.602175130947 -7733.178745896629
11308.9875831314 1833.144019915353 -8527.969249059581
10941.08001900741 822.3262950381345 -8606.775072004501
10766.59923824199 342.9442897563345 -7691.317490480969
10937.03085838773 811.2013176678133 -6859.424507324415
11962.0772828016 3627.493222637626 -9133.974596215563
11791.06721113876 3157.646912244673 -8267.949192431124
12204.91813777132 4294.692988187991 -8355.379439193151
12300.12064118704 4556.259716598246 -6770.823070515407
10594.43111993949 -130.0837276297907 -6858.136368193118
10423.32444908956 -600.1954421080281 -7681.575965204605
10080.08122284936 -1543.248455583716 -7665.154676899056
10251.97656617325 -1070.969881291919 -8598.07621135332
9910.953205350548 -2007.923864658829 -6849.370736077513
12311.21342087206 4586.736878301803 -9216.417850480735
12505.11588509723 5119.479520337067 -7551.517300913382
9711.33403134871 -2556.373037719063 -7590.749045544489
9932.913712859976 -1947.587866156916 -9186.018412076113
11796.45710269705 3172.455517594381 -7434.85428533602
12104.66260850091 4019.243185342069 -7523.015065086125
11221.10913282254 1591.699962035092 -9273.188548757411
10251.97656617326 -1070.969881291916 -9388.201297721977
10925.64391339561 779.9159434254038 -9402.787643395495
10595.39539640223 -127.4343998222976 -8342.343867051792
9948.345930527974 -1905.188196581981 -8391.144278166934
9647.302329985463 -2732.298691343848 -6732.050807568878
12566.75151898939 5288.822032689559 -6732.050807568878
12566.75151898939 5288.822032689559 -9267.949192431124
9640.52890508694 -2750.908523304911 -9293.661596188198
11542.14168250642 2473.729643201494 -8425.098418586831
2 24 0 58
472
473
474
475
476
477
478
479
480
481
482
483
484
485
486
487
488
489
490
491
492
493
494
495
496
497
498
499
500
501
502
503
504
505
506
507
508
509
510
511
512
513
514
515
516
517
518
519
520
521
522
523
524
525
526
527
528
529
2223.130931616847 6108.002035108405 -5133.97459621556
1197.070501639841 3288.92417275068 -866.0254037844388
1539.090644965509 4228.616793536587 -5133.974596215561
1917.522758019757 5268.350478949632 -961.9345097875594
3116.301821959659 8561.968888039464 -2509.201999016568
297.2686986963143 816.7390371787833 -3359.154135448609
2565.151074942515 7047.694655894314 -866.0254037844388
855.0503583141715 2349.23155196477 -5133.97459621556
2893.943543190927 7951.044538093576 -5156.303695584817
514.4794806372722 1413.520755823647 -846.7720450558318
1197.07050163984 3288.924172750678 -5133.974596215561
1368.080573302675 3758.770483143633 -4267.949192431122
1710.100716628343 4698.46310392954 -4267.949192431121
1539.090644965509 4228.616793536587 -3419.58127300273
1881.110788291177 5168.309414322494 -3404.866702706025
1197.07050163984 3288.924172750679 -3411.882629434748
1710.100716628343 4698.46310392954 -2535.898384862245
2066.099812693548 5676.562581714948 -2559.986171120818
2225.460757073435 6114.403177941653 -3406.428905366336
2396.859132979034 6585.31634547348 -2558.321353047994
2565.992400801838 7050.006179695207 -3406.41180279758
2237.108765147937 6146.40581710797 -1629.51703614192
2745.364297304622 7542.826415021355 -2550.672374596063
2907.171218268184 7987.387276680221 -3401.923788646672
2869.74472360929 7884.558827715572 -1656.949862744923
2734.096755069028 7511.869097156309 -4272.418711351143
3105.218724918612 8531.518329181561 -4371.227912573392
2394.325463242946 6578.355145085222 -4270.192967396217
2562.633140500796 7040.776687872022 -5138.81499509129
1545.159306586939 4245.290304307777 -864.3527704289154
1368.080573302675 3758.770483143634 -1732.050807568878
1026.060429977007 2819.077862357728 -1567.599142741026
1026.060429977006 2819.077862357724 -4269.608999229133
855.6884841989322 2350.98478842392 -3465.874505076971
685.5287853925061 1883.474858252064 -4327.335589048997
514.5698899388491 1413.769153338238 -5156.835000414154
1881.110788291178 5168.309414322496 -5133.974596215561
855.2919025889672 2349.89518940557 -835.4078998583609
296.1981327260239 813.7976813493738 -2500
2052.539907523987 5639.307048451634 -4269.564493388471
678.1050366969234 1863.078276343245 -1751.040246734212
289.859795364433 796.3832425715171 -1471.643849893153
624.0708345754375 1714.620526136216 -2694.343975134889
319.0625883200713 876.617256802142 -4396.284302518537
1701.169571853222 4673.924985330015 -1581.138651443502
1368.080573302675 3758.770483143634 -2748.251277173424
2233.20889226878 6135.691004433746 -691.4953899427837
1019.400575268276 2800.780061928642 -2527.367734557145
2562.84559879668 7041.360412242539 -1852.297206063067
2907.171218268184 7987.387276680221 -751.0033819978726
3191.801382880677 8769.402226848699 -3488.668976480447
3150.975077339908 8657.23287425568 -1440.362616281836
569.3559208655632 1564.292536210928 -3560.267470278673
3169.825311130308 8709.023465946246 -5267.949192431121
250.3761221263788 687.9027419128386 -5267.949192431122
250.3761221263785 687.9027419128379 -732.050807568874
3172.229833688944 8715.629837380666 -725.0204539316474
1950.923214692013 5360.117479456128 -1826.849702245308
2 27 0 59
530
531
532
533
534
535
536
537
538
539
540
541
542
543
544
545
546
547
548
549
550
551
552
553
554
555
556
557
558
559
560
561
562
563
564
565
566
567
568
569
570
571
572
573
574
575
576
577
578
579
580
581
582
583
584
585
586
587
588
10936.01685282459 808.4153602799011 -5133.974596215562
11620.05713947593 2687.800601851718 -866.0254037844388
10593.99670949892 -131.2772605060077 -866.0254037844388
11634.58213480978 2727.707698549147 -5176.151133409936
10255.71630300212 -1060.695038799917 -5094.944114347485
9703.47753697858 -2577.958578597066 -2413.274345293421
12504.49512067948 5117.773984116495 -3429.238599184521
12290.86975105001 4530.843104836888 -843.6963044151835
12306.01702890365 4572.459908705952 -5031.187179287805
9681.838520302967 -2637.411288292517 -4513.762350013442
9911.405688496356 -2006.68067743304 -846.7720450558318
11959.87267028872 3621.436099539851 -862.303887222899
11790.69977571995 3156.637391728377 -1731.430554808623
11448.98582857663 2217.786038039381 -1731.947432108835
11619.98569370005 2687.604306195769 -2580.298122293887
11278.01488198154 1748.047222886589 -2595.095967266737
11962.00413593581 3627.292253275582 -2577.352336693994
11485.91370834471 2319.244553850529 -3572.970304930609
11107.02692448743 1278.261670672856 -3464.101615137752
10936.01316712981 808.4052339166988 -2597.579504005552
10765.0061668793 338.5673621597484 -3446.361346223747
10593.99599283605 -131.2792295210738 -2595.036715309689
10422.98641601187 -601.1241803560042 -3442.980836622104
10261.89716606668 -1043.71325709728 -2610.796323453715
10080.96649451042 -1540.816191684868 -3464.101615137755
11244.9576081865 1657.223109586004 -4336.03259097573
10594.1357475754 -130.895256530438 -4348.558903288722
12130.44187615198 4090.071141103453 -1724.151683677153
12304.09742612727 4567.185843423531 -2598.076211353327
12133.08735446443 4097.339533030574 -3464.101615137762
12502.0619203811 5111.088821239706 -1628.282143859224
11964.8180491533 3635.023416300933 -5141.530267282712
11805.48377993675 3197.256109483148 -4229.808711897769
11278.02678961085 1748.079938829248 -866.0081745410989
10252.21811044805 -1070.306243851118 -862.816510663004
10029.27244441194 -1682.844427050616 -1816.186470889498
11107.01071688086 1278.217140639794 -1731.451214879256
10936.01245046693 808.4032649016303 -865.9226001289462
9742.090456589969 -2471.87045386556 -3474.472107565433
10765.00261244144 338.5575964220134 -1731.344374279461
10416.06383928385 -620.1438036006807 -1747.034299729969
12550.76013317581 5244.886061260968 -4452.644522709128
9904.039943997739 -2026.917894120462 -5178.303948111779
9681.615338150072 -2638.024476218022 -1491.187514575195
11292.59030342893 1788.092864192336 -5216.942389618072
10594.77246447999 -129.1458912124945 -5315.495522770354
10929.42865999064 790.3144492336146 -4145.805810368302
10263.76444580484 -1038.582948180882 -4116.438950678898
11801.29493447635 3185.74735116712 -3284.906218190805
12110.16031353227 4034.348005774561 -4371.631649416649
9988.069360701344 -1796.048969157368 -4307.003847642466
12588.01758811754 5347.250077419716 -2500.000000000018
9969.480960695246 -1847.120178437909 -2698.557158514984
9647.302329985463 -2732.298691343849 -5267.949192431123
12566.75151898939 5288.822032689559 -5267.949192431123
12566.75151898939 5288.822032689561 -732.050807568874
9647.302329985461 -2732.298691343849 -732.050807568874
11514.00748222697 2396.431563219307 -4461.654079208709
12333.92765656909 4649.143727979566 -4049.194554989583
2 28 0 10
589
590
591
592
593
594
595
596
597
598
2862.689049482814 1373.86451405181 -2440.316874795153
2538.506268081687 -2.242727611688451 -2772.365331908652
2230.336599815211 187.9241518794387 -2063.113998709854
3384.897108964791 1921.217952854659 -3047.33519163714
1914.664174866171 418.4733539409485 -1312.138959824049
3191.845077641502 1108.542940101238 -3240.418501790922
3802.914841907472 2456.773623074076 -3466.609895470286
2383.535634127099 921.980456119554 -1848.90991804804
2701.498076759149 651.5715232930798 -2631.454444028544
2929.22906939011 289.1303915374641 -3307.373046288019
2 29 0 1
599
1206.295056817115 -194.2968503909487 -399.9999999999995
2 30 0 7
600
601
602
603
604
605
606
2525.552645978708 3071.440642338111 -645.4972322475064
3331.658523934363 3297.433093760659 -2005.892781169537
2961.778821925215 3522.387836541814 -1156.868221320964
2285.207948549424 2384.111942488544 -663.9574758776545
3762.203098996355 3434.666743558532 -2721.178556233908
2779.748127489454 2771.306670884747 -1328.532196539806
2704.230181568437 3699.663091411488 -551.5716914903072
2 31 0 1
607
1806.034175749964 1168.053835472361 -595.2380952380952
2 35 0 2
608
609
5232.18233313461 -1510.717973961667 -8866.678214064048
5562.968482865788 -1630.100154419359 -9570.015042926532
2 36 0 0
2 37 0 8
610
611
612
613
614
615
616
617
4584.349580518804 6717.144983160056 -2020.961164073591
4711.31651151322 5651.491155407442 -2988.531090159157
4069.971338191874 6199.498287899228 -1408.337480669041
5106.186464922241 7239.885488432942 -2644.118138058097
4410.398567172985 5909.050498185716 -2246.809379978209
4895.418736780057 6420.572124117115 -2808.447728971925
4532.528667162435 4922.708617365379 -3151.036470342634
4319.066205093649 5265.785276544289 -2515.180013212849
2 38 0 3
618
619
620
3373.473305970548 4927.656756673207 -969.3402037233921
3718.415476450104 4593.455133135841 -1846.226802482262
3006.976179672799 4721.457494652227 -421.5995157810462
2 39 0 5
621
622
623
624
625
4246.612497066581 7883.252384495304 -588.5586328263645
4676.000641218296 8175.744464513651 -1195.468007592012
5070.389393182685 8255.362132857095 -1882.214714799653
3984.45118575171 7269.229023487605 -515.8732493044039
4416.126229416072 8465.667005187241 -508.7451755597104
2 42 0 2
626
627
8581.401232108083 6796.815370580081 -9478.463293222323
8424.269598480401 6060.845887540095 -9686.585196143695
2 43 0 19
628
629
630
631
632
633
634
635
636
637
638
639
640
641
642
643
644
645
646
2399.889470986315 -873.4883329678813 -6811.532527542933
3357.220205215996 -1221.928224575694 -9016.592561885909
708.3129450855848 -257.804828556584 -8488.372658693275
3742.912289207554 -1362.308662740721 -7558.365334798864
4345.405430140384 -1581.598232389823 -9165.829091208088
2372.970088156457 -863.6904788929965 -9126.243919140021
2652.765900049396 -965.5278260943718 -8267.3596981833
1943.172246943732 -707.2568579396927 -8407.389794889674
3300.333023634122 -1201.222983768595 -6785.61807025607
677.9906716262049 -246.7684235820896 -7483.13263471479
1409.600229262378 -513.0525256663202 -6906.992940021384
1403.427636355299 -510.8058855799009 -9041.422223593441
615.0043498028549 -223.8432772724785 -6626.695338072889
4084.933351022287 -1486.794148733405 -8326.524319346989
2891.36367050837 -1052.370312503718 -7486.650051961753
2053.574319762924 -747.4399262471687 -7599.341148375082
687.9027419128391 -250.376122126379 -9267.949192431122
3376.76652962857 -1229.042504851182 -8156.576637875338
1311.678623274701 -477.4119757952627 -7996.817792945979
2 44 0 10
647
648
649
650
651
652
653
654
655
656
2352.888326314885 3932.418660810564 -5999.999999999999
3805.51458657204 3408.12807765747 -5999.999999999999
2051.37122519778 2526.113683154828 -5999.999999999999
5147.198069423817 3857.518802308285 -5999.999999999999
2858.542021071031 3180.551746101138 -5999.999999999999
3261.296228684481 4209.378133507628 -5999.999999999999
1401.787551340123 2059.861396715332 -5999.999999999999
4336.900549711678 3997.245461971959 -5999.999999999999
2484.149235193732 4695.263285704939 -5999.999999999999
1935.800121863638 3275.53592172847 -5999.999999999999
2 45 0 8
657
658
659
660
661
662
663
664
4610.421151676503 7410.91027667692 -6000
3703.102457076864 7697.691997231238 -6000
5546.640593770904 7843.718354380748 -6000
3199.130612767506 6843.548833297735 -6000
4591.283337440802 8252.340601226944 -6000
3857.262079589469 8460.616500780192 -6000
3942.99304795387 6985.388086313875 -6000
6476.436700863704 7828.676312072717 -6000
2 46 0 18
665
666
667
668
669
670
671
672
673
674
675
676
677
678
679
680
681
682
5780.406196166878 8537.881927386456 -6793.700576396568
6654.00627567523 8219.917501792828 -9170.938181819456
4224.567889318142 9104.160760410521 -8542.85916743292
7019.639121283219 8086.83802932147 -7683.231173007056
7618.530279783025 7868.859474062338 -9095.344577879479
5769.432985221458 8541.875849544911 -9133.974596215561
6178.015174261081 8393.164094483163 -8241.885215465269
5092.469702930142 8788.2703339901 -8352.260830674764
4842.495359751742 8879.253554237283 -6759.718438195292
6697.318097203171 8204.153287964806 -6780.747358600042
4809.009246918395 8891.4415025699 -9216.173964459062
4277.063915849831 9085.053769335738 -7551.016505360688
7557.657684856948 7891.015286697973 -8273.680681815524
6194.99305274857 8386.984652072728 -7396.617092599716
5347.879476932009 8695.308778712762 -7500.023845440735
4108.104175169527 9146.550085732704 -6732.050807568878
4108.104175169527 9146.550085732704 -9267.949192431122
6962.921817976769 8107.481439492865 -8486.326096058659
2 47 0 70
683
684
685
686
687
688
689
690
691
692
693
694
695
696
697
698
699
700
701
702
703
704
705
706
707
708
709
710
711
712
713
714
715
716
717
718
719
720
721
722
723
724
725
726
727
728
729
730
731
732
733
734
735
736
737
738
739
740
741
742
743
744
745
746
747
748
749
750
751
752
6889.587547423098 3231.940933606196 -10000
1959.429912980941 3010.465922919755 -10000
3046.593695040372 5825.661045565561 -10000
6220.401878956156 1679.34494645001 -10000
6411.54464297308 7400.484019726823 -10000
7355.60859936926 4505.344769743774 -10000
3714.160432525508 -341.1736499024655 -10000
5605.504026057039 -6.094107468767561 -10000
3749.167821243961 7717.967285919272 -10000
1624.345665639341 248.6818256692197 -10000
7693.245962279819 6239.70321233562 -10000
5322.363844993647 -814.6983884549168 -10000
4744.859861581646 -134.2880586704487 -10000
5064.51316880684 726.1279612414669 -10000
4191.609458577143 595.1568155502741 -10000
4539.96733353815 1462.503873310039 -10000
3641.887251480114 1359.855869321243 -10000
4053.715389920386 2191.962699190325 -10000
4913.933005437458 2307.072828600963 -10000
4445.436974318272 3019.755059675058 -10000
5295.934895314987 3128.243490193888 -10000
4799.421110552641 3834.066971471503 -10000
3896.745671095833 3602.12111717547 -10000
5644.668274593858 3927.691406947196 -10000
5159.090810092028 4620.230802048817 -10000
5985.190715711173 4716.151616991001 -10000
5514.678759543203 5397.277596838004 -10000
4627.904280825787 5300.114511211621 -10000
5000.916242175794 6128.74896804981 -10000
6283.782727778438 5569.463098373201 -10000
3235.315065275119 2196.735259507187 -10000
2699.643818097179 1340.864623941968 -10000
6551.736759322812 4049.352136151574 -10000
4032.46562283714 5993.537186109478 -10000
4411.765677279407 6885.915368553622 -10000
5549.747506960822 6929.137614095425 -10000
7548.826613741696 5274.631142920452 -10000
4873.405300018478 7737.204195193916 -10000
6585.409372170986 2509.410166422785 -10000
3395.049161047652 6753.078366322758 -10000
2660.973373384601 4885.51465219952 -10000
3641.249810305897 5118.508089016014 -10000
2306.124402124776 3948.575714505361 -10000
2953.235704439416 3165.089462976452 -10000
2581.11009089492 147.7439405899937 -10000
1724.550285804745 1930.266194232533 -10000
5745.503194344084 2414.580558524241 -10000
7362.187318834347 7125.438498196047 -10000
6596.224756123082 6465.774002835275 -10000
6100.336561832388 3262.614068556249 -10000
1221.964682235121 1066.258117435252 -10000
4214.02278576597 4440.112262258111 -10000
7245.26920487138 3818.589835070115 -10000
3365.682210314973 620.4895199002025 -10000
5905.451667699848 848.9454907095387 -10000
5813.568857565273 6126.797327922605 -10000
5386.497444574836 1581.010773934283 -10000
3203.092473218695 4175.722510369379 -10000
6747.99467603017 4900.863437417535 -10000
7003.383935486039 5763.25938067422 -10000
4587.863372514647 -986.5099188734285 -10000
5674.712684079059 7830.115505621197 -10000
3716.889761009807 2835.132719704899 -10000
4311.013084354348 8294.533278064097 -10000
938.2788640392181 437.5266197864602 -10000
8163.016738472212 6937.989472404334 -10000
2472.347689467665 2329.336960955073 -10000
5225.101592010314 -1390.953083969161 -10000
1970.322908534261 946.7629403737932 -10000
3760.701034252134 8649.831701437321 -10000
2 48 0 0
2 49 0 10
753
754
755
756
757
758
759
760
761
762
3530.993360925268 -76.29232114080162 -6000.000000000002
2436.563903997267 519.0462338818834 -6000.000000000002
4002.252704477498 1399.687379979436 -6000.000000000002
3145.066264637178 982.2313498020167 -6000.000000000002
1735.600054430843 65.02970183280399 -6000.000000000002
4476.448322905836 1992.561104890222 -6000.000000000002
3793.223133507598 581.0687990238866 -6000.000000000002
2700.241658552825 -231.6539951804855 -6000.000000000002
3047.913950844891 320.7530241612616 -6000.000000000002
3384.109732610843 -693.8476366207244 -6000.000000000002
2 50 0 1
763
2644.872374829994 1720.286551470482 -6000
2 51 0 10
764
765
766
767
768
769
770
771
772
773
6338.030161216168 5010.400258292176 -6484.284716706593
7454.387191467402 5092.382357997724 -8526.270584702841
7100.567289696204 5672.045629854389 -7464.793652497578
7875.141104978353 6305.643721586045 -8487.109629156959
6014.226515064393 4453.234214395442 -6256.856943341317
7077.423863057471 5014.948304474686 -7870.779280843901
6687.252949644266 5011.804084526538 -7139.648597599155
7480.651604710255 5725.717592074215 -8142.404720265929
7844.517160703513 5554.369658153136 -8943.457165952468
7552.009954845912 6334.894858091913 -7859.812758705572
2 52 0 6
774
775
776
777
778
779
7123.202202800277 3586.112796223589 -8934.195467581883
6675.722588398153 3654.871106026744 -8046.175430422872
7488.528574932798 3694.213689769395 -9546.839093516377
6318.641126407917 3682.305948089535 -7356.315263490669
5787.862827274116 3622.043944151457 -6400
7298.551292122772 3161.15310273283 -9554.433508728323
2 53 0 8
780
781
782
783
784
785
786
787
5266.08632292126 6113.191231682838 -5999.999999999999
5633.490628968332 5382.057005836026 -5999.999999999999
4320.772383913437 5869.417147449399 -5999.999999999999
5929.641712655536 5947.859353648226 -5999.999999999999
6012.259268731839 6625.515524245903 -5999.999999999999
3568.038984630298 5678.940659451281 -5999.999999999999
4969.854115219557 5414.035260799716 -5999.999999999999
5461.541248860759 4905.819978563476 -5999.999999999999
2 54 0 3
788
789
790
7194.426509025406 7139.6916939947 -6637.262249673086
7575.921553204737 7312.445458135191 -7236.067871093752
6933.127916565621 6582.398527884998 -6527.392508455188
2 55 0 11
791
792
793
794
795
796
797
798
799
800
801
6555.774116773697 2210.645438311623 -8808.654582835845
5844.51762864212 1465.825819597953 -7981.416261557597
5767.580569186159 2443.536104061141 -7168.028664239971
5465.879965983334 2570.210066505965 -6514.366909625249
6242.71905853533 596.7598922510713 -9324.266258132962
6521.36174096669 1486.366690681513 -9239.416313761105
6026.459751269409 1031.805083219313 -8620.243270568642
6121.881072084398 2222.650735081781 -7984.99029158212
6849.303612987745 2130.740871907178 -9414.967528494584
5673.016162176811 1804.929424975375 -7427.138409147899
6213.998861947262 1683.458753378437 -8526.944144061063
2 56 0 9
802
803
804
805
806
807
808
809
810
4634.292076716484 -114.4324447555219 -6787.896536426949
5308.418171436527 26.50704942889729 -7958.430877799838
4966.578078288101 1017.139474707747 -6638.349163605297
5071.396111893415 455.4195502245144 -7219.581687174981
5457.570072076967 -444.8830617378682 -8561.194585382987
4582.115384120323 -750.7876537104622 -7125.129029953303
5009.352839015437 -629.0430168321669 -7844.794561021394
4917.859043241387 -190.7025543614141 -7372.999935948884
4679.087409637398 456.5949672342078 -6481.478469426585
2 57 0 22
811
812
813
814
815
816
817
818
819
820
821
822
823
824
825
826
827
828
829
830
831
832
5733.449387725449 -2086.804916803846 -8482.985726050953
7421.350694467323 -2701.150750836915 -6701.255874045814
8479.118592583947 -3086.146780513691 -8509.397991439793
5843.953191052447 -2127.02501198808 -6707.972240335647
7012.631225738899 -2552.389030054673 -9139.203462674493
5003.77000772568 -1821.223341926113 -6829.860483428667
5513.437423807034 -2006.727110755093 -7520.550820402021
6305.455306349903 -2294.998045007243 -7931.648312086309
8564.117460260139 -3117.083838294157 -7452.399070675321
7760.915555167986 -2824.742252734705 -7969.872391445944
6089.791829135002 -2216.502958682672 -9268.693954131837
6630.616100602991 -2413.346895465724 -6677.868362485818
8179.964493091102 -2977.263592839585 -6680.556401339066
7023.194198968844 -2556.233637895723 -7460.550245667905
7950.798445803358 -2893.853972922405 -9257.710621993345
6960.573265722218 -2533.441482151981 -8298.503818933516
7789.908480391078 -2835.294814520217 -7252.926796634811
8709.023465946248 -3169.825311130309 -9267.949192431124
6420.380202934295 -2336.827286540083 -8624.207054775421
8829.063708037052 -3213.516386165471 -6626.591094402876
6246.094893033386 -2273.392621466292 -7229.210478809416
7632.807417003281 -2778.114703675491 -8634.937657297418
2 58 0 4
833
834
835
836
5851.631912422191 2658.980138137715 -6000.000000000002
5413.563320107495 1670.049059203802 -6000.000000000002
4358.126086762411 -1183.266786218037 -6000.000000000002
5136.59537301216 984.1199971240729 -6000.000000000002
2 59 0 46
837
838
839
840
841
842
843
844
845
846
847
848
849
850
851
852
853
854
855
856
857
858
859
860
861
862
863
864
865
866
867
868
869
870
871
872
873
874
875
876
877
878
879
880
881
882
8055.399252136493 2822.117885932769 -10000
8491.608393774271 4013.871046736504 -10000
7618.466977657849 1113.90214190846 -10000
6924.491915469383 -545.6336052834204 -10000
11144.33983099436 3886.677866123891 -10000
10494.31778809763 2052.828690576941 -10000
9438.77088004769 -813.0719634730108 -10000
10092.35050865476 6020.312787887959 -10000
8167.714804108868 -2062.667581825779 -10000
10829.59863216264 2968.338608367759 -10000
9898.021994539095 2789.225835245824 -10000
9574.486279068793 1919.747618395226 -10000
9054.387188161272 2608.392147480628 -10000
8676.907834300118 1807.591873245742 -10000
9231.117409022736 1024.880482601158 -10000
9453.99358782007 3447.524697734778 -10000
10221.20780820775 3705.497643814607 -10000
10533.34759889193 4416.890180220782 -10000
9662.771614538473 4402.451118186179 -10000
11405.66597019828 4819.840657854028 -10000
8881.682189659441 4811.749847827886 -10000
6642.877878918993 -1302.87310102317 -10000
7534.639832163054 -1249.213375515809 -10000
7839.417089919173 -411.7530059374012 -10000
9542.976643427541 5257.843460137139 -10000
7856.018971782646 2063.748231776021 -10000
9807.061336890019 179.5438995490367 -10000
8725.844975621167 -25.20431755665049 -10000
10169.15246944541 1143.995206022641 -10000
8155.531451458453 3463.67834119277 -10000
11070.43266223 5764.895211920531 -10000
8476.335288876222 -1046.54994678303 -10000
7251.661747183723 246.7775879231035 -10000
9151.62415139738 -1717.389436389529 -10000
8443.955847359714 834.7502517926582 -10000
11879.52230816366 5534.099822857443 -10000
7111.479492779892 -1939.632412976197 -10000
9475.328959305487 6438.931562526428 -10000
10308.39396864517 5241.898839524893 -10000
8959.399588072625 -2481.922569217468 -10000
9082.026997700843 5815.936158767379 -10000
6369.804671162796 -1816.020582633633 -10000
9135.16285156226 4020.518288234771 -10000
7973.461531162146 323.3764022370469 -10000
8759.896087229259 3202.128350803962 -10000
8471.633984280994 2394.175774488749 -10000
2 60 0 20
883
884
885
886
887
888
889
890
891
892
893
894
895
896
897
898
899
900
901
902
9169.664745189848 7304.292699309835 -8501.729792749886
10360.85521602331 6870.734824584913 -6966.322516236945
11945.06698961489 6294.12889422351 -8496.967742352816
10445.67231995142 6839.863923398417 -9231.554212371666
8588.510847579184 7515.815419567905 -6663.645246509629
8765.204667609583 7451.504128498052 -7571.551957228965
9725.480413258434 7101.992340394087 -7739.70426552615
9416.076346866783 7214.606210921572 -6823.537330916948
10614.91563105703 6778.264395807322 -7839.308689711057
11355.23882566107 6508.808789234587 -7000.925155288634
9500.578007105718 7183.850121848523 -9287.241620346904
11377.65806500824 6500.648853437327 -9261.492122981568
12083.98651157521 6243.566323271464 -7533.12296311898
10015.23173678303 6996.531483291899 -8549.480415322438
8000.011128241607 7730.011800280798 -6491.410062908169
11409.17300229999 6489.178354328362 -7931.416130446054
12129.22489920293 6227.100896728774 -9267.949192431124
12190.18312795954 6204.913915927782 -6706.809623681524
10949.75890224619 6656.391411950141 -8561.880380596282
8174.638866697673 7666.452501405567 -7039.748601766853
2 61 0 0
2 62 0 0
2 63 0 0
2 64 0 2
903
904
6402.775395545761 4553.764462820821 -5999.999999999999
6536.082692046207 5011.374768811628 -5999.999999999999
2 65 0 15
905
906
907
908
909
910
911
912
913
914
915
916
917
918
919
2039.312946104239 -742.2492107356592 -3844.920544726569
834.1057854288572 -303.5896781253358 -4469.242911607067
1266.213799126101 -460.8641330990249 -2453.07573740062
2317.13166564269 -843.3669551696056 -5371.299061556908
1513.395590254143 -550.8309475222381 -5169.394422376818
816.9995110164191 -297.3635034200188 -3339.056587628273
1639.450801974425 -596.7112924625446 -3172.044262889943
776.0693875632619 -282.4661567982286 -1574.248914866756
701.2327296765645 -255.2278408955077 -5327.727466796777
2323.141929295636 -845.55451223937 -4665.672455275948
1511.436891537413 -550.1180394914529 -4416.090329344655
626.4617471906055 -228.0134288837791 -666.6666666666661
532.7937801112226 -193.9210769626572 -2500
1368.261187212271 -498.0063448470023 -3848.270927239302
2870.333090316255 -1044.71580730444 -5199.529091396013
2 66 0 8
920
921
922
923
924
925
926
927
980.1330583241565 1179.193825139751 0
782.8430052621054 436.6580097429423 0
2691.765693168595 5906.063329494503 0
3760.109857296507 8868.914727509353 0
2351.060105995731 4995.235420025438 0
1244.620548786977 1774.741806682479 0
2980.969826162199 6696.185024071511 0
2037.438632229332 4135.914435493058 0
2 67 0 15
928
929
930
931
932
933
934
935
936
937
938
939
940
941
942
5441.266398557491 8661.318718971335 -3862.256615864168
4229.513242515256 9102.360799048838 -4526.782215358261
4560.734730248721 8981.806036564489 -2217.361908276114
5820.844947526648 8523.163425580608 -4609.810445035866
4908.426991362167 8855.256402834482 -3113.552447840489
4143.050698630643 9133.830591401773 -3563.751571321895
5061.757030213196 8799.448832673828 -4601.819944180975
4208.38266429122 9110.051700555221 -1366.467849784303
6184.311619341135 8390.872375892332 -5172.030422152295
5498.124766854164 8640.623965342402 -5265.31155022777
4744.009910070419 8915.099326429605 -5293.457802504679
4756.80287225575 8910.443068986051 -3933.632558913157
4036.897083818953 9172.467347452988 -656.2738037109375
4090.523057350981 9152.949089303782 -2778.933185487698
4015.183691968795 9180.370375771403 -5366.833105261063
2 68 0 8
943
944
945
946
947
948
949
950
3878.198100855106 -152.159804996645 -5392.71171126565
3877.342535921945 588.8375994324663 -4884.231698223476
3494.436093025071 -632.4311412571902 -5000
4008.321161247754 1450.722374623496 -4540.827084940071
3522.765406020675 1.097283156429967 -4619.882727710145
3225.937220607979 -576.7658483375518 -4457.309878875362
3718.135157308908 -788.6439967409952 -5527.272606412234
4177.647075191177 2225.814031988759 -4328.861789135804
2 69 0 10
951
952
953
954
955
956
957
958
959
960
6338.611866979377 6676.533615320669 -5345.675626791777
6503.849838828111 7573.5572275966 -5042.621143557301
5815.299283066723 6138.53813502435 -4730.180262416541
6702.81637567338 7310.512226980985 -5596.489294094264
6065.768265862715 6978.204429212612 -4626.54239958683
6051.249605802243 5779.207960971605 -5419.418131971302
5231.510689148778 4909.762432625015 -4473.548678508632
5583.371130964826 5320.516243403301 -4853.857845482746
6251.73334436074 7722.131931045529 -4467.16604196216
6857.444501557884 7738.274104938434 -5594.488754196979
2 70 0 4
961
962
963
964
5592.789162035822 4442.559654540217 -5472.115630795575
5175.841820444772 4097.087212041526 -4924.828019093693
5651.44848973073 4240.202299730488 -5720.779688535964
5789.814422733815 4569.33157576638 -5755.684896633338
2 71 0 1
965
5398.988565388636 3625.682304007149 -5666.666666666666
2 72 0 0
2 73 0 3
966
967
968
4618.099488501464 2703.040743197545 -4830.199257992917
4534.608352033433 1159.501096691155 -5729.130550566777
4709.211369950413 2022.915475102204 -5466.666666666668
2 74 0 52
969
970
971
972
973
974
975
976
977
978
979
980
981
982
983
984
985
986
987
988
989
990
991
992
993
994
995
996
997
998
999
1000
1001
1002
1003
1004
1005
1006
1007
1008
1009
1010
1011
1012
1013
1014
1015
1016
1017
1018
1019
1020
3504.957525847691 -1275.700211775873 -3973.167770088687
6609.208747671495 -2405.555256204228 -5304.797966766723
6067.801816482732 -2208.499248626108 -802.0128808869194
4203.006978929026 -1529.769434743281 -831.6305389035806
8481.66487162942 -3087.073550294379 -2443.924633421177
5074.118383918948 -1846.828056889423 -5308.803317676189
2906.300434965677 -1057.806850162423 -2453.589838486222
8576.776361517512 -3121.691301550356 -4590.325221440974
7907.844487312971 -2878.220010587999 -868.3628993055427
4257.146111207525 -1549.474467401655 -5329.863315672666
4668.118060863841 -1699.056024194903 -4631.824078567558
5449.057639059763 -1983.294785418621 -4610.909769326721
5065.34215743716 -1843.633771680874 -3902.984773461384
5855.971669947361 -2131.399380566985 -3888.219430729156
5452.555660500107 -1984.567961101731 -3158.164677554307
6278.556322334571 -2285.207615493659 -3145.635044974907
4638.460489725364 -1688.261551079864 -3165.497131145304
5059.780869744931 -1841.609628496711 -2419.535425588951
6687.69202665355 -2434.120833641306 -3871.795686091766
7123.717198691931 -2592.821017654077 -3130.624416120309
6720.743788641431 -2446.150691194946 -2361.343122931923
4231.699894340883 -1540.212801887514 -2436.733371770068
7639.460726663292 -2780.536310351091 -3943.310712585679
7542.267595054419 -2745.160903470343 -2358.371688493175
7186.847096472547 -2615.798421338489 -1541.969047007344
3889.987770686393 -1415.839760189389 -3231.474844716442
2298.996952647556 -836.7664594324162 -806.5309014653012
3273.229197839627 -1191.357997944663 -808.5844462940531
5144.384882513054 -1872.402970843786 -840.6763591179606
4272.399689113484 -1555.026315725485 -3936.429639581928
8592.675954383489 -3127.478280090522 -3517.59791424684
7772.250265739216 -2828.867749996656 -4944.723332003238
5545.89587560752 -2018.541021060834 -1642.655063397788
3876.493672002736 -1410.928309930287 -4664.76130699287
3654.643457468375 -1330.181435374208 -1760.076466961436
5833.623719056016 -2123.265391645692 -5307.388628765816
8624.332521518869 -3139.000328246851 -1475.302847010287
4639.901993100631 -1688.786215401056 -1655.217870956632
6257.932851493131 -2277.701285980118 -4584.346340091095
2731.471586566934 -994.1743532542422 -1611.772725979707
5904.573424830513 -2149.088972677554 -2390.241292408998
3186.191361576683 -1159.678816290015 -3235.605297972366
7886.767830350444 -2870.548734815799 -3080.576403049042
8373.57963398557 -3047.733741028428 -5309.677242423884
6991.71020086417 -2544.774399729929 -737.7027449562192
7057.624018863803 -2568.765067508635 -4629.005679822825
6402.928700483152 -2330.475459104644 -1579.320691931533
3573.764583807601 -1300.74393278071 -2623.495963981306
7910.493308614676 -2879.184102697709 -1669.534566331509
8709.023465946248 -3169.825311130309 -732.050807568874
7248.593204465833 -2638.272166729831 -5379.553931693916
8934.891580803771 -3252.034581808267 -5438.775761618863
2 75 0 107
1021
1022
1023
1024
1025
1026
1027
1028
1029
1030
1031
1032
1033
1034
1035
1036
1037
1038
1039
1040
1041
1042
1043
1044
1045
1046
1047
1048
1049
1050
1051
1052
1053
1054
1055
1056
1057
1058
1059
1060
1061
1062
1063
1064
1065
1066
1067
1068
1069
1070
1071
1072
1073
1074
1075
1076
1077
1078
1079
1080
1081
1082
1083
1084
1085
1086
1087
1088
1089
1090
1091
1092
1093
1094
1095
1096
1097
1098
1099
1100
1101
1102
1103
1104
1105
1106
1107
1108
1109
1110
1111
1112
1113
1114
1115
1116
1117
1118
1119
1120
1121
1122
1123
1124
1125
1126
1127
3218.642901911324 3736.868715020279 0
10464.23931480089 2044.306113791833 0
5471.993569652464 -978.4806007879822 0
8233.680361134348 6774.268288862401 0
3860.816369343733 5480.563681017973 0
9806.035331784211 246.5293334343191 0
3552.636836691975 -416.6573326826185 0
11114.55144581013 3965.750985378386 0
2510.007586048607 2143.909628207056 0
6453.185840578099 7465.409945957939 0
7294.744560701989 -1851.020387067963 0
1895.915691339013 782.3080745647377 0
10037.45996533273 6111.85375636945 0
4359.6534183018 7053.396596354619 0
9204.111389492287 -1741.445148786638 0
3549.514777826767 4601.794250927552 0
4053.655589933253 3867.820297756587 0
3747.590192189346 3071.898691572555 0
4600.265110421937 3194.910201940367 0
4923.487138774233 4066.4050523409 0
5473.018600193295 3337.232912944127 0
5131.892154332155 2498.11740063019 0
6030.426311167019 2627.742547862748 0
6361.455890967783 3475.348383288312 0
6936.740988576932 2761.9396364114 0
7271.724251539941 3624.416317850983 0
6597.731290969068 1902.102545800564 0
6683.901301137927 4342.873862271012 0
7518.120906057859 2021.209077084683 0
7169.811210142693 1155.194841183225 0
7606.565985543608 4500.475395416926 0
8205.55151551159 3768.057696012789 0
6239.826365698086 1030.843852511655 0
7006.442475262182 5227.03781800199 0
8548.726899459614 4659.708836662792 0
6811.072398328663 259.9266340799859 0
6098.428268646874 5078.834627812228 0
7762.439660530555 403.6827903442518 0
9139.712719785801 3899.841253073644 0
8806.530079124988 3016.784292874965 0
6390.475583190293 5928.487009036442 0
5501.494958128884 5799.087248621181 0
9527.48831363452 4681.708188231002 0
9763.737380408851 3126.387082229473 0
5858.758837319974 89.81691243306727 0
5296.411533641648 892.9624966405088 0
4931.555135117202 15.68244222508997 0
4391.765174844744 799.1064624399053 0
8993.98556987855 5538.869471280863 0
7409.431229338066 -450.007469196717 0
8346.637046223745 -334.9244366776456 0
8826.019272602254 601.2165982644156 0
4380.220816012853 4774.730420672728 0
7412.109814396016 6150.27197789749 0
9367.25138774195 2170.95830636441 0
9637.040056573403 1242.97534810934 0
6466.733253687179 -647.945658463015 0
2121.85347988962 1370.005074711336 0
2540.290265524114 846.7611987929085 0
2746.924130838942 -46.29191578920859 0
4765.401400311828 1648.343487252622 0
3790.755280759395 1516.856108271986 0
3439.09789981111 671.289740316811 0
4123.105595432946 6279.749591234686 0
4920.175297726959 6455.987234495226 0
5028.74854069825 7185.622960668293 0
5789.511040119179 6779.109652246387 0
10765.93908641928 3082.593370741288 0
9526.807522391149 -793.9854149042726 0
11504.99083606751 4855.336554721615 0
10551.21386438247 4748.631839034869 0
4672.048782319695 5624.46153381934 0
2892.142651063824 2935.736004451955 0
8425.768216923852 2132.055221643684 0
7345.561765550214 7128.339704720943 0
5793.682239599926 4218.005424471766 0
5676.948176019967 1766.685388449714 0
7860.739326289193 2887.410373646417 0
7980.03536448388 5344.809333998401 0
1566.877073651758 155.0475026518977 0
4270.270176404125 2386.314219622798 0
3328.072898236334 2257.283978184371 0
8104.927108071458 1286.013325808816 0
5226.391377903943 4949.897000875688 0
8326.384204311409 -2023.336777715361 0
10979.99402765428 5645.810955907453 0
4428.520052241932 -742.2723480099042 0
9105.652379239855 6460.845762287921 0
4604.576455205565 7758.110740361218 0
7863.664767863622 -1137.683735148643 0
10143.77380174017 3917.485453114778 0
8872.201208382583 1486.643760038133 0
6380.611233850425 -1534.020266210108 0
2955.01290171153 1467.684288080745 0
5481.032032218454 7850.245663810971 0
2161.64368015421 245.0994006429971 0
6678.168808766761 6690.32365797184 0
4185.020886762011 53.98820732791455 0
11878.84877707655 5539.198154815938 0
8959.399588072625 -2481.92256921747 0
9080.015522233753 -105.2547864431995 0
4743.157045361467 8387.084931074005 0
10072.26733084692 5286.146407228504 0
10411.65869308791 1002.014102823337 0
7054.853180977148 -1112.168781943503 0
8740.230017655264 -1035.439766994979 0
8320.896450553446 6008.45472415326 0
2 76 0 51
1128
1129
1130
1131
1132
1133
1134
1135
1136
1137
1138
1139
1140
1141
1142
1143
1144
1145
1146
1147
1148
1149
1150
1151
1152
1153
1154
1155
1156
1157
1158
1159
1160
1161
1162
1163
1164
1165
1166
1167
1168
1169
1170
1171
1172
1173
1174
1175
1176
1177
1178
6982.887294841334 8100.214600201233 -4053.82773164091
9528.203468365093 7173.795276242237 -866.0254037844388
9528.203468365095 7173.795276242236 -5133.974596215561
7581.799299249176 7882.22845765207 -820.667879069737
12003.3299597664 6272.92290732842 -2500
7828.584706931942 7792.405915004293 -5504.329226971243
6278.479547739879 8356.598052932677 -2326.293995230166
11298.83086259869 6529.339608764878 -5136.357063736423
11396.83863735726 6493.667696026094 -750.5946776695382
8384.601783343604 7590.032249446732 -5527.546711542861
8858.670226544355 7417.485447116741 -4557.492664112024
6614.537880540949 8234.282822815963 -3237.971899760832
7399.860781725836 7948.448662497085 -3351.698134338272
7730.607091161386 7828.066850769146 -4128.342835658023
8191.680596218876 7660.249819119434 -3394.7571593673
7805.965545476822 7800.638616498019 -2429.853820603714
8711.235295837369 7471.147373385184 -2619.675536595378
9021.357314028617 7358.272189773008 -3614.126639622737
9600.137999789044 7147.613247988033 -2758.970586614163
9968.180185054973 7013.656847596947 -3623.084209869572
10488.58557426996 6824.244776170975 -2852.874824722347
10904.78629822555 6672.760101171094 -3642.907875096982
8422.477102847242 7576.246760534085 -1842.209905130345
10186.11488291553 6934.335104561905 -1788.992691467955
11160.8223942848 6579.570583307805 -2172.707879242806
5704.625831837076 8565.46372434435 -920.6026111579195
10418.06297001792 6849.912904961651 -4500.70853155593
6682.344969865127 8209.603060629732 -827.3700001794532
7086.511407425678 8062.498507668282 -1705.773881467498
8532.946228160694 7536.039287114566 -976.1821397908516
10468.76468750679 6831.458988969531 -865.4917340679385
11885.27892250041 6315.88997101749 -3564.052005179982
9243.024451241348 7277.591949912571 -1772.850981983265
8207.828531563155 7654.37245130926 -4851.537348592021
7371.048083331765 7958.935627081417 -5553.66012557508
7363.780160144257 7961.580934786603 -4930.638067570825
11894.62875707213 6312.486909538069 -1501.762969026426
12029.93469089802 6263.239577105855 -4450.961894323338
7041.125299023055 8079.017700176016 -2586.385283030737
6282.891299107018 8354.992306754055 -1501.798933674459
11288.56062980942 6533.077667799156 -2946.508516848423
9558.894832802192 7162.624533138116 -4285.877328275164
10436.17789585674 6843.31961116038 -5354.208038301583
12129.22489920293 6227.100896728774 -732.0508075688758
12129.22489920293 6227.100896728774 -5267.949192431121
11306.5110001149 6526.544267313908 -4311.475461558069
8361.525320238014 7598.431395129309 -4078.304251797819
8883.481526229822 7408.454872557772 -5226.819993570485
5712.913081038178 8562.447412311203 -1726.832780633944
7817.39872325499 7796.477280103692 -1540.054597432703
10980.53407827695 6645.19016392064 -1387.049955229864
3 1 0 71
1179
1180
1181
1182
1183
1184
1185
1186
1187
1188
1189
1190
1191
1192
1193
1194
1195
1196
1197
1198
1199
1200
1201
1202
1203
1204
1205
1206
1207
1208
1209
1210
1211
1212
1213
1214
1215
1216
1217
1218
1219
1220
1221
1222
1223
1224
1225
1226
1227
1228
1229
1230
1231
1232
1233
1234
1235
1236
1237
1238
1239
1240
1241
1242
1243
1244
1245
1246
1247
1248
1249
2879.416512080671 1862.160796561855 -8020.433074710269
5050.538847761983 6575.669052748149 -7992.731689508384
4485.815600091724 3873.676662185173 -8054.793814792688
3687.399571209587 418.2942845692073 -8355.224245437032
4430.366327309885 2134.394319812205 -8420.598590172429
3797.020352177798 5420.111966751292 -7695.706366510055
5569.892030392297 5115.594791748195 -8418.677536753734
2827.154702911751 681.7001384664837 -7311.439382192459
2951.989230013514 3458.51681802176 -7620.883234376597
2324.274711745174 708.895462449249 -8642.373320061028
3967.192098570816 1352.750412186434 -7449.263590648237
4141.135075412692 7410.792802002228 -7323.60946451057
6367.640815255209 6777.638596092015 -8591.328028393476
3372.570535596733 2865.802270855828 -8724.547804707798
5999.007212271359 7104.397918028388 -7271.691351237857
3808.209864089046 6452.573472627842 -8673.158214497491
5538.481063477423 5792.193279143358 -7165.651884876374
3141.697411000833 4503.811899806206 -8596.660810901567
4194.996169988003 2621.709907068097 -7230.088115157187
4664.583839943104 996.2585310617305 -8856.590314877087
5319.004613840685 3070.482415781983 -8684.128315456628
2345.861311042655 1653.388303117523 -7068.219971769155
2149.146048487711 2547.322611492642 -8795.329986364042
4190.577915621257 7752.308232756012 -8634.314327248092
4336.045373132928 4968.155301832344 -8782.880070207051
3587.224065623413 1463.059230923232 -8846.88924931238
3630.015029202142 -143.2478010644344 -7351.191603551703
1588.365998711223 776.3641076343657 -7602.190131060854
4785.650719413728 4787.039985111248 -7243.041306015809
6068.153565270721 4212.558379362163 -8955.358206375324
4324.427033320232 -411.3102509866072 -8922.093213088885
2138.036090150075 2644.434428888096 -7615.861571219088
6496.697374592301 5656.128954820102 -8862.065604455163
4349.007494925896 6277.395640873251 -7100.210631493982
5471.012171964911 6113.66813867006 -8928.431428341142
2968.63428072753 4633.070408661755 -7162.490258784841
5360.41358917171 7438.22254011896 -8802.271000141756
5323.41546720868 2043.616628819918 -9024.218087688425
3106.688551048108 2456.041715544389 -7114.399933562502
1782.469518884287 1730.2848037433 -8137.728481522506
3327.39634556685 6064.300780412149 -6951.250074859455
2537.411054250899 3605.30487630117 -8941.628156911693
5549.555655333303 4108.105499235144 -8001.699685203014
5030.449963395621 3625.657976566333 -7003.788600271018
2587.378873555178 1640.118405154116 -8976.007859230485
4312.822542883669 3335.124115939441 -8975.237600228988
4999.773753052148 4156.126783796713 -8998.684173935229
5133.019318929751 7691.452063737735 -6989.823084628206
3806.966491214381 3889.421003073065 -7021.752195043258
3173.754526556321 5569.936641194423 -8922.054739881469
6278.554782302232 6228.183224892939 -7728.400184203394
2800.334616663414 17.79426583723136 -8075.620331142968
1297.235429140622 686.8735152959002 -8987.627992588199
4796.315063757359 5576.727103882795 -7910.53749437642
4743.453963575175 1356.062630089048 -7987.040112226492
4263.903032320006 -154.4396271265494 -7981.909475634163
3886.134300506983 617.1504248227682 -6910.154754305783
6808.671431314117 7142.334099365262 -7806.670598591824
3170.837599755619 -191.0648308153256 -9033.115095406743
5214.484050565684 6668.016979192709 -6906.824033467097
3230.643928685708 1405.671502546213 -6866.529406308042
4511.108707434523 5895.689428742934 -9123.474107679682
3288.504197359638 1086.295303468877 -7942.934034069228
5021.199466161008 2673.421225865338 -7806.170004490606
3652.216465144984 2393.287607600661 -7962.157095341678
2221.99008034234 82.20713785609786 -6842.059129736092
3217.066974929692 6187.146757346356 -7926.21648467392
2186.987835486894 3413.466138899299 -6966.263046616334
5601.448446749125 4685.955195626946 -6965.84704756391
4025.074279036465 5455.389187245842 -6787.228463882231
4900.462091342061 7548.524156547106 -7937.209763505978
3 2 0 69
1250
1251
1252
1253
1254
1255
1256
1257
1258
1259
1260
1261
1262
1263
1264
1265
1266
1267
1268
1269
1270
1271
1272
1273
1274
1275
1276
1277
1278
1279
1280
1281
1282
1283
1284
1285
1286
1287
1288
1289
1290
1291
1292
1293
1294
1295
1296
1297
1298
1299
1300
1301
1302
1303
1304
1305
1306
1307
1308
1309
1310
1311
1312
1313
1314
1315
1316
1317
1318
8118.096370941562 1172.762861646991 -8014.031348355521
9286.993412603428 4366.167318211774 -7993.123295673975
7367.057805101436 -641.8900567006742 -7956.199602840599
9525.422387774388 2469.195545606423 -8145.961204457673
10717.44141145634 5046.84385710072 -7562.645394995039
8548.921573124733 -1525.332199552037 -7522.922803144761
8186.421007597604 3224.748558729214 -7577.807730138988
8950.39765949195 5790.304945849331 -7511.640872221501
8855.287277529927 -208.3907383693387 -8402.594470622225
6905.865642979858 670.4381863034491 -7426.398060925334
9477.769241569587 1042.614442676283 -7411.149907573517
8568.590806565788 3589.107370767645 -8769.817719844334
6076.755499551948 -601.0539242082319 -7215.402500531049
9855.60887231517 5544.07695040572 -8615.091745414134
8130.845362291719 2322.775745738639 -8704.529197268997
10588.72538014648 3968.41639449276 -8585.84471790617
7276.318151777532 1975.741554755053 -7305.256427469109
8027.924116665847 -1494.304317275853 -8767.718347458935
8168.479649818311 4523.047060169748 -7291.604176820076
7611.585383390152 294.2763700238249 -8781.30950869241
10445.07109334365 3089.917821399642 -7367.119266005584
6680.507601966738 -1233.847588876654 -8948.755670158476
8068.084480045835 154.8305706946165 -7228.482434981552
8682.708233275587 2056.604046086542 -7247.876431747977
11132.30877924306 5307.497968333489 -8775.780909239931
9252.21861563016 1290.850313720773 -8697.596716524267
6972.490735355402 -1356.032359103117 -7108.847478970388
7475.364178489865 4159.022799339376 -6916.686909721989
10462.9373457781 2805.950562911916 -8791.937569848797
9197.335978584219 -490.3562150017448 -7226.623364042654
9771.453507611037 4725.977783248455 -7041.861664301547
9281.39804508367 3072.233949141205 -7158.701032792095
7107.128882241623 3046.299989748947 -6915.465336307824
10147.08471014489 1972.83486258145 -7123.671780222311
7112.235943773141 1135.957267208166 -8361.612282955039
7080.726992108544 -292.9045890352805 -6978.928686283852
8481.343337823284 5070.545039735933 -8175.194754375972
9187.645284679096 6133.429359523154 -9054.943895914359
6495.925139705292 -82.52227137070639 -8009.119512171896
9587.113024196577 3896.79658968369 -9014.03124254473
8041.508463878505 1267.469315579871 -6965.921450036841
10950.39778339463 4081.552158443464 -7039.485269436642
6129.48470131965 -1284.770379941542 -7979.305809601402
7521.054906975148 -1754.434801542071 -7897.573628810809
10013.1915043383 5817.992070856799 -7148.355707289234
9113.297784090395 -1176.645793407911 -8961.543273962256
6047.720867392208 378.8108805832419 -6990.27933315242
8342.516779291254 6536.200701403428 -7032.054072729589
11531.48991320157 5405.623640042275 -6970.359642346538
8247.359177503618 1321.683070658523 -9066.650985812385
7812.814940573578 -1838.197140537877 -6954.972303346621
8066.168971351059 -834.3259796338732 -6920.780827228584
6489.913185126127 1455.84267611905 -6957.829791366
7963.432493070311 5407.760212520725 -6969.841227477245
9139.037816594044 4854.179691330834 -8974.888423164581
9292.244367514455 2911.283547452025 -9045.60939705079
10236.95378008858 1636.433851872804 -8321.497495269896
7543.800197300643 -666.5140709987029 -9072.51796692085
8857.275685251952 -2029.222811262203 -8396.355299576098
8806.516278999479 -2258.001516494256 -6919.665795788595
9028.765052385123 4044.647591969042 -7072.956443424258
9803.323113221366 3469.362789737729 -8091.489054555601
8060.931969991596 3149.848706335293 -9245.406132335022
9693.420027638771 430.1182763120071 -8254.094554801308
10119.34508816836 4735.59277119123 -9144.995740694667
8063.294523641991 4193.258390710253 -8200.002561686573
7483.99437151687 2655.710534230955 -8013.388136823735
6779.818994879261 -135.3464955048355 -8908.705371200853
8785.186408711286 673.2860625720029 -6862.819536726199
3 3 0 37
1319
1320
1321
1322
1323
1324
1325
1326
1327
1328
1329
1330
1331
1332
1333
1334
1335
1336
1337
1338
1339
1340
1341
1342
1343
1344
1345
1346
1347
1348
1349
1350
1351
1352
1353
1354
1355
4094.849603393686 6554.813612065817 -4537.945489291945
2344.979268084034 1621.255786400606 -4542.184829581904
3257.714577023574 4515.966223665881 -4320.938401914824
2639.665378002217 3285.233980879287 -3744.155553260279
3508.14567722057 5689.360065675296 -3648.413368416694
4232.582466002584 7642.749411919643 -3673.762661348044
1651.430156577766 723.1166885485795 -3430.345304266795
3385.513651977878 3379.737929926566 -4823.929864105921
4099.759566238386 5336.935911693228 -4660.354238583707
2808.105969700414 4329.637157514029 -3139.255701758685
2127.329977741047 2244.360778023276 -3187.966604044798
4884.736448533009 7548.530902118339 -4763.803313174712
2231.774071979138 378.13545537046 -4791.750755375065
3696.43028217242 6794.302253251712 -2911.788227947342
2297.8516284584 2903.709917813862 -4899.121436037642
3292.698722737711 5982.902859355412 -4994.590818480734
3227.673373056741 2270.662568302905 -4930.387836179534
3257.156402287836 5779.935797142184 -2499.037808101439
4282.034258837781 4480.755908421466 -5132.559355285042
2452.562430109874 3214.279270396324 -2709.779467401487
3984.952267294004 7839.804901529117 -2586.604020133533
3801.096687178022 7594.323394694336 -4671.90692655587
1688.924452094529 1612.912792724234 -2380.674778449551
4844.358718905034 5991.421813423079 -5044.159656038508
2927.430966810305 1249.156685007763 -5210.760687833769
2422.916468142753 3925.127478731436 -4621.234625794578
2902.946665239079 2260.612427253522 -3944.746751861358
2402.38767240067 3961.342372442096 -1951.039358410877
4381.282834941698 6675.561972307298 -3604.098928032642
1391.622472749922 1064.495626058766 -4582.969823553716
3374.637313298044 6660.889960028336 -3850.503040714329
1992.490880370467 2549.596047487469 -2065.047883546627
2775.057756357672 4886.586761901723 -2257.457864268529
1205.182396701725 671.2086408323391 -2114.620855142491
2776.19679522195 -245.6517590186962 -5054.40528507595
3579.726360880901 7141.300529241424 -1952.587967648449
4148.199574837159 3598.609689881839 -5209.647738574529
3 4 0 192
1356
1357
1358
1359
1360
1361
1362
1363
1364
1365
1366
1367
1368
1369
1370
1371
1372
1373
1374
1375
1376
1377
1378
1379
1380
1381
1382
1383
1384
1385
1386
1387
1388
1389
1390
1391
1392
1393
1394
1395
1396
1397
1398
1399
1400
1401
1402
1403
1404
1405
1406
1407
1408
1409
1410
1411
1412
1413
1414
1415
1416
1417
1418
1419
1420
1421
1422
1423
1424
1425
1426
1427
1428
1429
1430
1431
1432
1433
1434
1435
1436
1437
1438
1439
1440
1441
1442
1443
1444
1445
1446
1447
1448
1449
1450
1451
1452
1453
1454
1455
1456
1457
1458
1459
1460
1461
1462
1463
1464
1465
1466
1467
1468
1469
1470
1471
1472
1473
1474
1475
1476
1477
1478
1479
1480
1481
1482
1483
1484
1485
1486
1487
1488
1489
1490
1491
1492
1493
1494
1495
1496
1497
1498
1499
1500
1501
1502
1503
1504
1505
1506
1507
1508
1509
1510
1511
1512
1513
1514
1515
1516
1517
1518
1519
1520
1521
1522
1523
1524
1525
1526
1527
1528
1529
1530
1531
1532
1533
1534
1535
1536
1537
1538
1539
1540
1541
1542
1543
1544
1545
1546
1547
7237.317031197408 2813.408704760663 -2997.361186632438
7619.405025331675 96.52503931957563 -2879.547882277164
9393.11236773089 4395.801262326509 -3336.153596898735
6837.305177998534 4998.726514320689 -2409.3695473316
5399.20179206495 365.6792469513489 -2665.210406049422
7692.795779634014 5181.384611493897 -3796.939296943945
9012.390492542107 1797.605111806426 -2177.009376827107
5446.385383185419 2460.284087785778 -2037.787429493045
5832.981663129104 2011.878813724359 -3733.468472033367
6212.984198806274 -373.3991114645566 -4220.039490900902
6504.543591391229 3936.302300174318 -3959.396322873046
7130.201415917521 4901.030785365843 -4357.462816115537
9318.177893095686 2507.687059451727 -4038.936201832542
8751.543104922823 746.4449322327035 -4200.545144044596
8290.116792394321 3914.096882201833 -1880.920658577166
6959.280006884504 1438.089268630754 -1806.360478857727
8245.339713624431 5826.338304448847 -1750.185840690634
10001.04788240547 3313.583395226588 -2008.248165426513
8175.412773018177 -978.3729582910587 -4237.388077514927
10658.23190138343 4942.093595259475 -4352.761439967271
5522.463922826376 4145.81547172574 -1698.069860832117
7146.785193412894 1199.66974770673 -4389.739764394273
6346.065741378247 6496.148330229678 -1689.374176369766
8306.255400962618 -1123.495472981394 -1746.093854154598
4330.391498973484 1268.695958443433 -1617.838325310861
10160.04827470202 5107.483804943703 -1863.153404233567
6859.434560542069 3288.256782748211 -1508.58122485223
8295.086289458835 3746.714865750019 -4366.938433527145
6550.207490792206 -615.663545185228 -1724.955145239186
9154.494569005543 5583.56803565384 -4437.108396051725
6888.374174881285 6381.381212458318 -3165.40134840678
9073.710379369733 198.8700365957753 -2219.23122175208
7537.65883847409 6396.185615537062 -4576.634285607508
5536.31079496375 3514.489466305727 -2997.542041093355
7981.296274441033 2388.583607478341 -1352.410016701438
7969.366910299209 1505.016877903465 -3192.168583851946
3902.747346329039 19.10800025634126 -2173.313886722592
7230.57966914503 2881.092976761157 -4724.296224733123
5214.231252644974 714.2632482798082 -4093.755021086485
4766.548442176467 1596.046148247027 -2913.294960290812
10358.67181977554 3311.519948200006 -3417.762966486614
7141.173859201841 -1217.404290901596 -2879.547882277164
6354.378102619115 3761.378378964911 -5075.282207694188
7577.253161030489 4159.26091297884 -4960.295858168293
7837.155404275128 326.7080731559652 -1455.20898698271
4702.277691627445 -411.6148149600956 -3459.052248250395
5697.291439145411 913.9826741868613 -1375.443760722759
9827.145472687735 3798.369255286553 -4676.31564037467
8679.452815453311 6024.703282065658 -3129.461720347031
11044.89497533673 5123.846065646915 -2987.320135964034
4543.754557784117 3244.835292257048 -1368.433863434602
8642.241317804121 2972.025821155951 -2881.386635851992
8601.362445719555 -1635.935302357916 -3044.753293912219
6623.781399643017 1048.841201260452 -3104.283980798096
3133.003994554543 161.4512031235083 -1198.327220533839
7038.676110709949 -1342.95616064763 -4826.764499127593
5083.415381922223 -355.5469032787602 -1489.742364807519
6145.092626387772 5245.686136357811 -1310.54862587184
5828.610230260019 2986.990229964156 -4386.649101627226
9697.950853960556 1341.261651365699 -3329.929248707626
7234.02202426236 4518.515922462322 -1256.331480418384
5875.291969102311 5716.275330107975 -2628.754133437376
10081.94085824024 2103.319386878497 -1399.686836326537
5612.801304314666 1573.436165165311 -4824.449026551793
7830.179851856561 4007.824422874091 -3136.799396790683
9003.691352208434 4848.330693545161 -1243.346738483034
5872.871327899875 4657.51038051538 -3218.232850700717
5008.771988997328 -437.7013318698116 -4732.887101145865
9091.020104184752 -341.7053596929112 -3463.960567357968
5909.220980408611 -814.6222921080123 -2834.687283189061
6279.765660809483 2238.096551453774 -1148.91117068112
9936.231782312752 5717.397140385003 -3383.747799501662
8225.917492441944 1912.347406463708 -4392.463139440595
10792.10381636436 4094.573902412751 -1281.766025695237
7477.348029109575 6646.008646362659 -1156.118053119862
8698.569287779552 -1923.7298242404 -4852.480428748036
9821.07723885901 1425.28884309079 -4677.378962460672
5279.977956334694 6188.724768416151 -1149.582607268467
9018.24179017331 3102.222800238935 -1242.754831991953
6659.221982862301 3869.735677079913 -2772.139277434258
8524.297607565868 1302.686780027287 -1163.906691049393
9725.374237321334 891.2151645663153 -1248.80509690455
5726.980674117176 7354.102907381354 -1085.221133016249
7381.618314644626 -52.65772371744549 -4761.252934575102
7272.922102693799 -1430.453300845882 -1163.163555515165
8517.840628348466 4903.591551019306 -2606.129867070905
8140.850889352956 5185.310428220545 -4881.322961572172
3862.298813542319 2276.831629691377 -1160.414043100174
11306.33929845643 5242.523513881196 -1184.215508346956
4995.414948936194 5045.832725063388 -1150.924130300806
10327.22896362574 2654.241322962791 -4765.114755014854
6260.577714507685 602.0588983201458 -4860.925712614475
5163.030288219271 1980.771057601831 -1029.102344295049
9844.325419584698 2413.813609788978 -2796.822100588146
10818.5540092004 4018.957065865396 -2551.989385553416
5962.565070214298 -1105.589042347392 -4972.239166129531
9157.935730928573 -336.8448368829185 -4737.899272138216
9206.463354356041 -475.4253385760198 -1181.550952786688
5648.27946824495 3181.441900316736 -1111.350028800435
6401.651535541811 2088.181136584419 -2607.873681535721
9432.188372821589 6014.153435473644 -1399.232280705701
4359.084372483934 2318.908793215294 -2182.195294292765
3371.912527632167 1249.471461687549 -1024.52457055356
8588.922951031273 6407.439581768117 -4889.048823773257
6356.005236739626 5552.073889409913 -3783.272199666045
7855.357881165071 6623.974446398429 -2530.432609475512
6922.437192799145 7043.519128967292 -4006.587992964025
6712.97895435375 387.2285387597094 -1154.212399893575
6632.227150003216 4735.14460127926 -5120.909358366425
9353.005124193194 4250.747226830706 -2161.2320346975
7178.201654470825 5595.197794276806 -1533.479924514453
9794.809386951807 4919.954015349854 -5013.79563003708
7816.767202240917 3412.455631524558 -971.1516801654127
4965.143070937032 2617.378082317903 -3243.159379444545
4225.064973923645 592.9006398966523 -3128.710349345664
8746.735333366167 -2019.262258597867 -1107.77343668326
8670.905255470145 2821.760346611858 -4933.384879097314
6611.153993644078 -1347.420894264389 -3823.61908640343
4244.443921549043 278.130172498834 -1097.834572220711
6273.156104658885 4035.44750635781 -941.0503610268156
6347.064231696387 7186.488968748758 -2584.78451241381
4150.797426444343 -612.3622849252713 -4214.729804759533
11495.1324860518 5360.268309752263 -4962.345572325255
10910.96910771256 4005.389080899201 -4941.421326735534
10427.71801448072 5814.395516567994 -4975.66253097033
7990.759824196496 1193.027042604888 -2129.007354205348
4731.825175125896 3265.827494892723 -2389.609792392971
5063.113954175104 2292.087744106329 -4143.106523841264
6971.506473903158 5681.221079081833 -5012.722351886096
10033.55756200972 1347.495245899365 -2220.453162528482
9696.106186752959 3981.056679294539 -1034.733898856357
5939.465359027612 3079.868288000267 -5264.156341398892
7986.68671904956 1098.840274633008 -5019.74440633344
5842.01727967914 4302.118551025558 -4170.636793569591
6621.484616903698 1935.508189291073 -4987.968806007158
6928.496848395163 1966.966791315336 -3630.550632566935
6331.106092885292 3028.665038552069 -3471.275277516911
6546.124666227121 63.03739916273847 -2602.097722623098
8858.580670518519 4399.282148886148 -5002.842047656353
8576.362937413602 586.999634039566 -3123.610040807623
10344.24582339957 2147.92297120995 -3764.718203310685
5115.198894657025 799.2850186697115 -5066.72848821259
4916.255177910618 -729.514422382612 -2469.078764665496
8305.073264095847 6581.813552662419 -3912.76815445197
7523.339512578698 1516.058210458047 -922.2898387458404
9168.197323582928 -897.5290293410527 -2423.35271732933
4291.298257578518 4233.323617319879 -995.0747162748721
7680.922247148485 5578.481379609039 -2782.457520445396
6881.867762268334 4695.567127897421 -3385.981120667164
3834.118982505148 -471.340133207769 -3042.214546770223
7035.130262711764 295.5344207751058 -3783.282478505946
5617.189262091921 1442.777029724977 -2294.267282396361
7968.296388747757 2263.593094606073 -2424.387354668124
8048.00092998449 2829.507805911687 -3802.172801018331
5284.360835687698 4890.573412811304 -2388.851387324744
10621.03702163429 3022.416316996694 -1156.611788086237
6009.931320099526 3325.613162634274 -2097.563721385337
11535.85789796176 5331.372272408104 -3903.538031163879
8619.822811763657 4696.862966784344 -4006.583382955055
10445.28972972638 4368.738298427914 -3483.586340210903
5925.256100554506 -1194.247675458645 -1088.120010708549
7898.436568276014 -620.8593038331858 -916.1839977344546
5512.028134906544 -944.0957852674007 -3759.256963090791
9062.152714515416 3469.957715728614 -3705.184168601299
9383.043014278321 5533.496827115273 -2476.998946885953
8571.327483548215 6424.848688865993 -940.3382974216464
8893.51974115765 2003.486018757511 -3199.785379361174
8175.9729024884 4363.20841795552 -900.5993487212424
8059.993752763762 11.08590438272574 -3857.390961906053
9751.132410535971 340.4362243443147 -3011.160388770681
7564.241036078981 -1746.232472383067 -2101.19269692061
7408.15269764212 7142.725950883815 -5153.298174543565
7389.381038310212 4203.028063372519 -2185.941531104388
7613.210268662563 -1728.890530178224 -3703.887057256641
9790.332690457968 563.6113719293124 -4051.952357241707
8024.202128801471 -794.8046771560295 -3211.190255782008
7500.255325686198 -604.1036364831357 -2130.049093356055
7641.673960229574 3181.024830715921 -2143.905045470696
10418.49851758396 5803.361454242817 -1092.763865552038
6221.719098785827 1134.939730202586 -4015.737647902634
9141.287212620524 -1308.344638961823 -3896.144318215203
6473.396570147373 4278.948654302578 -1862.880521556973
3495.818412913218 861.8991113560913 -1908.080799281741
8833.242662856535 2198.962774704746 -894.798725089557
5600.034809754316 1182.333962288648 -3248.124225557701
6045.924600001467 293.8946825300999 -3469.165686948623
8025.871158640822 4859.74678715378 -1745.234911576793
8744.969937901487 492.9171737859192 -5145.922060224791
11612.0674128225 5378.296588755394 -2161.893641637723
7049.877025277497 2415.433060267288 -1935.057556886427
6613.296411786034 7006.690784044432 -912.0994013332271
7452.060617847929 4066.198640503467 -4015.082263666247
$EndNodes
$Elements
60 9184 1 9184
2 9 2 1
1 10 14 11 
2 11 2 14
2 151 157 9 
3 18 354 19 
4 152 354 18 
5 19 354 147 
6 148 147 153 
7 147 152 153 
8 147 354 152 
9 154 149 148 
10 154 148 153 
11 150 149 155 
12 155 149 154 
13 156 151 150 
14 156 150 155 
15 156 157 151 
2 12 2 44
16 161 9 157 
17 162 152 18 
18 22 158 168 
19 152 364 153 
20 162 364 152 
21 153 360 154 
22 153 364 360 
23 154 357 155 
24 154 360 357 
25 155 359 156 
26 357 359 155 
27 156 366 157 
28 359 366 156 
29 157 366 161 
30 159 362 158 
31 158 362 168 
32 160 358 159 
33 358 362 159 
34 161 356 160 
35 356 358 160 
36 161 366 356 
37 163 364 162 
38 164 360 163 
39 360 364 163 
40 165 361 164 
41 164 361 360 
42 166 355 165 
43 355 361 165 
44 167 363 166 
45 166 363 355 
46 168 362 167 
47 362 363 167 
48 355 367 361 
49 363 365 355 
50 365 367 355 
51 356 365 358 
52 356 366 365 
53 357 367 359 
54 360 361 357 
55 361 367 357 
56 358 363 362 
57 358 365 363 
58 365 366 359 
59 359 367 365 
2 13 2 41
60 17 379 112 
61 119 379 17 
62 18 109 162 
63 123 22 168 
64 110 373 109 
65 109 373 162 
66 111 369 110 
67 369 373 110 
68 112 372 111 
69 111 372 369 
70 112 379 372 
71 120 368 119 
72 368 379 119 
73 121 377 120 
74 120 377 368 
75 122 375 121 
76 121 375 370 
77 370 377 121 
78 123 376 122 
79 122 376 375 
80 168 376 123 
81 162 373 163 
82 163 374 164 
83 373 374 163 
84 164 371 165 
85 164 374 371 
86 165 370 166 
87 165 371 370 
88 166 375 167 
89 370 375 166 
90 167 376 168 
91 375 376 167 
92 368 377 371 
93 371 378 368 
94 368 378 372 
95 372 379 368 
96 372 378 369 
97 369 374 373 
98 369 378 374 
99 371 377 370 
100 374 378 371 
2 14 2 10
101 92 9 86 
102 13 380 12 
103 12 380 88 
104 89 380 13 
105 86 87 91 
106 92 86 91 
107 90 87 88 
108 91 87 90 
109 88 89 90 
110 88 380 89 
2 17 2 30
111 9 161 174 
112 169 126 20 
113 124 388 22 
114 22 388 158 
115 125 387 124 
116 387 388 124 
117 126 384 125 
118 384 387 125 
119 169 384 126 
120 158 381 159 
121 158 388 381 
122 159 383 160 
123 381 383 159 
124 160 385 161 
125 383 385 160 
126 161 385 174 
127 170 384 169 
128 171 382 170 
129 382 384 170 
130 172 386 171 
131 171 386 382 
132 173 383 172 
133 383 386 172 
134 174 385 173 
135 173 385 383 
136 382 386 381 
137 381 387 382 
138 381 386 383 
139 381 388 387 
140 382 387 384 
2 18 2 12
141 174 179 9 
142 20 21 169 
143 21 175 169 
144 169 175 170 
145 170 176 171 
146 170 175 176 
147 171 177 172 
148 171 176 177 
149 172 178 173 
150 172 177 178 
151 173 179 174 
152 173 178 179 
2 19 2 22
153 86 9 179 
154 88 393 12 
155 12 393 118 
156 116 175 21 
157 86 392 87 
158 179 392 86 
159 87 390 88 
160 87 392 390 
161 390 393 88 
162 117 391 116 
163 116 391 175 
164 118 389 117 
165 389 391 117 
166 118 393 389 
167 175 391 176 
168 176 389 177 
169 176 391 389 
170 177 390 178 
171 389 390 177 
172 178 392 179 
173 390 392 178 
174 389 393 390 
2 20 2 104
175 59 2 429 
176 2 93 429 
177 4 67 430 
178 103 4 430 
179 14 10 428 
180 10 99 419 
181 10 419 428 
182 95 14 428 
183 96 15 415 
184 15 102 394 
185 15 394 415 
186 100 16 431 
187 16 105 431 
188 60 59 418 
189 418 59 429 
190 61 60 398 
191 398 60 418 
192 62 61 411 
193 61 398 411 
194 63 62 396 
195 396 62 411 
196 64 63 414 
197 63 396 414 
198 65 64 406 
199 406 64 414 
200 66 65 397 
201 397 65 406 
202 67 66 402 
203 66 397 402 
204 67 402 430 
205 93 94 401 
206 93 401 429 
207 94 95 416 
208 401 94 416 
209 416 95 428 
210 97 96 399 
211 399 96 415 
212 98 97 408 
213 97 399 408 
214 99 98 395 
215 395 98 408 
216 99 395 419 
217 101 100 420 
218 420 100 431 
219 102 101 422 
220 101 420 422 
221 394 102 422 
222 104 103 417 
223 417 103 430 
224 105 104 400 
225 400 104 417 
226 105 400 431 
227 405 394 422 
228 394 405 432 
229 415 394 421 
230 421 394 432 
231 395 408 423 
232 419 395 426 
233 395 423 426 
234 396 411 424 
235 414 396 425 
236 396 424 425 
237 402 397 403 
238 403 397 404 
239 404 397 406 
240 411 398 412 
241 412 398 413 
242 413 398 418 
243 408 399 409 
244 409 399 410 
245 410 399 415 
246 400 417 427 
247 420 400 427 
248 400 420 431 
249 413 401 416 
250 401 413 418 
251 401 418 429 
252 402 403 417 
253 402 417 430 
254 403 404 405 
255 403 405 427 
256 417 403 427 
257 405 404 432 
258 404 406 407 
259 404 407 432 
260 420 405 422 
261 405 420 427 
262 407 406 414 
263 407 410 421 
264 410 407 425 
265 407 414 425 
266 407 421 432 
267 408 409 423 
268 409 410 424 
269 409 412 423 
270 412 409 424 
271 410 415 421 
272 424 410 425 
273 411 412 424 
274 412 413 426 
275 423 412 426 
276 413 416 426 
277 416 419 426 
278 419 416 428 
2 23 2 104
279 77 470 6 
280 6 470 106 
281 8 469 85 
282 113 469 8 
283 108 467 17 
284 17 467 119 
285 20 468 115 
286 126 468 20 
287 123 434 22 
288 22 440 124 
289 434 440 22 
290 78 459 77 
291 459 470 77 
292 79 463 78 
293 78 463 459 
294 80 435 79 
295 435 463 79 
296 81 464 80 
297 80 464 435 
298 82 462 81 
299 462 464 81 
300 83 437 82 
301 437 462 82 
302 84 447 83 
303 83 447 437 
304 85 456 84 
305 84 456 447 
306 85 469 456 
307 106 439 107 
308 106 470 439 
309 107 458 108 
310 439 458 107 
311 458 467 108 
312 114 438 113 
313 438 469 113 
314 115 457 114 
315 114 457 438 
316 115 468 457 
317 119 455 120 
318 119 467 455 
319 120 436 121 
320 120 455 436 
321 121 451 122 
322 436 451 121 
323 122 446 123 
324 122 451 446 
325 123 446 434 
326 124 433 125 
327 124 440 433 
328 125 450 126 
329 433 450 125 
330 450 468 126 
331 440 460 433 
332 433 461 450 
333 460 461 433 
334 434 441 440 
335 434 442 441 
336 434 446 442 
337 435 464 444 
338 444 465 435 
339 454 463 435 
340 435 465 454 
341 436 452 451 
342 436 453 452 
343 436 455 453 
344 443 462 437 
345 437 471 443 
346 447 448 437 
347 448 471 437 
348 449 456 438 
349 438 457 449 
350 456 469 438 
351 439 466 458 
352 459 466 439 
353 439 470 459 
354 441 460 440 
355 442 443 441 
356 443 471 441 
357 448 460 441 
358 441 471 448 
359 442 444 443 
360 442 445 444 
361 442 446 445 
362 444 462 443 
363 445 465 444 
364 444 464 462 
365 446 451 445 
366 451 452 445 
367 452 465 445 
368 447 449 448 
369 447 456 449 
370 449 461 448 
371 448 461 460 
372 457 461 449 
373 450 461 457 
374 457 468 450 
375 453 454 452 
376 454 465 452 
377 453 466 454 
378 455 458 453 
379 458 466 453 
380 459 463 454 
381 454 466 459 
382 455 467 458 
2 24 2 146
383 1 50 527 
384 131 1 527 
385 58 3 528 
386 3 136 528 
387 10 14 526 
388 99 10 507 
389 507 10 526 
390 14 127 526 
391 15 96 508 
392 102 15 472 
393 472 15 508 
394 16 100 525 
395 132 16 525 
396 50 51 481 
397 50 481 527 
398 51 52 509 
399 481 51 509 
400 52 53 473 
401 52 473 509 
402 53 54 501 
403 473 53 501 
404 54 55 475 
405 54 475 501 
406 55 56 518 
407 475 55 518 
408 56 57 478 
409 56 478 518 
410 57 58 521 
411 478 57 521 
412 521 58 528 
413 96 97 474 
414 96 474 508 
415 97 98 482 
416 474 97 482 
417 98 99 479 
418 98 479 482 
419 479 99 507 
420 100 101 480 
421 100 480 525 
422 101 102 500 
423 480 101 500 
424 102 472 500 
425 127 128 515 
426 127 515 526 
427 128 129 477 
428 128 477 515 
429 129 130 510 
430 477 129 510 
431 130 131 513 
432 510 130 513 
433 513 131 527 
434 133 132 498 
435 498 132 525 
436 134 133 522 
437 133 498 522 
438 135 134 476 
439 476 134 522 
440 136 135 523 
441 135 476 523 
442 136 523 528 
443 472 499 500 
444 499 472 511 
445 472 508 511 
446 473 501 502 
447 473 502 503 
448 473 503 509 
449 474 482 483 
450 474 483 484 
451 474 484 508 
452 493 475 518 
453 475 493 529 
454 501 475 516 
455 516 475 529 
456 494 476 495 
457 476 494 496 
458 495 476 522 
459 476 496 523 
460 477 510 514 
461 477 514 524 
462 515 477 524 
463 478 493 518 
464 493 478 520 
465 478 496 520 
466 496 478 521 
467 482 479 504 
468 504 479 506 
469 506 479 507 
470 480 497 498 
471 497 480 500 
472 480 498 525 
473 481 509 512 
474 481 512 513 
475 481 513 527 
476 483 482 504 
477 484 483 485 
478 485 483 487 
479 487 483 504 
480 484 485 486 
481 484 486 511 
482 508 484 511 
483 486 485 488 
484 485 487 517 
485 488 485 517 
486 486 488 489 
487 486 489 490 
488 486 490 511 
489 487 504 505 
490 487 505 519 
491 517 487 519 
492 489 488 529 
493 488 502 516 
494 502 488 517 
495 488 516 529 
496 490 489 491 
497 491 489 493 
498 493 489 529 
499 490 491 492 
500 490 492 499 
501 490 499 511 
502 492 491 494 
503 491 493 520 
504 494 491 520 
505 492 494 495 
506 492 495 497 
507 492 497 499 
508 496 494 520 
509 497 495 498 
510 498 495 522 
511 496 521 523 
512 499 497 500 
513 502 501 516 
514 503 502 519 
515 502 517 519 
516 509 503 512 
517 512 503 519 
518 505 504 506 
519 505 506 524 
520 505 514 519 
521 514 505 524 
522 506 507 515 
523 506 515 524 
524 515 507 526 
525 512 510 513 
526 510 512 514 
527 514 512 519 
528 523 521 528 
2 27 2 148
529 5 586 68 
530 141 586 5 
531 76 585 7 
532 7 585 146 
533 119 583 17 
534 17 583 137 
535 20 584 126 
536 142 584 20 
537 22 574 123 
538 124 533 22 
539 533 574 22 
540 68 540 69 
541 68 586 540 
542 69 564 70 
543 540 564 69 
544 70 532 71 
545 70 564 532 
546 71 567 72 
547 532 567 71 
548 72 563 73 
549 72 567 563 
550 73 531 74 
551 73 563 531 
552 74 541 75 
553 531 541 74 
554 75 537 76 
555 75 541 537 
556 537 585 76 
557 120 572 119 
558 572 583 119 
559 121 534 120 
560 534 572 120 
561 122 575 121 
562 121 575 534 
563 123 530 122 
564 530 575 122 
565 123 574 530 
566 125 561 124 
567 124 561 533 
568 126 538 125 
569 538 561 125 
570 126 584 538 
571 137 539 138 
572 137 583 539 
573 138 568 139 
574 539 568 138 
575 139 535 140 
576 139 568 535 
577 140 573 141 
578 535 573 140 
579 573 586 141 
580 143 571 142 
581 571 584 142 
582 144 536 143 
583 536 571 143 
584 145 581 144 
585 144 581 536 
586 146 560 145 
587 560 581 145 
588 146 585 560 
589 530 574 555 
590 555 576 530 
591 556 575 530 
592 530 576 556 
593 531 542 541 
594 531 543 542 
595 531 563 543 
596 564 570 532 
597 532 569 567 
598 532 570 569 
599 561 562 533 
600 562 587 533 
601 533 587 574 
602 534 575 556 
603 556 577 534 
604 534 580 572 
605 577 580 534 
606 565 573 535 
607 535 582 565 
608 568 582 535 
609 558 559 536 
610 536 581 558 
611 559 588 536 
612 536 588 571 
613 541 557 537 
614 557 560 537 
615 560 585 537 
616 538 579 561 
617 538 584 571 
618 571 588 538 
619 538 588 579 
620 539 580 568 
621 572 580 539 
622 539 583 572 
623 540 565 564 
624 540 573 565 
625 540 586 573 
626 542 557 541 
627 543 544 542 
628 544 546 542 
629 546 557 542 
630 543 545 544 
631 543 566 545 
632 563 566 543 
633 545 547 544 
634 544 578 546 
635 547 578 544 
636 545 548 547 
637 545 549 548 
638 545 566 549 
639 546 558 557 
640 546 559 558 
641 546 578 559 
642 548 555 547 
643 555 587 547 
644 562 578 547 
645 547 587 562 
646 549 550 548 
647 550 576 548 
648 548 576 555 
649 549 551 550 
650 549 569 551 
651 566 569 549 
652 551 552 550 
653 552 556 550 
654 556 576 550 
655 551 553 552 
656 551 570 553 
657 569 570 551 
658 553 554 552 
659 554 577 552 
660 552 577 556 
661 553 582 554 
662 553 570 565 
663 565 582 553 
664 568 580 554 
665 554 582 568 
666 554 580 577 
667 574 587 555 
668 558 560 557 
669 558 581 560 
670 559 578 562 
671 562 579 559 
672 579 588 559 
673 561 579 562 
674 563 567 566 
675 565 570 564 
676 567 569 566 
2 28 2 35
677 23 180 193 
678 184 183 24 
679 189 25 190 
680 181 598 180 
681 180 598 193 
682 182 594 181 
683 594 598 181 
684 183 595 182 
685 592 594 182 
686 182 595 592 
687 184 595 183 
688 185 595 184 
689 186 592 185 
690 592 595 185 
691 187 589 186 
692 589 592 186 
693 188 596 187 
694 187 596 589 
695 189 593 188 
696 593 596 188 
697 190 593 189 
698 191 593 190 
699 192 591 191 
700 591 593 191 
701 193 590 192 
702 590 591 192 
703 193 598 590 
704 589 594 592 
705 589 597 594 
706 596 597 589 
707 590 597 591 
708 590 598 597 
709 591 596 593 
710 591 597 596 
711 597 598 594 
2 29 2 11
712 306 23 193 
713 47 599 25 
714 25 599 190 
715 303 599 47 
716 191 190 303 
717 190 599 303 
718 191 304 192 
719 191 303 304 
720 305 193 192 
721 192 304 305 
722 306 193 305 
2 30 2 27
723 205 24 194 
724 26 606 197 
725 198 606 26 
726 201 200 27 
727 195 604 194 
728 194 604 205 
729 196 601 195 
730 601 604 195 
731 197 602 196 
732 196 602 601 
733 197 606 602 
734 199 600 198 
735 600 606 198 
736 200 603 199 
737 199 603 600 
738 201 603 200 
739 202 603 201 
740 203 605 202 
741 202 605 603 
742 204 601 203 
743 601 605 203 
744 205 604 204 
745 204 604 601 
746 600 605 602 
747 602 606 600 
748 603 605 600 
749 602 605 601 
2 31 2 15
750 24 205 184 
751 311 25 189 
752 27 311 189 
753 189 607 27 
754 27 607 201 
755 184 205 185 
756 204 186 185 
757 205 204 185 
758 187 186 203 
759 203 186 204 
760 187 202 188 
761 203 202 187 
762 188 607 189 
763 188 202 201 
764 201 607 188 
2 35 2 12
765 30 215 290 
766 31 609 217 
767 257 609 31 
768 42 292 257 
769 290 215 216 
770 217 608 216 
771 290 216 291 
772 216 608 291 
773 217 609 608 
774 292 609 257 
775 291 608 292 
776 608 609 292 
2 36 2 10
777 214 24 206 
778 29 210 28 
779 210 209 28 
780 213 206 207 
781 214 206 213 
782 207 208 212 
783 213 207 212 
784 209 211 208 
785 208 211 212 
786 210 211 209 
2 37 2 30
787 24 214 353 
788 210 29 346 
789 350 349 49 
790 210 613 211 
791 346 613 210 
792 211 615 212 
793 613 615 211 
794 212 611 213 
795 212 615 611 
796 213 616 214 
797 611 616 213 
798 214 616 353 
799 347 613 346 
800 348 610 347 
801 610 613 347 
802 349 612 348 
803 348 612 610 
804 350 612 349 
805 351 612 350 
806 352 617 351 
807 351 614 612 
808 351 617 614 
809 353 616 352 
810 616 617 352 
811 612 614 610 
812 610 615 613 
813 614 615 610 
814 611 615 614 
815 614 617 611 
816 611 617 616 
2 38 2 16
817 353 194 24 
818 197 620 26 
819 26 620 310 
820 350 49 310 
821 195 194 353 
822 195 619 196 
823 352 195 353 
824 352 619 195 
825 196 618 197 
826 196 619 618 
827 618 620 197 
828 310 618 350 
829 310 620 618 
830 350 618 351 
831 351 619 352 
832 618 619 351 
2 39 2 21
833 29 314 346 
834 307 625 48 
835 48 625 316 
836 309 49 349 
837 308 621 307 
838 621 625 307 
839 309 624 308 
840 308 624 621 
841 349 624 309 
842 315 623 314 
843 314 623 346 
844 316 622 315 
845 622 623 315 
846 316 625 622 
847 346 623 347 
848 347 622 348 
849 347 623 622 
850 348 624 349 
851 348 622 621 
852 621 624 348 
853 622 625 621 
2 42 2 11
854 242 626 38 
855 38 626 251 
856 242 39 270 
857 268 40 250 
858 270 626 242 
859 251 627 250 
860 250 627 268 
861 626 627 251 
862 268 627 269 
863 269 626 270 
864 269 627 626 
2 43 2 56
865 93 2 644 
866 2 221 644 
867 95 11 14 
868 11 95 640 
869 218 11 640 
870 30 32 636 
871 215 30 631 
872 631 30 636 
873 217 225 31 
874 32 220 636 
875 94 93 630 
876 630 93 644 
877 95 94 637 
878 94 630 637 
879 95 637 640 
880 216 215 641 
881 215 631 641 
882 217 216 632 
883 632 216 641 
884 225 217 632 
885 219 218 638 
886 638 218 640 
887 220 219 628 
888 628 219 638 
889 220 628 636 
890 221 222 639 
891 221 639 644 
892 222 223 633 
893 222 633 639 
894 223 224 629 
895 223 629 633 
896 224 225 632 
897 629 224 632 
898 636 628 642 
899 628 638 643 
900 642 628 643 
901 629 632 641 
902 633 629 634 
903 634 629 645 
904 629 641 645 
905 637 630 646 
906 639 630 644 
907 630 639 646 
908 631 636 642 
909 641 631 645 
910 631 642 645 
911 633 634 635 
912 633 635 639 
913 635 634 643 
914 634 642 643 
915 642 634 645 
916 639 635 646 
917 635 643 646 
918 637 638 640 
919 638 637 646 
920 643 638 646 
2 44 2 35
921 230 99 10 
922 96 655 15 
923 15 655 233 
924 34 650 33 
925 33 650 35 
926 231 650 34 
927 35 650 226 
928 97 647 96 
929 647 655 96 
930 98 656 97 
931 97 656 647 
932 99 653 98 
933 98 653 649 
934 649 656 98 
935 230 653 99 
936 226 648 227 
937 226 654 648 
938 650 654 226 
939 227 651 228 
940 648 651 227 
941 228 649 229 
942 228 651 649 
943 229 653 230 
944 649 653 229 
945 232 654 231 
946 231 654 650 
947 233 652 232 
948 652 654 232 
949 233 655 652 
950 651 652 647 
951 647 656 651 
952 652 655 647 
953 648 652 651 
954 648 654 652 
955 651 656 649 
2 45 2 29
956 102 15 238 
957 100 662 16 
958 16 662 241 
959 37 664 36 
960 36 664 234 
961 239 664 37 
962 101 658 100 
963 658 662 100 
964 102 660 101 
965 101 660 658 
966 238 660 102 
967 234 659 235 
968 234 664 659 
969 235 657 236 
970 235 659 657 
971 236 663 237 
972 657 663 236 
973 237 660 238 
974 237 663 660 
975 240 659 239 
976 659 664 239 
977 241 661 240 
978 240 661 659 
979 241 662 661 
980 657 661 658 
981 658 663 657 
982 659 661 657 
983 660 663 658 
984 661 662 658 
2 46 2 53
985 103 681 4 
986 4 681 245 
987 16 680 105 
988 241 680 16 
989 37 674 239 
990 244 674 37 
991 249 242 38 
992 242 669 39 
993 39 677 243 
994 669 677 39 
995 104 667 103 
996 667 681 103 
997 105 676 104 
998 104 676 667 
999 105 680 676 
1000 239 665 240 
1001 239 674 665 
1002 240 673 241 
1003 665 673 240 
1004 673 680 241 
1005 249 669 242 
1006 243 668 244 
1007 243 677 668 
1008 668 674 244 
1009 245 675 246 
1010 245 681 675 
1011 246 670 247 
1012 246 675 670 
1013 247 666 248 
1014 247 670 666 
1015 248 669 249 
1016 666 669 248 
1017 665 679 673 
1018 674 678 665 
1019 678 679 665 
1020 666 682 669 
1021 670 671 666 
1022 671 682 666 
1023 672 675 667 
1024 667 676 672 
1025 675 681 667 
1026 671 678 668 
1027 668 682 671 
1028 668 678 674 
1029 677 682 668 
1030 669 682 677 
1031 670 672 671 
1032 670 675 672 
1033 672 679 671 
1034 671 679 678 
1035 676 679 672 
1036 673 679 676 
1037 676 680 673 
2 47 2 172
1038 2 59 747 
1039 221 2 747 
1040 67 4 752 
1041 4 245 752 
1042 31 225 750 
1043 257 31 750 
1044 249 38 748 
1045 38 251 748 
1046 250 40 719 
1047 40 253 688 
1048 40 688 719 
1049 252 41 683 
1050 41 256 721 
1051 683 41 721 
1052 254 42 690 
1053 42 257 694 
1054 690 42 694 
1055 59 60 733 
1056 59 733 747 
1057 60 61 728 
1058 60 728 733 
1059 61 62 684 
1060 61 684 728 
1061 62 63 725 
1062 684 62 725 
1063 63 64 723 
1064 63 723 725 
1065 64 65 685 
1066 64 685 723 
1067 65 66 722 
1068 685 65 722 
1069 66 67 691 
1070 66 691 722 
1071 691 67 752 
1072 222 221 692 
1073 692 221 747 
1074 223 222 727 
1075 222 692 727 
1076 224 223 689 
1077 689 223 727 
1078 225 224 743 
1079 224 689 743 
1080 225 743 750 
1081 245 246 746 
1082 245 746 752 
1083 246 247 744 
1084 720 246 744 
1085 246 720 746 
1086 247 248 687 
1087 247 687 744 
1088 248 249 730 
1089 687 248 730 
1090 730 249 748 
1091 251 250 693 
1092 693 250 719 
1093 251 693 748 
1094 253 252 735 
1095 252 683 735 
1096 688 253 735 
1097 255 254 737 
1098 254 690 737 
1099 256 255 686 
1100 686 255 737 
1101 256 686 721 
1102 694 257 750 
1103 715 683 732 
1104 683 715 735 
1105 683 721 732 
1106 684 725 726 
1107 684 726 749 
1108 728 684 749 
1109 716 685 722 
1110 685 716 724 
1111 723 685 724 
1112 721 686 729 
1113 729 686 739 
1114 686 737 739 
1115 718 687 731 
1116 687 718 744 
1117 687 730 731 
1118 715 688 735 
1119 688 715 741 
1120 719 688 741 
1121 695 689 697 
1122 689 695 743 
1123 697 689 736 
1124 689 727 736 
1125 690 694 695 
1126 690 695 696 
1127 690 696 737 
1128 717 691 720 
1129 691 717 722 
1130 720 691 746 
1131 746 691 752 
1132 727 692 751 
1133 733 692 747 
1134 692 733 751 
1135 693 719 742 
1136 730 693 731 
1137 693 730 748 
1138 731 693 742 
1139 695 694 743 
1140 743 694 750 
1141 696 695 697 
1142 696 697 698 
1143 696 698 739 
1144 737 696 739 
1145 698 697 699 
1146 699 697 736 
1147 698 699 700 
1148 698 700 701 
1149 698 701 739 
1150 700 699 713 
1151 713 699 714 
1152 714 699 736 
1153 701 700 702 
1154 702 700 745 
1155 700 713 745 
1156 701 702 703 
1157 701 703 729 
1158 701 729 739 
1159 703 702 704 
1160 704 702 705 
1161 705 702 745 
1162 703 704 706 
1163 703 706 732 
1164 729 703 732 
1165 704 705 734 
1166 706 704 707 
1167 707 704 734 
1168 705 726 740 
1169 726 705 745 
1170 734 705 740 
1171 706 707 708 
1172 706 708 715 
1173 706 715 732 
1174 708 707 709 
1175 709 707 710 
1176 710 707 734 
1177 708 709 712 
1178 708 712 741 
1179 715 708 741 
1180 709 710 711 
1181 709 711 738 
1182 712 709 738 
1183 711 710 716 
1184 716 710 724 
1185 724 710 734 
1186 711 716 717 
1187 711 717 718 
1188 711 718 738 
1189 731 712 738 
1190 712 731 742 
1191 741 712 742 
1192 713 714 749 
1193 713 726 745 
1194 726 713 749 
1195 727 714 736 
1196 714 727 751 
1197 714 728 749 
1198 728 714 751 
1199 717 716 722 
1200 718 717 720 
1201 718 720 744 
1202 718 731 738 
1203 719 741 742 
1204 721 729 732 
1205 723 724 740 
1206 725 723 740 
1207 724 734 740 
1208 726 725 740 
1209 733 728 751 
2 48 2 3
1210 259 32 30 
1211 258 32 259 
1212 259 43 258 
2 49 2 35
1213 218 260 11 
1214 32 762 220 
1215 258 762 32 
1216 43 753 258 
1217 266 759 43 
1218 43 759 753 
1219 45 44 265 
1220 265 758 45 
1221 45 758 267 
1222 219 757 218 
1223 218 757 260 
1224 220 760 219 
1225 219 760 757 
1226 220 762 760 
1227 753 762 258 
1228 260 757 261 
1229 261 754 262 
1230 261 757 754 
1231 262 756 263 
1232 754 756 262 
1233 263 755 264 
1234 263 756 755 
1235 264 758 265 
1236 755 758 264 
1237 267 755 266 
1238 755 759 266 
1239 267 758 755 
1240 759 761 753 
1241 753 761 760 
1242 760 762 753 
1243 754 761 756 
1244 757 760 754 
1245 760 761 754 
1246 756 759 755 
1247 756 761 759 
2 50 2 15
1248 260 10 11 
1249 230 10 260 
1250 44 35 226 
1251 226 265 44 
1252 227 265 226 
1253 228 264 227 
1254 264 265 227 
1255 229 763 228 
1256 228 263 264 
1257 228 763 263 
1258 229 230 261 
1259 229 261 262 
1260 262 763 229 
1261 261 230 260 
1262 263 763 262 
2 51 2 34
1263 33 768 34 
1264 274 768 33 
1265 34 768 275 
1266 276 270 39 
1267 271 40 268 
1268 275 764 46 
1269 46 764 278 
1270 269 772 268 
1271 268 772 271 
1272 270 767 269 
1273 767 772 269 
1274 276 767 270 
1275 271 765 272 
1276 271 772 765 
1277 272 769 273 
1278 765 769 272 
1279 273 770 274 
1280 769 770 273 
1281 764 768 274 
1282 274 770 764 
1283 275 768 764 
1284 277 773 276 
1285 276 773 767 
1286 278 766 277 
1287 766 773 277 
1288 764 770 278 
1289 278 770 766 
1290 765 771 769 
1291 765 772 771 
1292 766 770 769 
1293 769 771 766 
1294 771 773 766 
1295 771 772 767 
1296 767 773 771 
2 52 2 24
1297 35 778 33 
1298 33 778 274 
1299 282 778 35 
1300 271 253 40 
1301 252 779 41 
1302 41 779 279 
1303 253 776 252 
1304 776 779 252 
1305 271 776 253 
1306 272 774 271 
1307 774 776 271 
1308 273 775 272 
1309 272 775 774 
1310 274 777 273 
1311 273 777 775 
1312 282 777 274 
1313 274 778 282 
1314 279 774 280 
1315 279 779 774 
1316 280 775 281 
1317 774 775 280 
1318 281 777 282 
1319 775 777 281 
1320 774 779 776 
2 53 2 29
1321 238 15 233 
1322 34 787 231 
1323 275 787 34 
1324 284 36 234 
1325 46 781 275 
1326 283 783 46 
1327 46 783 781 
1328 231 786 232 
1329 231 787 786 
1330 232 785 233 
1331 782 785 232 
1332 232 786 782 
1333 233 785 238 
1334 235 784 234 
1335 234 784 284 
1336 236 780 235 
1337 780 784 235 
1338 237 782 236 
1339 236 782 780 
1340 238 785 237 
1341 237 785 782 
1342 781 787 275 
1343 284 784 283 
1344 283 784 783 
1345 781 783 780 
1346 780 786 781 
1347 782 786 780 
1348 783 784 780 
1349 786 787 781 
2 54 2 15
1350 37 36 244 
1351 36 788 244 
1352 284 788 36 
1353 276 39 243 
1354 46 278 283 
1355 244 789 243 
1356 243 789 276 
1357 788 789 244 
1358 276 789 277 
1359 277 790 278 
1360 277 789 788 
1361 788 790 277 
1362 278 790 283 
1363 283 790 284 
1364 284 790 788 
2 55 2 37
1365 282 35 44 
1366 41 799 256 
1367 279 799 41 
1368 285 42 254 
1369 45 794 44 
1370 44 794 282 
1371 289 794 45 
1372 255 795 254 
1373 254 795 285 
1374 256 796 255 
1375 255 796 795 
1376 256 799 796 
1377 280 791 279 
1378 791 799 279 
1379 281 798 280 
1380 280 798 791 
1381 282 793 281 
1382 793 798 281 
1383 282 794 793 
1384 285 795 286 
1385 286 797 287 
1386 795 797 286 
1387 287 792 288 
1388 287 797 792 
1389 288 800 289 
1390 792 800 288 
1391 793 794 289 
1392 289 800 793 
1393 796 799 791 
1394 791 801 796 
1395 798 801 791 
1396 797 801 792 
1397 798 800 792 
1398 792 801 798 
1399 793 800 798 
1400 796 797 795 
1401 796 801 797 
2 56 2 31
1402 30 807 259 
1403 290 807 30 
1404 42 285 292 
1405 259 802 43 
1406 43 810 266 
1407 802 810 43 
1408 289 45 267 
1409 259 807 802 
1410 266 804 267 
1411 266 810 804 
1412 267 804 289 
1413 286 806 285 
1414 285 806 292 
1415 287 803 286 
1416 803 806 286 
1417 288 805 287 
1418 287 805 803 
1419 289 804 288 
1420 804 805 288 
1421 291 808 290 
1422 290 808 807 
1423 292 806 291 
1424 806 808 291 
1425 802 809 805 
1426 805 810 802 
1427 807 809 802 
1428 805 809 803 
1429 803 808 806 
1430 803 809 808 
1431 804 810 805 
1432 808 809 807 
2 57 2 62
1433 6 106 828 
1434 295 6 828 
1435 108 17 830 
1436 17 112 830 
1437 18 19 816 
1438 109 18 814 
1439 814 18 816 
1440 19 32 30 
1441 19 30 816 
1442 30 215 816 
1443 217 31 821 
1444 31 293 821 
1445 106 107 813 
1446 106 813 828 
1447 107 108 819 
1448 813 107 819 
1449 819 108 830 
1450 110 109 822 
1451 109 814 822 
1452 111 110 812 
1453 812 110 822 
1454 112 111 823 
1455 111 812 823 
1456 112 823 830 
1457 215 216 817 
1458 816 215 817 
1459 216 217 811 
1460 216 811 817 
1461 811 217 821 
1462 293 294 815 
1463 293 815 821 
1464 294 295 825 
1465 815 294 825 
1466 825 295 828 
1467 817 811 818 
1468 818 811 829 
1469 811 821 829 
1470 812 822 824 
1471 823 812 827 
1472 812 824 827 
1473 813 819 820 
1474 813 820 832 
1475 813 825 828 
1476 825 813 832 
1477 814 816 817 
1478 814 817 831 
1479 822 814 831 
1480 821 815 829 
1481 815 825 832 
1482 815 826 829 
1483 826 815 832 
1484 817 818 831 
1485 824 818 826 
1486 818 824 831 
1487 826 818 829 
1488 820 819 827 
1489 819 823 827 
1490 823 819 830 
1491 820 824 826 
1492 824 820 827 
1493 820 826 832 
1494 824 822 831 
2 58 2 21
1495 9 296 151 
1496 19 835 32 
1497 147 835 19 
1498 32 835 258 
1499 148 43 147 
1500 147 43 258 
1501 266 43 148 
1502 45 833 44 
1503 44 833 296 
1504 150 833 45 
1505 45 834 150 
1506 267 834 45 
1507 258 835 147 
1508 149 836 148 
1509 148 836 266 
1510 150 834 149 
1511 834 836 149 
1512 151 833 150 
1513 296 833 151 
1514 266 836 267 
1515 267 836 834 
2 59 2 120
1516 77 6 876 
1517 6 295 876 
1518 8 85 872 
1519 299 8 872 
1520 31 257 878 
1521 293 31 878 
1522 251 38 874 
1523 38 297 874 
1524 40 250 857 
1525 253 40 838 
1526 838 40 857 
1527 41 252 837 
1528 256 41 862 
1529 41 837 862 
1530 42 254 840 
1531 257 42 858 
1532 42 840 858 
1533 78 77 870 
1534 870 77 876 
1535 79 78 843 
1536 843 78 870 
1537 80 79 863 
1538 79 843 863 
1539 81 80 865 
1540 80 863 865 
1541 82 81 842 
1542 842 81 865 
1543 83 82 846 
1544 82 842 846 
1545 84 83 841 
1546 841 83 846 
1547 85 84 856 
1548 84 841 856 
1549 85 856 872 
1550 250 251 877 
1551 857 250 877 
1552 251 874 877 
1553 252 253 866 
1554 837 252 866 
1555 253 838 866 
1556 254 255 869 
1557 840 254 869 
1558 255 256 839 
1559 255 839 869 
1560 839 256 862 
1561 257 858 878 
1562 294 293 873 
1563 873 293 878 
1564 295 294 845 
1565 845 294 873 
1566 295 845 876 
1567 297 298 844 
1568 297 844 874 
1569 298 299 867 
1570 844 298 867 
1571 867 299 872 
1572 862 837 882 
1573 837 866 881 
1574 837 881 882 
1575 838 857 879 
1576 866 838 881 
1577 838 879 881 
1578 850 839 862 
1579 839 850 871 
1580 869 839 880 
1581 839 871 880 
1582 858 840 859 
1583 859 840 860 
1584 860 840 869 
1585 841 846 853 
1586 841 853 854 
1587 841 854 856 
1588 846 842 847 
1589 847 842 848 
1590 848 842 865 
1591 863 843 864 
1592 864 843 868 
1593 868 843 870 
1594 861 844 875 
1595 844 861 877 
1596 844 867 875 
1597 874 844 877 
1598 845 859 868 
1599 859 845 873 
1600 845 868 870 
1601 845 870 876 
1602 846 847 853 
1603 847 848 849 
1604 847 849 852 
1605 847 852 853 
1606 849 848 850 
1607 850 848 851 
1608 851 848 865 
1609 849 850 882 
1610 852 849 881 
1611 881 849 882 
1612 850 851 871 
1613 850 862 882 
1614 851 863 864 
1615 863 851 865 
1616 851 864 871 
1617 853 852 855 
1618 855 852 879 
1619 879 852 881 
1620 854 853 855 
1621 854 855 875 
1622 856 854 875 
1623 855 857 861 
1624 857 855 879 
1625 855 861 875 
1626 856 867 872 
1627 867 856 875 
1628 861 857 877 
1629 858 859 873 
1630 858 873 878 
1631 859 860 868 
1632 860 864 868 
1633 864 860 880 
1634 860 869 880 
1635 871 864 880 
2 60 2 58
1636 8 899 113 
1637 299 899 8 
1638 12 897 13 
1639 118 887 12 
1640 887 897 12 
1641 244 37 13 
1642 13 897 244 
1643 20 900 21 
1644 115 900 20 
1645 21 892 116 
1646 21 900 892 
1647 242 893 38 
1648 38 893 297 
1649 39 883 242 
1650 243 888 39 
1651 39 888 883 
1652 113 885 114 
1653 113 899 885 
1654 114 895 115 
1655 885 895 114 
1656 895 900 115 
1657 116 884 117 
1658 116 892 884 
1659 117 890 118 
1660 884 890 117 
1661 118 890 887 
1662 883 893 242 
1663 244 902 243 
1664 243 902 888 
1665 897 902 244 
1666 297 886 298 
1667 297 893 886 
1668 298 894 299 
1669 886 894 298 
1670 894 899 299 
1671 888 889 883 
1672 889 896 883 
1673 883 896 893 
1674 889 890 884 
1675 884 891 889 
1676 884 892 891 
1677 885 899 894 
1678 894 901 885 
1679 885 898 895 
1680 885 901 898 
1681 893 896 886 
1682 886 901 894 
1683 896 901 886 
1684 887 890 888 
1685 888 902 887 
1686 887 902 897 
1687 888 890 889 
1688 891 896 889 
1689 892 898 891 
1690 891 901 896 
1691 898 901 891 
1692 895 898 892 
1693 892 900 895 
2 61 2 3
1694 300 296 9 
1695 35 44 296 
1696 296 300 35 
2 62 2 1
1697 13 37 36 
2 63 2 3
1698 300 9 34 
1699 300 34 33 
1700 33 35 300 
2 64 2 14
1701 9 903 34 
1702 92 903 9 
1703 36 89 13 
1704 34 903 275 
1705 36 284 89 
1706 46 91 283 
1707 46 904 91 
1708 275 904 46 
1709 89 284 90 
1710 91 90 283 
1711 90 284 283 
1712 91 904 92 
1713 92 904 903 
1714 903 904 275 
2 65 2 48
1715 47 1 916 
1716 1 131 916 
1717 127 14 11 
1718 127 11 913 
1719 11 218 913 
1720 301 23 914 
1721 23 306 905 
1722 23 905 914 
1723 302 220 32 
1724 303 47 916 
1725 128 127 906 
1726 906 127 913 
1727 129 128 910 
1728 128 906 910 
1729 130 129 917 
1730 129 910 917 
1731 131 130 912 
1732 912 130 917 
1733 131 912 916 
1734 218 219 909 
1735 218 909 913 
1736 219 220 908 
1737 219 908 909 
1738 220 302 919 
1739 908 220 919 
1740 302 301 919 
1741 301 914 919 
1742 304 303 912 
1743 912 303 916 
1744 305 304 907 
1745 907 304 912 
1746 306 305 911 
1747 305 907 911 
1748 905 306 911 
1749 905 911 918 
1750 914 905 915 
1751 915 905 918 
1752 909 906 913 
1753 906 909 915 
1754 910 906 918 
1755 906 915 918 
1756 907 910 911 
1757 910 907 917 
1758 907 912 917 
1759 909 908 914 
1760 914 908 919 
1761 909 914 915 
1762 911 910 918 
2 66 2 39
1763 47 921 1 
1764 1 921 50 
1765 3 923 48 
1766 58 923 3 
1767 25 921 47 
1768 311 921 25 
1769 26 927 198 
1770 310 924 26 
1771 924 927 26 
1772 200 925 27 
1773 27 920 311 
1774 27 925 920 
1775 48 923 307 
1776 309 926 49 
1777 49 922 310 
1778 49 926 922 
1779 50 920 51 
1780 50 921 920 
1781 51 925 52 
1782 920 925 51 
1783 53 52 199 
1784 199 52 200 
1785 52 925 200 
1786 53 927 54 
1787 198 53 199 
1788 198 927 53 
1789 54 924 55 
1790 54 927 924 
1791 55 922 56 
1792 55 924 922 
1793 56 926 57 
1794 922 926 56 
1795 57 308 58 
1796 309 308 57 
1797 57 926 309 
1798 58 308 307 
1799 307 923 58 
1800 922 924 310 
1801 920 921 311 
2 67 2 47
1802 48 940 3 
1803 3 940 136 
1804 132 942 16 
1805 16 942 241 
1806 28 928 29 
1807 313 931 28 
1808 28 931 928 
1809 29 932 314 
1810 928 932 29 
1811 239 312 37 
1812 316 940 48 
1813 133 929 132 
1814 929 942 132 
1815 134 933 133 
1816 133 933 929 
1817 135 941 134 
1818 134 941 933 
1819 136 935 135 
1820 135 935 930 
1821 930 941 135 
1822 136 940 935 
1823 240 937 239 
1824 239 936 312 
1825 239 937 936 
1826 241 938 240 
1827 240 938 937 
1828 241 942 938 
1829 312 936 313 
1830 313 936 931 
1831 314 930 315 
1832 314 932 930 
1833 315 935 316 
1834 930 935 315 
1835 935 940 316 
1836 931 934 928 
1837 928 939 932 
1838 934 939 928 
1839 933 939 929 
1840 934 938 929 
1841 929 939 934 
1842 938 942 929 
1843 932 941 930 
1844 931 937 934 
1845 936 937 931 
1846 932 939 933 
1847 933 941 932 
1848 937 938 934 
2 68 2 29
1849 23 948 180 
1850 301 948 23 
1851 320 24 183 
1852 258 949 32 
1853 32 949 302 
1854 43 943 258 
1855 317 943 43 
1856 180 947 181 
1857 180 948 947 
1858 181 946 182 
1859 944 946 181 
1860 181 947 944 
1861 182 950 183 
1862 946 950 182 
1863 183 950 320 
1864 943 949 258 
1865 302 945 301 
1866 945 948 301 
1867 302 949 945 
1868 318 944 317 
1869 317 944 943 
1870 319 946 318 
1871 318 946 944 
1872 320 950 319 
1873 319 950 946 
1874 944 947 943 
1875 943 947 945 
1876 945 949 943 
1877 947 948 945 
2 69 2 34
1878 323 206 24 
1879 209 959 28 
1880 28 959 313 
1881 37 960 36 
1882 36 954 284 
1883 36 960 954 
1884 312 960 37 
1885 283 956 46 
1886 46 956 321 
1887 206 957 207 
1888 323 957 206 
1889 207 953 208 
1890 207 958 953 
1891 957 958 207 
1892 208 955 209 
1893 953 955 208 
1894 955 959 209 
1895 284 951 283 
1896 951 956 283 
1897 284 954 951 
1898 313 952 312 
1899 952 960 312 
1900 313 959 952 
1901 321 958 322 
1902 956 958 321 
1903 322 957 323 
1904 322 958 957 
1905 951 954 952 
1906 952 955 951 
1907 951 955 953 
1908 953 956 951 
1909 954 960 952 
1910 952 959 955 
1911 953 958 956 
2 70 2 16
1912 323 24 325 
1913 34 963 33 
1914 33 963 324 
1915 275 964 34 
1916 34 964 963 
1917 275 46 321 
1918 321 964 275 
1919 322 961 321 
1920 961 964 321 
1921 323 962 322 
1922 324 961 322 
1923 322 962 324 
1924 325 962 323 
1925 324 962 325 
1926 324 963 961 
1927 963 964 961 
2 71 2 7
1928 325 24 327 
1929 33 965 35 
1930 324 965 33 
1931 35 965 326 
1932 325 326 324 
1933 326 965 324 
1934 327 326 325 
2 72 2 6
1935 327 24 329 
1936 44 35 326 
1937 45 44 328 
1938 328 44 326 
1939 327 329 326 
1940 326 329 328 
2 73 2 15
1941 329 24 320 
1942 43 266 317 
1943 45 968 267 
1944 328 968 45 
1945 267 967 266 
1946 266 967 317 
1947 318 967 267 
1948 267 968 318 
1949 317 967 318 
1950 318 968 319 
1951 319 966 320 
1952 328 966 319 
1953 319 968 328 
1954 320 966 329 
1955 329 966 328 
2 74 2 132
1956 141 5 1018 
1957 5 337 1018 
1958 112 17 1020 
1959 17 137 1020 
1960 19 18 974 
1961 18 109 1004 
1962 974 18 1004 
1963 32 19 978 
1964 19 974 978 
1965 23 301 969 
1966 306 23 1010 
1967 23 969 1010 
1968 302 32 978 
1969 303 330 47 
1970 109 110 970 
1971 109 970 1004 
1972 110 111 1019 
1973 970 110 1019 
1974 111 112 1012 
1975 1000 111 1012 
1976 111 1000 1019 
1977 1012 112 1020 
1978 137 138 976 
1979 137 976 1020 
1980 138 139 999 
1981 976 138 999 
1982 139 140 973 
1983 139 973 999 
1984 140 141 1005 
1985 973 140 1005 
1986 1005 141 1018 
1987 301 302 1002 
1988 969 301 1002 
1989 302 978 1002 
1990 303 304 995 
1991 330 303 995 
1992 304 305 1008 
1993 995 304 1008 
1994 305 306 975 
1995 305 975 1008 
1996 975 306 1010 
1997 331 330 995 
1998 332 331 996 
1999 331 995 996 
2000 333 332 972 
2001 972 332 996 
2002 334 333 997 
2003 333 972 997 
2004 335 334 971 
2005 971 334 997 
2006 336 335 1013 
2007 335 971 1013 
2008 337 336 977 
2009 977 336 1013 
2010 337 977 1018 
2011 994 969 998 
2012 969 994 1010 
2013 998 969 1002 
2014 1004 970 1007 
2015 1007 970 1014 
2016 1014 970 1019 
2017 971 997 1001 
2018 971 1001 1015 
2019 1013 971 1015 
2020 972 996 1003 
2021 997 972 1006 
2022 972 1003 1006 
2023 973 992 1011 
2024 992 973 1017 
2025 999 973 1011 
2026 973 1005 1017 
2027 978 974 979 
2028 979 974 980 
2029 980 974 1004 
2030 975 1003 1008 
2031 1003 975 1016 
2032 975 1010 1016 
2033 991 976 999 
2034 976 991 1000 
2035 976 1000 1012 
2036 976 1012 1020 
2037 993 977 1013 
2038 977 993 1017 
2039 1005 977 1017 
2040 977 1005 1018 
2041 978 979 1002 
2042 979 980 981 
2043 979 981 998 
2044 979 998 1002 
2045 981 980 982 
2046 982 980 1007 
2047 980 1004 1007 
2048 981 982 983 
2049 981 983 985 
2050 981 985 998 
2051 983 982 984 
2052 984 982 987 
2053 987 982 1007 
2054 983 984 1009 
2055 985 983 986 
2056 986 983 1009 
2057 984 987 988 
2058 984 988 989 
2059 984 989 1009 
2060 985 986 990 
2061 985 990 994 
2062 985 994 998 
2063 990 986 1006 
2064 986 1001 1006 
2065 1001 986 1009 
2066 988 987 991 
2067 991 987 1014 
2068 987 1007 1014 
2069 989 988 992 
2070 988 991 1011 
2071 992 988 1011 
2072 989 992 993 
2073 989 993 1015 
2074 1009 989 1015 
2075 994 990 1016 
2076 1003 990 1006 
2077 990 1003 1016 
2078 991 999 1011 
2079 1000 991 1014 
2080 993 992 1017 
2081 993 1013 1015 
2082 1010 994 1016 
2083 996 995 1008 
2084 1003 996 1008 
2085 1001 997 1006 
2086 1000 1014 1019 
2087 1001 1009 1015 
2 75 2 253
2088 68 1120 5 
2089 5 1120 337 
2090 7 1119 76 
2091 345 1119 7 
2092 47 1100 25 
2093 25 1100 311 
2094 198 1021 26 
2095 26 1036 310 
2096 1021 1036 26 
2097 27 1078 200 
2098 311 1032 27 
2099 1032 1078 27 
2100 330 1100 47 
2101 307 1122 48 
2102 48 1122 338 
2103 49 1084 309 
2104 310 1025 49 
2105 1025 1084 49 
2106 69 1035 68 
2107 1035 1120 68 
2108 70 1089 69 
2109 69 1089 1035 
2110 71 1026 70 
2111 1026 1089 70 
2112 72 1124 71 
2113 71 1124 1026 
2114 73 1022 72 
2115 1022 1124 72 
2116 74 1088 73 
2117 73 1088 1022 
2118 75 1028 74 
2119 1028 1088 74 
2120 76 1090 75 
2121 75 1090 1028 
2122 76 1119 1090 
2123 199 1093 198 
2124 198 1093 1021 
2125 200 1029 199 
2126 1029 1093 199 
2127 200 1078 1029 
2128 308 1109 307 
2129 1109 1122 307 
2130 309 1034 308 
2131 1034 1109 308 
2132 309 1084 1034 
2133 310 1036 1025 
2134 311 1100 1032 
2135 331 1080 330 
2136 1080 1116 330 
2137 330 1116 1100 
2138 332 1027 331 
2139 1027 1080 331 
2140 333 1107 332 
2141 332 1107 1027 
2142 334 1023 333 
2143 1023 1107 333 
2144 335 1113 334 
2145 334 1113 1023 
2146 336 1031 335 
2147 1031 1113 335 
2148 337 1105 336 
2149 336 1105 1031 
2150 337 1120 1105 
2151 338 1115 339 
2152 338 1122 1115 
2153 339 1030 340 
2154 339 1115 1030 
2155 340 1095 341 
2156 1030 1095 340 
2157 341 1024 342 
2158 341 1095 1024 
2159 342 1108 343 
2160 1024 1108 342 
2161 343 1033 344 
2162 343 1108 1033 
2163 344 1106 345 
2164 1033 1106 344 
2165 1106 1119 345 
2166 1021 1037 1036 
2167 1021 1038 1037 
2168 1021 1093 1038 
2169 1064 1075 1022 
2170 1022 1088 1064 
2171 1075 1076 1022 
2172 1076 1124 1022 
2173 1065 1067 1023 
2174 1023 1077 1065 
2175 1067 1107 1023 
2176 1023 1113 1077 
2177 1024 1095 1074 
2178 1074 1127 1024 
2179 1024 1127 1108 
2180 1036 1073 1025 
2181 1073 1092 1025 
2182 1025 1092 1084 
2183 1026 1076 1072 
2184 1072 1121 1026 
2185 1026 1124 1076 
2186 1026 1121 1089 
2187 1027 1083 1080 
2188 1027 1118 1083 
2189 1107 1118 1027 
2190 1028 1111 1088 
2191 1090 1091 1028 
2192 1091 1111 1028 
2193 1078 1114 1029 
2194 1029 1102 1093 
2195 1029 1114 1102 
2196 1030 1115 1087 
2197 1087 1117 1030 
2198 1030 1117 1095 
2199 1105 1110 1031 
2200 1110 1125 1031 
2201 1031 1125 1113 
2202 1032 1079 1078 
2203 1032 1116 1079 
2204 1100 1116 1032 
2205 1033 1108 1069 
2206 1069 1123 1033 
2207 1033 1123 1106 
2208 1084 1085 1034 
2209 1085 1086 1034 
2210 1086 1109 1034 
2211 1089 1126 1035 
2212 1105 1120 1035 
2213 1035 1126 1105 
2214 1037 1073 1036 
2215 1038 1039 1037 
2216 1039 1040 1037 
2217 1040 1073 1037 
2218 1038 1101 1039 
2219 1093 1102 1038 
2220 1038 1102 1101 
2221 1039 1041 1040 
2222 1039 1042 1041 
2223 1039 1101 1042 
2224 1041 1096 1040 
2225 1040 1104 1073 
2226 1096 1104 1040 
2227 1042 1043 1041 
2228 1043 1044 1041 
2229 1044 1096 1041 
2230 1042 1097 1043 
2231 1081 1097 1042 
2232 1042 1101 1081 
2233 1043 1045 1044 
2234 1043 1047 1045 
2235 1043 1097 1047 
2236 1045 1046 1044 
2237 1046 1048 1044 
2238 1048 1096 1044 
2239 1045 1098 1046 
2240 1047 1049 1045 
2241 1049 1098 1045 
2242 1046 1051 1048 
2243 1046 1052 1051 
2244 1046 1098 1052 
2245 1047 1050 1049 
2246 1047 1053 1050 
2247 1047 1097 1053 
2248 1051 1054 1048 
2249 1054 1057 1048 
2250 1057 1096 1048 
2251 1050 1103 1049 
2252 1094 1098 1049 
2253 1049 1103 1094 
2254 1053 1056 1050 
2255 1056 1058 1050 
2256 1058 1103 1050 
2257 1052 1055 1051 
2258 1051 1099 1054 
2259 1055 1099 1051 
2260 1052 1059 1055 
2261 1052 1060 1059 
2262 1052 1098 1060 
2263 1053 1065 1056 
2264 1053 1066 1065 
2265 1053 1097 1066 
2266 1054 1061 1057 
2267 1054 1074 1061 
2268 1054 1099 1074 
2269 1059 1063 1055 
2270 1063 1069 1055 
2271 1069 1099 1055 
2272 1056 1070 1058 
2273 1065 1077 1056 
2274 1056 1077 1070 
2275 1061 1062 1057 
2276 1062 1104 1057 
2277 1057 1104 1096 
2278 1070 1071 1058 
2279 1071 1072 1058 
2280 1072 1103 1058 
2281 1060 1064 1059 
2282 1059 1111 1063 
2283 1064 1111 1059 
2284 1060 1075 1064 
2285 1060 1094 1075 
2286 1060 1098 1094 
2287 1061 1087 1062 
2288 1074 1117 1061 
2289 1061 1117 1087 
2290 1062 1087 1085 
2291 1085 1092 1062 
2292 1092 1104 1062 
2293 1063 1123 1069 
2294 1063 1111 1091 
2295 1091 1123 1063 
2296 1088 1111 1064 
2297 1066 1067 1065 
2298 1066 1068 1067 
2299 1066 1081 1068 
2300 1066 1097 1081 
2301 1068 1118 1067 
2302 1067 1118 1107 
2303 1081 1082 1068 
2304 1082 1083 1068 
2305 1083 1118 1068 
2306 1069 1127 1099 
2307 1108 1127 1069 
2308 1070 1110 1071 
2309 1077 1125 1070 
2310 1070 1125 1110 
2311 1071 1121 1072 
2312 1110 1126 1071 
2313 1071 1126 1121 
2314 1076 1112 1072 
2315 1072 1112 1103 
2316 1073 1104 1092 
2317 1095 1117 1074 
2318 1099 1127 1074 
2319 1075 1112 1076 
2320 1094 1112 1075 
2321 1113 1125 1077 
2322 1079 1114 1078 
2323 1080 1083 1079 
2324 1079 1116 1080 
2325 1083 1114 1079 
2326 1081 1101 1082 
2327 1082 1114 1083 
2328 1101 1102 1082 
2329 1102 1114 1082 
2330 1084 1092 1085 
2331 1085 1087 1086 
2332 1087 1115 1086 
2333 1086 1115 1109 
2334 1121 1126 1089 
2335 1090 1106 1091 
2336 1090 1119 1106 
2337 1106 1123 1091 
2338 1103 1112 1094 
2339 1105 1126 1110 
2340 1115 1122 1109 
2 76 2 130
2341 146 1171 7 
2342 7 1171 345 
2343 13 1133 12 
2344 12 1137 118 
2345 1133 1137 12 
2346 37 1162 13 
2347 13 1162 1133 
2348 21 1172 20 
2349 20 1172 142 
2350 116 1135 21 
2351 1135 1172 21 
2352 29 1139 28 
2353 28 1128 313 
2354 28 1139 1128 
2355 314 1134 29 
2356 1134 1139 29 
2357 312 1162 37 
2358 316 48 338 
2359 117 1170 116 
2360 116 1170 1135 
2361 118 1130 117 
2362 1130 1170 117 
2363 118 1175 1130 
2364 1137 1175 118 
2365 142 1165 143 
2366 142 1172 1165 
2367 143 1159 144 
2368 143 1165 1159 
2369 144 1132 145 
2370 144 1159 1132 
2371 145 1164 146 
2372 1132 1164 145 
2373 1164 1171 146 
2374 313 1163 312 
2375 312 1163 1162 
2376 1128 1163 313 
2377 315 1176 314 
2378 314 1176 1134 
2379 316 1153 315 
2380 1153 1176 315 
2381 338 1153 316 
2382 339 1153 338 
2383 340 1155 339 
2384 339 1155 1153 
2385 341 1131 340 
2386 1131 1155 340 
2387 342 1157 341 
2388 341 1157 1131 
2389 343 1129 342 
2390 1129 1157 342 
2391 344 1158 343 
2392 343 1158 1129 
2393 345 1136 344 
2394 1136 1158 344 
2395 345 1171 1136 
2396 1139 1140 1128 
2397 1140 1141 1128 
2398 1141 1163 1128 
2399 1129 1158 1151 
2400 1151 1160 1129 
2401 1129 1160 1157 
2402 1138 1169 1130 
2403 1130 1175 1138 
2404 1130 1169 1154 
2405 1154 1170 1130 
2406 1131 1156 1155 
2407 1131 1177 1156 
2408 1157 1177 1131 
2409 1152 1164 1132 
2410 1132 1168 1152 
2411 1159 1168 1132 
2412 1133 1161 1137 
2413 1133 1163 1161 
2414 1162 1163 1133 
2415 1134 1166 1139 
2416 1156 1166 1134 
2417 1134 1167 1156 
2418 1134 1176 1167 
2419 1135 1170 1154 
2420 1154 1173 1135 
2421 1165 1172 1135 
2422 1135 1173 1165 
2423 1136 1178 1158 
2424 1136 1171 1164 
2425 1164 1178 1136 
2426 1161 1175 1137 
2427 1145 1169 1138 
2428 1138 1174 1145 
2429 1161 1174 1138 
2430 1138 1175 1161 
2431 1139 1166 1140 
2432 1140 1142 1141 
2433 1140 1143 1142 
2434 1140 1166 1143 
2435 1142 1174 1141 
2436 1161 1163 1141 
2437 1141 1174 1161 
2438 1143 1144 1142 
2439 1144 1145 1142 
2440 1145 1174 1142 
2441 1143 1150 1144 
2442 1143 1177 1150 
2443 1143 1166 1156 
2444 1156 1177 1143 
2445 1144 1146 1145 
2446 1144 1160 1146 
2447 1150 1160 1144 
2448 1146 1147 1145 
2449 1147 1169 1145 
2450 1146 1148 1147 
2451 1146 1151 1148 
2452 1146 1160 1151 
2453 1148 1149 1147 
2454 1149 1154 1147 
2455 1154 1169 1147 
2456 1148 1168 1149 
2457 1151 1152 1148 
2458 1152 1168 1148 
2459 1149 1173 1154 
2460 1149 1168 1159 
2461 1159 1173 1149 
2462 1157 1160 1150 
2463 1150 1177 1157 
2464 1151 1178 1152 
2465 1158 1178 1151 
2466 1152 1178 1164 
2467 1155 1167 1153 
2468 1167 1176 1153 
2469 1156 1167 1155 
2470 1165 1173 1159 
3 1 4 1374
2471 731 767 1191 1211 
2472 758 804 755 1189 
2473 700 1183 1192 1204 
2474 730 731 767 1191 
2475 279 732 791 1199 
2476 230 395 653 1200 
2477 730 767 669 1191 
2478 1192 1220 1196 1224 
2479 705 1220 1192 1224 
2480 729 791 732 1199 
2481 286 1198 695 1209 
2482 1181 1184 1196 1227 
2483 696 695 286 1198 
2484 758 289 804 1189 
2485 677 669 767 1191 
2486 1182 1233 1189 1234 
2487 707 1185 709 1203 
2488 705 1196 1220 1224 
2489 698 1183 700 1204 
2490 700 1192 1183 1224 
2491 734 1203 1196 1224 
2492 1188 1204 1182 1237 
2493 1184 1214 1196 1227 
2494 709 1203 1185 1240 
2495 755 264 758 1189 
2496 741 1208 272 1211 
2497 698 1198 1183 1204 
2498 419 1200 230 1206 
2499 397 722 402 1194 
2500 230 419 395 1200 
2501 1194 1215 1180 1240 
2502 1192 1196 1181 1224 
2503 758 1189 264 1197 
2504 700 1183 698 1216 
2505 1182 1198 697 1204 
2506 758 289 1189 1197 
2507 663 660 1190 1219 
2508 709 1185 708 1211 
2509 739 1198 797 1216 
2510 1189 1233 805 1234 
2511 767 731 693 1211 
2512 1181 1192 1187 1196 
2513 403 1194 1190 1245 
2514 645 1182 1230 1234 
2515 709 1185 1213 1240 
2516 400 1190 427 1202 
2517 1192 1210 1179 1243 
2518 279 791 280 1199 
2519 805 1189 1234 1235 
2520 407 1196 1184 1214 
2521 736 1204 1188 1237 
2522 701 702 700 1224 
2523 705 734 1196 1224 
2524 731 742 693 1211 
2525 1180 1215 1213 1240 
2526 731 693 730 767 
2527 728 1223 1218 1231 
2528 698 1183 1198 1216 
2529 705 1196 740 1220 
2530 708 709 707 1185 
2531 700 745 1192 1224 
2532 717 1215 1194 1240 
2533 1186 1205 761 1244 
2534 742 772 693 1211 
2535 1189 1182 1234 1235 
2536 1188 1204 736 1223 
2537 710 707 709 1203 
2538 1184 1228 407 1245 
2539 803 1233 1198 1234 
2540 795 696 286 1198 
2541 286 695 806 1209 
2542 767 730 669 270 
2543 769 1211 1185 1229 
2544 791 1199 729 1216 
2545 710 1203 709 1240 
2546 696 690 286 695 
2547 402 722 691 1194 
2548 660 422 1190 1219 
2549 691 402 1194 1202 
2550 761 1205 1186 1235 
2551 795 286 797 1198 
2552 760 761 753 1205 
2553 403 1190 1194 1202 
2554 645 1182 1234 1237 
2555 736 1182 697 1204 
2556 407 1184 1196 1228 
2557 671 1193 1191 1236 
2558 728 1218 398 1231 
2559 1187 1192 1181 1243 
2560 732 729 279 791 
2561 653 395 649 1200 
2562 804 267 758 755 
2563 697 1198 1182 1209 
2564 649 1200 395 1210 
2565 1185 1208 708 1211 
2566 707 1185 1203 1225 
2567 400 680 431 1190 
2568 729 732 279 721 
2569 1192 1201 1179 1210 
2570 677 682 1191 1236 
2571 272 1185 769 1211 
2572 693 772 767 1211 
2573 762 760 753 1205 
2574 1185 1221 273 1247 
2575 272 273 769 1185 
2576 708 1185 707 1208 
2577 410 1196 1187 1220 
2578 1183 1242 1224 1243 
2579 700 698 701 1216 
2580 736 1182 1204 1237 
2581 260 1206 261 1244 
2582 261 230 1200 1206 
2583 729 279 791 721 
2584 676 1190 400 1202 
2585 1184 1181 1196 1203 
2586 1198 1233 1182 1234 
2587 425 1196 410 1220 
2588 1198 1209 803 1234 
2589 728 1201 1218 1223 
2590 662 431 680 1190 
2591 806 286 285 695 
2592 660 658 663 1190 
2593 717 1202 1194 1215 
2594 769 1185 770 1229 
2595 673 662 680 1190 
2596 663 1190 1212 1219 
2597 1190 1194 1180 1212 
2598 260 640 428 1206 
2599 757 260 261 1244 
2600 792 1216 1233 1242 
2601 1182 1233 1204 1241 
2602 700 1192 713 1204 
2603 289 1189 1197 1233 
2604 690 285 286 695 
2605 717 1213 1215 1240 
2606 767 693 730 269 
2607 270 767 730 269 
2608 673 661 662 1190 
2609 741 272 271 1211 
2610 636 760 762 1205 
2611 645 1230 1205 1234 
2612 760 761 1205 1244 
2613 426 395 419 1200 
2614 705 734 740 1196 
2615 272 1208 1185 1211 
2616 273 1185 272 1208 
2617 419 426 1200 1206 
2618 417 400 427 1202 
2619 1194 1212 1190 1245 
2620 1185 1211 709 1213 
2621 1187 1181 1197 1243 
2622 671 1191 1193 1215 
2623 645 1230 1182 1237 
2624 697 1209 1182 1237 
2625 1184 1181 1207 1227 
2626 753 1205 761 1235 
2627 264 1197 1189 1239 
2628 1224 1242 1181 1243 
2629 1185 1195 770 1229 
2630 755 264 1189 1239 
2631 701 1216 1199 1224 
2632 1196 1203 1181 1224 
2633 1181 1192 1224 1243 
2634 1185 1213 1180 1229 
2635 260 428 419 1206 
2636 728 1201 398 1218 
2637 262 261 1200 1244 
2638 741 271 272 1208 
2639 707 1208 1185 1225 
2640 405 1190 422 1219 
2641 1189 1233 1182 1241 
2642 403 1190 405 1245 
2643 708 1208 741 1211 
2644 712 709 708 1211 
2645 397 402 403 1194 
2646 646 635 1188 1230 
2647 230 653 229 1200 
2648 1180 1194 1190 1249 
2649 1203 1207 1185 1232 
2650 418 398 1218 1231 
2651 677 682 669 1191 
2652 289 800 1233 1242 
2653 1214 1219 1184 1245 
2654 1189 1204 1233 1241 
2655 803 805 1233 1234 
2656 424 1187 1210 1220 
2657 403 1194 402 1202 
2658 1181 1196 1187 1227 
2659 262 754 261 1244 
2660 734 1203 1224 1225 
2661 414 723 1196 1220 
2662 1185 1180 1213 1232 
2663 706 1199 732 1208 
2664 1188 1206 1186 1218 
2665 424 1210 1201 1220 
2666 1185 1229 1180 1232 
2667 289 804 267 758 
2668 1180 1193 1191 1215 
2669 1182 1204 1188 1241 
2670 765 271 272 1211 
2671 261 1206 1200 1244 
2672 770 1185 273 1247 
2673 1198 1204 1182 1233 
2674 697 1182 736 1237 
2675 422 420 660 1190 
2676 395 408 649 1210 
2677 645 1234 1209 1237 
2678 1187 1210 1192 1243 
2679 289 1233 1197 1242 
2680 1187 1196 410 1214 
2681 1183 1233 1216 1242 
2682 705 726 1192 1220 
2683 1187 1201 1192 1210 
2684 784 278 783 1195 
2685 671 1215 1193 1249 
2686 410 1187 424 1220 
2687 395 423 408 1210 
2688 1180 1212 1194 1232 
2689 396 725 414 1220 
2690 418 728 398 1231 
2691 1199 1216 1183 1224 
2692 769 273 770 1185 
2693 414 725 723 1220 
2694 1184 1194 1212 1232 
2695 400 676 680 1190 
2696 784 1195 783 1238 
2697 702 701 1199 1224 
2698 1184 1181 1203 1207 
2699 678 1193 1226 1249 
2700 767 771 1191 1211 
2701 646 1188 635 1231 
2702 742 741 719 1211 
2703 749 1192 1201 1223 
2704 1192 713 1204 1223 
2705 273 1185 1208 1221 
2706 662 658 431 1190 
2707 1186 1206 1200 1218 
2708 702 701 703 1199 
2709 706 703 732 1199 
2710 1185 1221 1203 1225 
2711 395 1200 426 1210 
2712 676 400 417 1202 
2713 661 1190 673 1226 
2714 770 1195 1185 1247 
2715 792 798 1216 1242 
2716 1187 1197 1181 1227 
2717 678 671 1193 1249 
2718 427 1190 403 1202 
2719 676 1190 1202 1249 
2720 269 767 693 772 
2721 421 1219 1214 1245 
2722 1181 1242 1197 1243 
2723 425 410 424 1220 
2724 426 1210 1200 1218 
2725 405 1190 1219 1245 
2726 1185 1195 1229 1232 
2727 1194 1202 1190 1249 
2728 767 1191 773 1236 
2729 642 1205 1230 1244 
2730 792 1233 800 1242 
2731 700 745 713 1192 
2732 1196 1214 1187 1227 
2733 403 427 405 1190 
2734 1193 1215 1180 1249 
2735 1183 1189 1204 1233 
2736 804 755 1189 1235 
2737 640 637 428 1206 
2738 797 796 739 1216 
2739 666 687 1191 1215 
2740 717 711 1213 1240 
2741 700 702 745 1224 
2742 1179 1210 1217 1243 
2743 673 680 676 1190 
2744 676 1226 1190 1249 
2745 751 1223 728 1231 
2746 1187 1192 1201 1220 
2747 1180 1229 1195 1232 
2748 767 771 773 1191 
2749 1205 1234 1182 1235 
2750 729 732 703 1199 
2751 1201 1210 1187 1220 
2752 749 713 1192 1223 
2753 1184 1212 1194 1245 
2754 639 635 1188 1231 
2755 809 1234 802 1235 
2756 724 1196 734 1203 
2757 797 737 739 796 
2758 1182 1235 1189 1241 
2759 639 1188 692 1231 
2760 649 1200 1210 1217 
2761 646 1188 1206 1230 
2762 234 674 788 1193 
2763 431 658 420 1190 
2764 1204 1241 1189 1243 
2765 663 1190 236 1212 
2766 1183 1204 1189 1243 
2767 397 722 1194 1228 
2768 633 1188 635 1230 
2769 414 1196 425 1220 
2770 414 425 396 1220 
2771 1182 1209 1198 1234 
2772 1179 1192 1204 1223 
2773 1187 1196 1192 1220 
2774 673 1190 676 1226 
2775 1205 1230 1182 1234 
2776 1212 1219 1190 1245 
2777 690 286 795 696 
2778 809 805 1234 1235 
2779 1181 1203 1221 1225 
2780 420 658 660 1190 
2781 648 1197 1217 1227 
2782 628 760 636 1205 
2783 784 790 278 1193 
2784 1199 1208 706 1225 
2785 733 728 418 1231 
2786 633 639 635 1188 
2787 407 410 1196 1214 
2788 738 1211 731 1213 
2789 760 1205 628 1244 
2790 1183 1197 1189 1233 
2791 691 1194 717 1202 
2792 649 1210 408 1246 
2793 1184 1232 1203 1240 
2794 1184 1194 1232 1240 
2795 773 1191 771 1229 
2796 765 772 719 1211 
2797 775 1208 1199 1221 
2798 698 699 1198 1204 
2799 234 788 790 1193 
2800 663 1212 237 1219 
2801 727 692 639 1188 
2802 802 1205 753 1235 
2803 674 788 1193 1236 
2804 289 800 288 1233 
2805 397 685 722 1228 
2806 666 669 682 1191 
2807 758 265 289 1197 
2808 717 1213 718 1215 
2809 1182 1205 1235 1241 
2810 722 717 691 1194 
2811 259 762 753 1205 
2812 703 1199 706 1225 
2813 264 1217 1197 1239 
2814 1184 1203 1194 1240 
2815 397 406 685 1228 
2816 749 1192 726 1201 
2817 646 1206 1188 1231 
2818 1200 1206 1186 1244 
2819 1184 1207 1203 1232 
2820 228 763 229 1200 
2821 281 1222 1221 1242 
2822 1186 1230 1205 1244 
2823 741 715 271 1208 
2824 803 287 1198 1233 
2825 1184 1227 1207 1248 
2826 431 420 400 1190 
2827 771 1191 1211 1229 
2828 756 761 1186 1235 
2829 712 708 741 1211 
2830 423 395 426 1210 
2831 734 724 740 1196 
2832 648 1217 651 1227 
2833 1211 1213 1185 1229 
2834 630 401 1206 1231 
2835 426 1200 1206 1218 
2836 663 657 236 1190 
2837 420 422 405 1190 
2838 236 1212 1190 1238 
2839 424 1187 409 1210 
2840 265 289 45 758 
2841 643 1230 1206 1244 
2842 714 1188 736 1223 
2843 1179 1204 1192 1243 
2844 687 731 730 1191 
2845 1214 1227 652 1246 
2846 703 1199 701 1216 
2847 1218 1223 1188 1231 
2848 1184 1194 1203 1228 
2849 705 740 726 1220 
2850 640 638 637 1206 
2851 703 702 1199 1224 
2852 1203 1181 1224 1225 
2853 1191 1193 1180 1229 
2854 259 753 802 1205 
2855 775 1199 281 1221 
2856 791 729 686 1216 
2857 230 229 261 1200 
2858 1187 1227 1214 1246 
2859 681 430 752 1202 
2860 280 1199 775 1208 
2861 1197 1217 1189 1239 
2862 1189 1217 1179 1239 
2863 718 717 711 1213 
2864 287 792 797 1233 
2865 234 1193 235 1226 
2866 633 727 639 1188 
2867 1185 1207 1195 1232 
2868 642 628 1205 1244 
2869 699 697 1198 1204 
2870 281 1221 1199 1242 
2871 740 1196 723 1220 
2872 292 806 285 695 
2873 709 1211 712 1213 
2874 1184 1214 1227 1248 
2875 418 1218 413 1231 
2876 649 1217 1210 1246 
2877 1188 1223 751 1231 
2878 726 1201 1192 1220 
2879 676 417 667 1202 
2880 236 1190 657 1238 
2881 646 1206 643 1230 
2882 281 777 1221 1222 
2883 639 646 635 1231 
2884 742 719 772 1211 
2885 661 658 662 1190 
2886 646 643 635 1230 
2887 651 1217 1187 1227 
2888 697 695 1198 1209 
2889 1189 1179 1217 1243 
2890 671 678 1193 1236 
2891 1209 1234 1182 1237 
2892 743 608 292 1209 
2893 806 695 292 1209 
2894 666 744 687 1215 
2895 234 790 784 1193 
2896 671 666 682 1191 
2897 681 752 746 1202 
2898 731 1211 1191 1213 
2899 653 649 229 1200 
2900 663 237 660 1219 
2901 1179 1201 1192 1223 
2902 698 700 699 1204 
2903 1183 1197 1233 1242 
2904 415 1214 421 1219 
2905 276 767 773 1236 
2906 645 1205 631 1234 
2907 792 800 798 1242 
2908 679 1226 676 1249 
2909 705 726 745 1192 
2910 725 740 723 1220 
2911 791 686 796 1216 
2912 809 802 805 1235 
2913 1183 1224 1192 1243 
2914 671 1191 682 1236 
2915 703 704 1224 1225 
2916 418 398 413 1218 
2917 1207 1212 1195 1232 
2918 1192 1204 1183 1243 
2919 805 1189 804 1233 
2920 769 766 1211 1229 
2921 259 636 762 1205 
2922 651 652 1227 1246 
2923 788 790 1193 1236 
2924 410 1187 1214 1246 
2925 633 1188 1230 1237 
2926 729 1199 703 1216 
2927 703 1224 1199 1225 
2928 798 1199 791 1216 
2929 1196 1203 724 1228 
2930 698 1198 739 1216 
2931 705 1192 745 1224 
2932 1195 1207 1185 1247 
2933 281 775 280 1199 
2934 652 647 1214 1246 
2935 645 642 1205 1230 
2936 287 797 1198 1233 
2937 718 1191 687 1215 
2938 1187 1217 1210 1243 
2939 756 761 754 1186 
2940 651 1227 1187 1246 
2941 733 751 728 1231 
2942 678 674 665 1193 
2943 715 732 774 1208 
2944 797 795 737 796 
2945 289 265 794 1197 
2946 233 1214 415 1219 
2947 281 282 777 1222 
2948 1186 1206 1230 1244 
2949 1186 1235 1205 1241 
2950 671 666 1191 1215 
2951 720 675 1202 1215 
2952 608 291 292 1209 
2953 1182 1186 1205 1241 
2954 752 430 691 1202 
2955 749 713 726 1192 
2956 410 409 1187 1246 
2957 648 1197 227 1217 
2958 771 769 766 1211 
2959 642 1230 643 1244 
2960 425 407 410 1196 
2961 1207 1221 1185 1247 
2962 802 1234 1205 1235 
2963 738 709 712 1213 
2964 664 788 234 674 
2965 805 804 1189 1235 
2966 1180 1232 1194 1240 
2967 718 1213 1191 1215 
2968 1179 1241 1204 1243 
2969 723 414 1196 1228 
2970 45 794 289 265 
2971 794 1197 1222 1242 
2972 766 769 770 1229 
2973 697 698 699 1198 
2974 699 736 697 1204 
2975 1189 1197 1183 1243 
2976 410 409 424 1187 
2977 633 727 1188 1237 
2978 790 788 234 284 
2979 407 421 410 1214 
2980 697 695 696 1198 
2981 783 46 781 1195 
2982 1188 1204 1223 1241 
2983 1186 1206 1188 1230 
2984 645 641 1209 1234 
2985 1189 1239 1179 1241 
2986 1203 1228 1194 1240 
2987 746 752 691 1202 
2988 416 630 401 1206 
2989 412 1201 424 1210 
2990 397 1194 404 1228 
2991 1195 1212 1207 1248 
2992 767 772 771 1211 
2993 771 1211 766 1229 
2994 288 805 804 1233 
2995 1186 756 1235 1239 
2996 281 282 1222 1242 
2997 679 673 676 1226 
2998 791 686 729 799 
2999 790 1193 277 1229 
3000 765 272 769 1211 
3001 1191 1180 1213 1229 
3002 289 1197 794 1242 
3003 637 630 416 1206 
3004 723 1196 724 1228 
3005 226 1197 648 1227 
3006 1195 1212 780 1238 
3007 774 732 683 279 
3008 415 421 394 1219 
3009 426 423 1210 1218 
3010 292 695 694 1209 
3011 795 285 286 690 
3012 789 788 668 1236 
3013 727 736 1188 1237 
3014 803 287 286 1198 
3015 1183 1204 1198 1233 
3016 409 1210 1187 1246 
3017 647 399 1214 1246 
3018 1212 1232 1207 1248 
3019 630 1206 646 1231 
3020 1189 1235 755 1239 
3021 676 1202 672 1249 
3022 262 261 229 1200 
3023 1184 1203 1196 1228 
3024 743 632 608 1209 
3025 801 797 792 1216 
3026 692 1188 751 1231 
3027 788 277 790 1236 
3028 717 720 1202 1215 
3029 683 715 732 774 
3030 278 1193 790 1229 
3031 234 784 235 1193 
3032 234 235 659 1226 
3033 738 712 1211 1213 
3034 792 798 801 1216 
3035 761 754 1186 1244 
3036 740 724 723 1196 
3037 724 1228 1203 1240 
3038 642 628 636 1205 
3039 277 1193 790 1236 
3040 1195 786 1212 1248 
3041 226 1222 1197 1227 
3042 808 1209 641 1234 
3043 397 404 406 1228 
3044 636 259 807 1205 
3045 798 1199 1216 1242 
3046 1179 1239 1200 1241 
3047 1183 1199 1224 1242 
3048 807 631 636 1205 
3049 647 399 655 1214 
3050 1185 1232 1213 1240 
3051 410 1214 399 1246 
3052 233 415 394 1219 
3053 774 271 715 1208 
3054 1195 1207 786 1248 
3055 651 647 652 1246 
3056 657 1190 661 1226 
3057 678 1226 679 1249 
3058 226 794 1197 1222 
3059 1188 1223 1179 1241 
3060 1182 1205 1186 1230 
3061 1186 1182 1230 1241 
3062 678 1193 665 1226 
3063 631 1205 807 1234 
3064 698 696 739 1198 
3065 780 1195 786 1212 
3066 235 1226 1193 1238 
3067 1199 1221 1181 1242 
3068 400 420 427 1190 
3069 801 796 797 1216 
3070 686 739 796 1216 
3071 1207 1227 232 1248 
3072 729 703 701 1216 
3073 803 805 287 1233 
3074 1190 1226 657 1238 
3075 661 657 658 1190 
3076 795 737 690 696 
3077 713 699 1204 1223 
3078 1193 1180 1229 1238 
3079 1191 1213 1180 1215 
3080 741 715 688 271 
3081 783 1195 780 1238 
3082 1191 1213 1211 1229 
3083 744 666 670 1215 
3084 645 631 641 1234 
3085 292 694 743 1209 
3086 402 691 430 1202 
3087 685 65 406 397 
3088 402 66 722 397 
3089 743 608 750 292 
3090 674 668 788 1236 
3091 1179 1189 1241 1243 
3092 667 430 681 1202 
3093 798 280 791 1199 
3094 65 685 722 397 
3095 235 1193 784 1238 
3096 704 703 706 1225 
3097 1187 1217 1197 1227 
3098 407 1196 414 1228 
3099 46 783 278 1195 
3100 401 413 1206 1231 
3101 1221 1222 1181 1242 
3102 289 794 793 1242 
3103 1198 1216 1183 1233 
3104 799 729 791 721 
3105 1188 1230 1182 1241 
3106 1189 1217 1197 1243 
3107 720 670 675 1215 
3108 1185 1203 1232 1240 
3109 651 1187 1217 1246 
3110 643 1206 646 1244 
3111 745 726 713 1192 
3112 1186 1200 1239 1241 
3113 427 420 405 1190 
3114 285 694 292 695 
3115 798 791 801 1216 
3116 1191 1229 773 1236 
3117 407 425 414 1196 
3118 43 802 753 1235 
3119 654 232 1207 1227 
3120 649 228 1200 1217 
3121 796 686 791 799 
3122 1186 1230 1188 1241 
3123 789 788 674 668 
3124 803 1209 806 1234 
3125 33 778 650 1247 
3126 637 646 630 1206 
3127 232 1227 1214 1248 
3128 719 772 765 271 
3129 697 689 1209 1237 
3130 432 1219 421 1245 
3131 686 739 737 796 
3132 734 1224 704 1225 
3133 687 718 731 1191 
3134 413 1218 1206 1231 
3135 794 1222 282 1242 
3136 265 226 794 1197 
3137 248 666 687 730 
3138 724 716 1228 1240 
3139 700 713 699 1204 
3140 1179 1188 1218 1223 
3141 784 783 780 1238 
3142 676 667 672 1202 
3143 1195 1229 1180 1238 
3144 1180 1190 1212 1238 
3145 1180 1213 1232 1240 
3146 763 1200 228 1239 
3147 33 768 274 1247 
3148 291 641 808 1209 
3149 645 1209 629 1237 
3150 1206 1218 1188 1231 
3151 1181 1224 1199 1242 
3152 637 416 428 1206 
3153 675 746 720 1202 
3154 725 396 411 1220 
3155 273 1221 274 1247 
3156 672 1202 675 1215 
3157 290 631 807 1234 
3158 1180 1238 1193 1249 
3159 709 1213 711 1240 
3160 430 667 417 1202 
3161 727 736 714 1188 
3162 790 234 784 284 
3163 414 396 63 725 
3164 694 285 690 695 
3165 1182 1230 1188 1237 
3166 1180 1190 1238 1249 
3167 805 803 809 1234 
3168 1197 1222 1181 1227 
3169 411 398 684 1201 
3170 716 1194 1228 1240 
3171 678 679 671 1249 
3172 727 751 692 1188 
3173 753 43 259 802 
3174 417 427 403 1202 
3175 758 264 265 1197 
3176 414 723 64 1228 
3177 273 1208 775 1221 
3178 281 1199 798 1242 
3179 723 414 63 725 
3180 62 396 411 725 
3181 1197 1217 1187 1243 
3182 638 643 646 1244 
3183 628 642 643 1244 
3184 290 808 641 1234 
3185 648 227 651 1217 
3186 675 681 746 1202 
3187 684 1201 726 1220 
3188 287 797 286 1198 
3189 685 64 723 1228 
3190 753 761 759 1235 
3191 703 704 702 1224 
3192 404 1228 1194 1245 
3193 649 651 1217 1246 
3194 657 663 658 1190 
3195 1194 1228 1184 1245 
3196 231 654 232 1207 
3197 778 1222 650 1247 
3198 631 290 641 1234 
3199 404 1194 403 1245 
3200 406 414 64 1228 
3201 262 1200 763 1239 
3202 808 803 806 1234 
3203 663 236 237 1212 
3204 728 684 398 1201 
3205 642 631 645 1205 
3206 774 272 271 1208 
3207 707 1203 734 1225 
3208 1181 1222 1197 1242 
3209 718 687 744 1215 
3210 1179 1223 1204 1241 
3211 691 66 722 402 
3212 794 282 793 1242 
3213 1235 1239 1189 1241 
3214 715 741 708 1208 
3215 1199 1221 1208 1225 
3216 632 291 608 1209 
3217 685 406 64 1228 
3218 424 1201 411 1220 
3219 791 796 801 1216 
3220 404 397 403 1194 
3221 1186 1239 1235 1241 
3222 281 280 798 1199 
3223 706 708 707 1208 
3224 98 649 653 395 
3225 638 646 1206 1244 
3226 1193 1238 1226 1249 
3227 634 1230 645 1237 
3228 283 783 784 278 
3229 263 262 763 1239 
3230 273 272 775 1208 
3231 274 1221 777 1222 
3232 1201 1179 1210 1218 
3233 781 780 783 1195 
3234 655 399 415 1214 
3235 233 1214 1219 1248 
3236 799 791 279 721 
3237 419 428 416 1206 
3238 684 749 726 1201 
3239 742 712 741 1211 
3240 786 1207 1195 1247 
3241 808 806 1209 1234 
3242 780 786 782 1212 
3243 1221 1222 274 1247 
3244 706 1208 707 1225 
3245 725 411 684 1220 
3246 768 33 34 1247 
3247 724 1203 710 1240 
3248 694 695 743 1209 
3249 800 289 793 1242 
3250 756 759 761 1235 
3251 654 1207 1222 1227 
3252 277 1229 1193 1236 
3253 734 707 710 1203 
3254 1184 1219 1214 1248 
3255 236 780 1212 1238 
3256 715 706 732 1208 
3257 806 292 291 1209 
3258 671 668 678 1236 
3259 717 722 716 1194 
3260 411 1201 684 1220 
3261 233 394 238 1219 
3262 717 1194 716 1240 
3263 1200 1210 1179 1218 
3264 704 734 705 1224 
3265 738 712 731 1211 
3266 725 411 62 684 
3267 1183 1216 1199 1242 
3268 274 1222 778 1247 
3269 666 248 669 730 
3270 720 691 717 1202 
3271 759 755 1235 1239 
3272 412 424 409 1210 
3273 759 1235 756 1239 
3274 412 1210 423 1218 
3275 1207 1222 1221 1247 
3276 686 729 739 1216 
3277 1226 1238 1190 1249 
3278 608 632 743 750 
3279 652 1214 232 1227 
3280 1179 1217 1200 1239 
3281 278 770 1195 1229 
3282 98 649 395 408 
3283 755 804 266 1235 
3284 744 670 720 1215 
3285 1195 1212 1180 1232 
3286 670 672 675 1215 
3287 608 609 750 292 
3288 697 736 689 1237 
3289 432 421 407 1245 
3290 782 236 780 1212 
3291 674 788 789 244 
3292 672 679 676 1249 
3293 698 739 701 1216 
3294 60 733 728 418 
3295 1179 1210 1200 1217 
3296 714 751 1188 1223 
3297 654 1207 231 1222 
3298 1180 1212 1195 1238 
3299 645 634 642 1230 
3300 782 1212 786 1248 
3301 714 751 727 1188 
3302 1193 1229 1191 1236 
3303 675 667 681 1202 
3304 259 807 30 636 
3305 773 771 766 1229 
3306 1181 1221 1199 1225 
3307 636 807 30 631 
3308 418 728 60 398 
3309 774 280 775 1208 
3310 398 1201 412 1218 
3311 648 651 652 1227 
3312 649 651 228 1217 
3313 630 94 637 416 
3314 765 769 771 1211 
3315 805 810 804 1235 
3316 694 743 750 292 
3317 403 402 417 1202 
3318 430 417 402 1202 
3319 1197 1242 1183 1243 
3320 416 630 94 401 
3321 231 1222 1207 1247 
3322 709 711 710 1240 
3323 672 1202 1215 1249 
3324 671 672 1215 1249 
3325 44 794 226 1222 
3326 764 781 46 1195 
3327 416 401 413 1206 
3328 33 274 778 1247 
3329 743 224 632 1209 
3330 759 756 755 1239 
3331 274 273 777 1221 
3332 1201 1210 412 1218 
3333 630 646 639 1231 
3334 671 670 666 1215 
3335 713 714 699 1223 
3336 281 793 282 1242 
3337 717 718 720 1215 
3338 263 763 228 1239 
3339 633 635 634 1230 
3340 278 790 277 1229 
3341 291 641 290 808 
3342 629 632 224 1209 
3343 749 1201 728 1223 
3344 417 676 104 400 
3345 720 746 691 1202 
3346 233 232 1214 1248 
3347 645 641 629 1209 
3348 676 104 667 417 
3349 1185 1208 1221 1225 
3350 411 398 61 684 
3351 642 636 631 1205 
3352 1179 1218 1201 1223 
3353 231 650 1222 1247 
3354 804 810 266 1235 
3355 412 411 424 1201 
3356 656 649 408 1246 
3357 231 1207 232 1248 
3358 799 686 729 721 
3359 738 711 709 1213 
3360 724 710 716 1240 
3361 1200 1217 228 1239 
3362 735 715 683 774 
3363 638 646 637 1206 
3364 1184 1219 1212 1245 
3365 264 227 1197 1217 
3366 1181 1222 1207 1227 
3367 675 670 720 246 
3368 217 608 609 750 
3369 229 649 228 1200 
3370 777 775 281 1221 
3371 278 766 770 1229 
3372 771 772 765 1211 
3373 697 696 698 1198 
3374 774 683 779 279 
3375 398 728 61 684 
3376 227 648 226 1197 
3377 410 415 399 1214 
3378 410 399 409 1246 
3379 282 274 777 1222 
3380 404 407 1228 1245 
3381 673 665 240 1226 
3382 710 724 734 1203 
3383 238 422 660 1219 
3384 778 274 282 1222 
3385 15 238 233 394 
3386 260 757 218 640 
3387 46 278 764 1195 
3388 233 1219 785 1248 
3389 786 1207 231 1248 
3390 1181 1199 1224 1225 
3391 755 263 264 1239 
3392 44 282 794 1222 
3393 240 661 673 1226 
3394 291 808 806 1209 
3395 668 671 682 1236 
3396 419 416 426 1206 
3397 290 807 808 1234 
3398 716 685 724 1228 
3399 1181 1221 1207 1222 
3400 683 776 735 774 
3401 712 742 731 1211 
3402 422 420 101 660 
3403 652 647 655 1214 
3404 259 802 807 1205 
3405 655 415 233 1214 
3406 270 730 669 748 
3407 217 632 608 750 
3408 657 1226 235 1238 
3409 789 674 244 668 
3410 426 1206 413 1218 
3411 770 273 274 1247 
3412 277 773 1229 1236 
3413 415 15 233 394 
3414 781 1195 764 1247 
3415 409 408 423 1210 
3416 629 224 689 1209 
3417 432 394 421 1219 
3418 278 770 764 1195 
3419 787 768 34 1247 
3420 677 39 276 270 
3421 404 403 405 1245 
3422 743 689 224 1209 
3423 671 679 672 1249 
3424 665 659 240 1226 
3425 279 732 683 721 
3426 231 787 34 1247 
3427 784 283 278 790 
3428 1184 1207 1232 1248 
3429 670 744 720 246 
3430 232 652 233 1214 
3431 711 738 718 1213 
3432 749 684 728 1201 
3433 660 420 101 658 
3434 33 650 34 1247 
3435 672 667 675 1202 
3436 748 626 270 269 
3437 240 659 661 1226 
3438 1184 1232 1212 1248 
3439 405 1219 432 1245 
3440 426 412 423 1218 
3441 633 1230 634 1237 
3442 781 786 780 1195 
3443 638 218 757 640 
3444 406 404 407 1228 
3445 810 805 802 1235 
3446 238 394 422 1219 
3447 39 677 669 270 
3448 236 657 235 1238 
3449 425 424 396 1220 
3450 632 641 291 1209 
3451 786 1195 781 1247 
3452 282 35 778 1222 
3453 236 782 237 1212 
3454 723 724 685 1228 
3455 668 677 789 1236 
3456 264 227 265 1197 
3457 792 288 800 1233 
3458 708 706 715 1208 
3459 1210 1217 1187 1246 
3460 671 672 670 1215 
3461 697 689 695 1209 
3462 36 788 664 674 
3463 726 740 725 1220 
3464 660 102 422 238 
3465 230 260 10 419 
3466 226 35 44 1222 
3467 639 692 644 1231 
3468 415 410 421 1214 
3469 413 426 416 1206 
3470 407 414 406 1228 
3471 630 429 401 1231 
3472 702 705 745 1224 
3473 424 411 396 1220 
3474 34 650 231 1247 
3475 265 227 226 1197 
3476 237 1219 1212 1248 
3477 747 644 692 1231 
3478 288 287 805 1233 
3479 409 408 1210 1246 
3480 744 247 666 687 
3481 689 629 1209 1237 
3482 788 234 36 664 
3483 264 228 227 1217 
3484 229 763 262 1200 
3485 644 429 630 1231 
3486 228 651 227 1217 
3487 413 398 412 1218 
3488 793 281 798 1242 
3489 677 276 789 1236 
3490 238 102 422 394 
3491 774 775 272 1208 
3492 428 10 260 419 
3493 788 36 234 284 
3494 655 647 96 399 
3495 789 277 788 1236 
3496 277 773 766 1229 
3497 237 1212 782 1248 
3498 707 734 704 1225 
3499 772 742 693 719 
3500 786 231 1207 1247 
3501 764 1195 770 1247 
3502 43 753 759 1235 
3503 249 669 730 748 
3504 649 98 656 408 
3505 714 728 751 1223 
3506 412 398 411 1201 
3507 683 779 776 774 
3508 415 655 96 399 
3509 405 394 432 1219 
3510 654 652 232 1227 
3511 684 726 725 1220 
3512 719 741 688 271 
3513 35 282 44 1222 
3514 247 670 744 666 
3515 744 720 718 1215 
3516 431 662 100 658 
3517 759 755 266 1235 
3518 249 242 669 748 
3519 729 701 739 1216 
3520 762 258 259 753 
3521 226 650 35 1222 
3522 412 409 423 1210 
3523 629 634 645 1237 
3524 702 704 705 1224 
3525 235 784 780 1238 
3526 627 693 251 250 
3527 273 775 777 1221 
3528 752 67 691 430 
3529 757 261 754 1244 
3530 704 706 707 1225 
3531 652 655 233 1214 
3532 422 394 405 1219 
3533 668 789 677 243 
3534 100 420 431 658 
3535 679 678 665 1226 
3536 233 785 232 1248 
3537 650 654 231 1222 
3538 632 629 641 1209 
3539 263 756 262 1239 
3540 656 651 649 1246 
3541 226 654 650 1222 
3542 235 657 659 1226 
3543 404 432 407 1245 
3544 237 785 1219 1248 
3545 242 270 669 748 
3546 402 691 67 430 
3547 786 787 231 1247 
3548 786 231 232 1248 
3549 632 217 225 750 
3550 660 237 238 1219 
3551 642 634 643 1230 
3552 626 270 242 748 
3553 792 287 288 1233 
3554 733 418 429 1231 
3555 408 399 97 1246 
3556 808 807 809 1234 
3557 761 760 754 1244 
3558 766 278 277 1229 
3559 755 804 267 266 
3560 429 747 733 1231 
3561 401 630 93 429 
3562 650 778 35 1222 
3563 430 667 103 417 
3564 243 789 677 276 
3565 236 235 780 1238 
3566 781 275 787 1247 
3567 233 238 785 1219 
3568 717 716 711 1240 
3569 800 793 798 1242 
3570 810 802 43 1235 
3571 749 728 714 1223 
3572 630 644 93 429 
3573 401 418 413 1231 
3574 408 97 656 1246 
3575 714 713 749 1223 
3576 659 657 661 1226 
3577 632 225 743 750 
3578 634 635 643 1230 
3579 681 667 103 430 
3580 677 668 682 1236 
3581 720 675 246 746 
3582 95 428 640 637 
3583 223 727 633 1237 
3584 756 263 755 1239 
3585 1212 1219 1184 1248 
3586 743 695 689 1209 
3587 237 782 785 1248 
3588 429 644 747 1231 
3589 692 751 733 1231 
3590 221 644 639 692 
3591 808 809 803 1234 
3592 233 655 15 415 
3593 647 97 96 399 
3594 426 413 412 1218 
3595 787 786 781 1247 
3596 237 785 238 1219 
3597 626 748 627 269 
3598 275 768 787 1247 
3599 673 679 665 1226 
3600 630 639 644 1231 
3601 59 429 733 418 
3602 223 629 689 1237 
3603 66 65 722 397 
3604 644 221 747 692 
3605 759 266 810 1235 
3606 733 429 59 747 
3607 64 65 406 685 
3608 32 259 636 762 
3609 737 686 796 255 
3610 648 652 654 1227 
3611 680 105 400 431 
3612 693 268 772 719 
3613 796 795 737 255 
3614 689 727 223 1237 
3615 396 62 63 725 
3616 667 104 103 417 
3617 223 633 629 1237 
3618 784 283 790 284 
3619 36 788 674 244 
3620 810 43 759 1235 
3621 400 676 105 680 
3622 67 66 691 402 
3623 666 247 248 687 
3624 222 221 639 692 
3625 690 737 795 254 
3626 736 727 689 1237 
3627 405 432 404 1245 
3628 61 60 728 398 
3629 693 268 269 772 
3630 638 757 219 1244 
3631 747 692 733 1231 
3632 222 633 223 727 
3633 627 748 693 269 
3634 716 710 711 1240 
3635 63 64 414 723 
3636 223 629 224 689 
3637 638 219 628 1244 
3638 429 644 2 747 
3639 95 428 637 416 
3640 690 795 285 254 
3641 633 634 629 1237 
3642 219 760 628 1244 
3643 680 662 16 431 
3644 781 764 275 1247 
3645 651 656 647 1246 
3646 216 608 632 291 
3647 757 760 219 1244 
3648 631 807 30 290 
3649 420 100 101 658 
3650 93 94 630 401 
3651 643 638 628 1244 
3652 632 641 216 291 
3653 30 32 259 636 
3654 757 754 760 1244 
3655 782 786 232 1248 
3656 676 105 104 400 
3657 268 772 719 271 
3658 99 98 653 395 
3659 730 248 669 249 
3660 429 418 401 1231 
3661 752 681 4 430 
3662 285 42 694 690 
3663 428 260 11 640 
3664 258 43 259 753 
3665 744 670 247 246 
3666 773 277 276 1236 
3667 283 46 783 278 
3668 789 276 277 1236 
3669 409 399 408 1246 
3670 292 42 694 285 
3671 259 32 258 762 
3672 41 779 683 279 
3673 733 60 59 418 
3674 656 98 97 408 
3675 274 764 770 1247 
3676 668 244 789 243 
3677 238 15 102 394 
3678 637 94 95 416 
3679 655 96 15 415 
3680 644 2 93 429 
3681 429 2 59 747 
3682 241 662 16 680 
3683 256 796 686 255 
3684 746 675 246 245 
3685 279 683 41 721 
3686 638 218 219 757 
3687 746 681 675 245 
3688 275 764 768 1247 
3689 636 220 32 762 
3690 100 16 662 431 
3691 61 62 411 684 
3692 230 10 99 419 
3693 254 737 795 255 
3694 216 641 290 291 
3695 268 627 693 269 
3696 270 669 39 242 
3697 644 221 2 747 
3698 665 240 659 239 
3699 285 42 690 254 
3700 674 37 36 244 
3701 680 16 105 431 
3702 103 4 681 430 
3703 242 38 626 748 
3704 40 719 688 271 
3705 746 752 681 245 
3706 628 219 220 760 
3707 719 40 268 271 
3708 260 11 10 428 
3709 267 45 289 758 
3710 764 274 768 1247 
3711 428 11 95 640 
3712 799 279 41 721 
3713 42 694 257 292 
3714 782 232 785 1248 
3715 686 799 256 721 
3716 673 241 661 240 
3717 225 743 224 632 
3718 44 794 265 226 
3719 752 4 681 245 
3720 664 239 37 674 
3721 752 4 67 430 
3722 38 242 249 748 
3723 799 796 686 256 
3724 608 632 217 216 
3725 677 39 243 276 
3726 260 218 11 640 
3727 794 45 44 265 
3728 10 11 14 428 
3729 251 748 693 627 
3730 256 799 41 721 
3731 101 102 422 660 
3732 781 764 46 275 
3733 95 14 11 428 
3734 38 626 748 251 
3735 253 688 735 776 
3736 688 253 271 776 
3737 759 266 43 810 
3738 290 30 631 215 
3739 268 693 250 719 
3740 253 40 688 271 
3741 626 748 251 627 
3742 664 37 36 674 
3743 631 290 215 641 
3744 250 627 693 268 
3745 268 250 40 719 
3746 779 252 41 683 
3747 290 215 641 216 
3748 275 34 787 768 
3749 750 609 31 257 
3750 253 735 252 776 
3751 650 33 35 778 
3752 1199 279 1208 280 
3753 1199 1208 279 732 
3754 774 1208 279 280 
3755 774 279 1208 732 
3756 1216 700 1224 701 
3757 1216 1224 700 1183 
3758 739 1198 737 797 
3759 739 737 1198 696 
3760 795 737 1198 797 
3761 795 1198 737 696 
3762 756 1239 754 262 
3763 756 754 1239 1186 
3764 1209 286 803 806 
3765 1209 803 286 1198 
3766 1236 767 677 276 
3767 1236 677 767 1191 
3768 1244 262 1186 1200 
3769 1244 1186 262 754 
3770 1239 1186 262 1200 
3771 1239 262 1186 754 
3772 677 767 270 276 
3773 270 767 677 669 
3774 1214 1245 407 421 
3775 407 1245 1214 1184 
3776 1233 797 1216 792 
3777 1233 1216 797 1198 
3778 1206 230 260 261 
3779 1206 260 230 419 
3780 1221 1203 1207 1185 
3781 1221 1207 1203 1181 
3782 673 662 241 680 
3783 673 241 662 661 
3784 730 269 748 270 
3785 748 269 730 693 
3786 1211 271 719 765 
3787 1211 719 271 741 
3788 804 1233 289 288 
3789 289 1233 804 1189 
3790 1249 1194 1215 1180 
3791 1249 1215 1194 1202 
3792 731 1213 718 738 
3793 718 1213 731 1191 
3794 636 760 220 762 
3795 220 760 636 628 
3796 1228 722 716 685 
3797 1228 716 722 1194 
3798 1188 1241 1218 1186 
3799 1188 1218 1241 1179 
3800 1200 1218 1241 1186 
3801 1200 1241 1218 1179 
3802 1226 234 665 659 
3803 1226 665 234 1193 
3804 674 234 665 1193 
3805 1227 226 654 648 
3806 1227 654 226 1222 
3807 1236 678 674 668 
3808 1236 674 678 1193 
3809 666 730 1191 687 
3810 1191 730 666 669 
3811 395 230 99 419 
3812 395 99 230 653 
3813 727 639 222 633 
3814 727 222 639 692 
3815 1234 802 807 809 
3816 1234 807 802 1205 
3817 1238 784 278 1193 
3818 278 784 1238 1195 
3819 278 1229 1238 1193 
3820 1238 1229 278 1195 
3821 1223 699 736 714 
3822 1223 736 699 1204 
3823 1206 640 1244 260 
3824 1206 1244 640 638 
3825 757 1244 640 260 
3826 757 640 1244 638 
3827 774 271 688 715 
3828 688 271 774 776 
3829 688 735 774 715 
3830 774 735 688 776 
3831 228 1239 264 263 
3832 264 1239 228 1217 
3833 1246 97 647 399 
3834 1246 647 97 656 
3835 776 683 252 779 
3836 252 683 776 735 
3837 750 292 257 694 
3838 257 292 750 609 
3839 750 217 31 609 
3840 750 31 217 225 
3841 234 665 664 674 
3842 234 664 665 659 
3843 239 664 665 674 
3844 239 665 664 659 
3 2 4 1405
3845 1268 1280 1257 1303 
3846 816 807 152 1262 
3847 898 1274 895 1298 
3848 798 792 801 1284 
3849 1251 1254 1280 1311 
3850 863 1275 1258 1313 
3851 177 1280 1268 1303 
3852 1254 1291 1280 1311 
3853 889 1263 1257 1287 
3854 1278 1305 848 1306 
3855 290 808 807 1262 
3856 1268 1280 178 1310 
3857 814 816 152 1262 
3858 898 1254 1274 1298 
3859 1251 1263 1254 1314 
3860 798 792 1284 1302 
3861 889 896 1263 1287 
3862 1264 1284 799 1299 
3863 1275 848 1305 1306 
3864 1254 1263 901 1274 
3865 791 799 1264 1284 
3866 898 1254 901 1274 
3867 1258 1250 1272 1318 
3868 801 791 798 1284 
3869 177 1257 1280 1303 
3870 1255 1258 1252 1301 
3871 1251 1265 1254 1311 
3872 864 1269 1258 1299 
3873 814 1262 831 1292 
3874 831 1262 814 1276 
3875 290 807 816 1262 
3876 889 1257 883 1287 
3877 898 885 895 1274 
3878 863 864 1258 1275 
3879 1250 1264 1273 1275 
3880 842 1278 848 1306 
3881 1251 1263 1257 1280 
3882 1256 1261 1253 1264 
3883 270 883 1257 1287 
3884 368 1255 455 1309 
3885 356 1256 1273 1282 
3886 1265 1291 1254 1311 
3887 464 1275 865 1313 
3888 386 1280 381 1310 
3889 1251 1254 1265 1314 
3890 1252 1258 1255 1267 
3891 888 767 270 1257 
3892 1253 1273 1264 1275 
3893 356 1273 1266 1282 
3894 457 895 1274 1298 
3895 464 865 863 1313 
3896 435 1258 863 1295 
3897 152 162 814 1262 
3898 453 1255 1279 1295 
3899 381 1280 1270 1310 
3900 1262 1276 831 1292 
3901 368 455 1255 1279 
3902 367 1259 357 1302 
3903 1260 1279 375 1318 
3904 1258 1272 1252 1301 
3905 1264 791 1284 1316 
3906 461 1254 1265 1291 
3907 888 270 883 1257 
3908 891 901 1254 1263 
3909 270 1257 767 1287 
3910 178 177 1268 1303 
3911 814 1262 162 1276 
3912 451 375 1260 1279 
3913 178 1268 177 1280 
3914 898 891 901 1254 
3915 796 799 1284 1299 
3916 367 1290 1259 1302 
3917 1251 1254 1263 1280 
3918 1257 1263 889 1294 
3919 1253 1275 1305 1306 
3920 842 848 865 1306 
3921 435 863 1258 1313 
3922 865 1275 863 1313 
3923 457 1274 1254 1298 
3924 1257 1268 1251 1280 
3925 1258 1279 1255 1295 
3926 1256 1264 1253 1273 
3927 451 1279 1260 1313 
3928 152 354 147 816 
3929 152 807 147 1262 
3930 1270 1310 1280 1311 
3931 1252 1269 1259 1272 
3932 1258 868 1295 1307 
3933 767 1257 1286 1287 
3934 1253 1261 1256 1311 
3935 1257 1280 1263 1294 
3936 1270 1280 381 1291 
3937 886 1263 844 1274 
3938 356 1273 1256 1281 
3939 1253 1264 1261 1305 
3940 1256 1261 1251 1311 
3941 863 851 864 1275 
3942 356 1256 160 1281 
3943 1258 1269 1250 1299 
3944 368 377 455 1279 
3945 1259 1269 1250 1272 
3946 805 802 809 1296 
3947 381 1270 1281 1310 
3948 885 457 895 1274 
3949 368 378 371 1255 
3950 1253 1305 1278 1306 
3951 445 451 1260 1313 
3952 775 1277 1256 1315 
3953 1255 1295 453 1308 
3954 371 1255 378 1301 
3955 296 9 282 300 
3956 796 795 1269 1284 
3957 454 1279 1258 1295 
3958 795 255 796 1269 
3959 1251 1280 1268 1310 
3960 464 863 435 1313 
3961 1250 1264 1284 1316 
3962 1280 1291 1270 1311 
3963 1250 1269 1259 1284 
3964 464 865 1275 1306 
3965 447 456 856 1274 
3966 841 846 447 1278 
3967 447 856 1265 1274 
3968 449 1265 1254 1274 
3969 1266 1273 1256 1282 
3970 791 1266 798 1284 
3971 273 1277 775 1315 
3972 798 1284 1266 1302 
3973 1258 1269 864 1307 
3974 792 1259 1284 1302 
3975 793 156 1266 1282 
3976 891 1263 1254 1294 
3977 848 1275 865 1306 
3978 156 793 1266 1302 
3979 847 848 1278 1305 
3980 1258 1269 1252 1272 
3981 453 1279 454 1295 
3982 856 841 447 1265 
3983 1263 1280 1254 1294 
3984 381 1280 386 1291 
3985 886 844 867 1274 
3986 883 889 888 1257 
3987 1250 1269 1258 1272 
3988 368 378 1255 1309 
3989 864 868 1258 1307 
3990 886 867 894 1274 
3991 807 808 809 1262 
3992 1264 1250 1273 1316 
3993 464 444 1275 1313 
3994 9 92 86 1277 
3995 170 1254 171 1294 
3996 1260 1313 1279 1318 
3997 368 1255 371 1279 
3998 885 438 457 1274 
3999 774 1312 1261 1316 
4000 449 461 1254 1265 
4001 1266 1284 791 1316 
4002 171 170 382 1254 
4003 1251 1268 1257 1286 
4004 880 860 864 1269 
4005 1258 1255 1279 1301 
4006 816 817 290 1262 
4007 1258 1250 1275 1299 
4008 454 1258 435 1295 
4009 147 802 153 1262 
4010 1256 1315 1261 1316 
4011 767 276 888 270 
4012 841 447 1265 1278 
4013 1259 1269 1252 1288 
4014 889 883 896 1287 
4015 1256 1277 775 1282 
4016 452 1279 451 1313 
4017 160 1256 385 1310 
4018 1258 1267 1252 1307 
4019 449 1254 457 1274 
4020 271 1261 838 1304 
4021 1253 1275 1264 1305 
4022 860 864 1269 1307 
4023 847 848 842 1278 
4024 358 362 1273 1281 
4025 1273 1281 362 1283 
4026 814 817 816 1262 
4027 878 257 609 1271 
4028 1279 1313 1258 1318 
4029 464 1275 444 1306 
4030 1253 1256 1281 1311 
4031 171 1254 382 1280 
4032 901 1263 886 1274 
4033 446 451 375 1260 
4034 445 452 451 1313 
4035 1261 1315 774 1316 
4036 385 1256 1277 1310 
4037 891 889 1263 1294 
4038 862 1264 799 1299 
4039 367 361 357 1259 
4040 1258 1279 1272 1301 
4041 775 1315 1256 1316 
4042 891 889 896 1263 
4043 869 255 795 1269 
4044 1250 1273 1260 1275 
4045 856 854 841 1265 
4046 435 1258 454 1313 
4047 447 449 456 1274 
4048 364 162 1262 1276 
4049 454 435 463 1295 
4050 282 150 151 833 
4051 1260 1273 1253 1275 
4052 814 817 1262 1292 
4053 1263 1286 1257 1287 
4054 892 898 1254 1294 
4055 1250 1284 1266 1316 
4056 167 446 375 1260 
4057 876 845 825 1308 
4058 176 170 171 1294 
4059 167 446 1260 1283 
4060 462 842 865 1306 
4061 1257 1263 1251 1286 
4062 365 1266 356 1273 
4063 447 1265 449 1274 
4064 826 829 818 1293 
4065 447 846 437 1278 
4066 1272 1279 1258 1318 
4067 876 825 828 1308 
4068 359 1290 367 1302 
4069 367 361 1259 1290 
4070 452 1258 454 1279 
4071 793 151 156 1282 
4072 147 807 152 816 
4073 1254 1294 170 1298 
4074 441 1270 1278 1306 
4075 436 455 377 1279 
4076 1251 1261 1256 1315 
4077 1270 1281 1310 1311 
4078 453 1255 455 1279 
4079 609 821 878 1271 
4080 845 1267 825 1308 
4081 1266 1273 1250 1316 
4082 873 815 1267 1271 
4083 864 1258 868 1295 
4084 814 831 817 1292 
4085 792 288 1296 1302 
4086 891 1254 898 1294 
4087 1255 371 1279 1301 
4088 1258 1252 1269 1307 
4089 798 1266 791 1316 
4090 170 382 1254 1298 
4091 879 838 1261 1304 
4092 1255 1267 1258 1295 
4093 864 860 868 1307 
4094 1261 1312 1264 1316 
4095 819 1255 827 1309 
4096 1250 1258 1275 1313 
4097 797 792 1259 1284 
4098 876 870 845 1308 
4099 1250 1275 1260 1313 
4100 376 446 167 1283 
4101 457 1254 461 1298 
4102 806 1271 1288 1292 
4103 441 1270 471 1278 
4104 448 471 1270 1278 
4105 166 1260 375 1318 
4106 152 364 162 1262 
4107 368 371 377 1279 
4108 1255 1293 827 1300 
4109 40 271 838 1304 
4110 796 1269 839 1284 
4111 799 256 862 1299 
4112 797 1284 1288 1317 
4113 1260 1273 363 1283 
4114 1259 1284 1269 1288 
4115 806 1288 1271 1317 
4116 819 820 827 1255 
4117 175 170 1294 1298 
4118 1254 1263 1274 1314 
4119 441 1283 1270 1306 
4120 1256 1264 1273 1316 
4121 775 774 1315 1316 
4122 279 791 799 1264 
4123 167 376 375 446 
4124 792 1296 1259 1302 
4125 1264 1305 882 1312 
4126 609 608 821 292 
4127 273 775 272 1315 
4128 87 392 86 1303 
4129 901 886 894 1274 
4130 773 771 767 1257 
4131 1253 1278 1270 1306 
4132 386 381 383 1310 
4133 382 1280 1254 1291 
4134 898 892 1254 1298 
4135 279 1264 41 1312 
4136 446 445 451 1260 
4137 453 452 454 1279 
4138 1259 1285 357 1296 
4139 850 1275 848 1305 
4140 767 773 1257 1297 
4141 466 453 1295 1308 
4142 878 858 257 1271 
4143 1250 1284 1264 1299 
4144 444 1306 1275 1313 
4145 1280 1310 1251 1311 
4146 166 375 370 1318 
4147 375 1279 370 1318 
4148 362 363 1273 1283 
4149 842 462 1278 1306 
4150 90 87 277 1297 
4151 1254 1274 1265 1314 
4152 902 897 789 1297 
4153 271 1261 1304 1315 
4154 793 282 151 1282 
4155 389 890 1257 1297 
4156 797 1284 1259 1288 
4157 461 1265 448 1291 
4158 865 464 462 1306 
4159 873 1267 859 1271 
4160 796 255 839 1269 
4161 1252 1267 1255 1293 
4162 796 1284 839 1299 
4163 771 1257 773 1303 
4164 827 1255 820 1293 
4165 269 1287 772 1304 
4166 88 897 788 380 
4167 1254 1280 171 1294 
4168 147 153 152 1262 
4169 865 851 863 1275 
4170 287 797 792 1259 
4171 1255 1300 378 1301 
4172 443 441 471 1278 
4173 281 793 1266 1282 
4174 449 457 438 1274 
4175 287 792 288 1296 
4176 876 470 870 1308 
4177 158 1270 440 1283 
4178 364 1276 1262 1285 
4179 440 1270 388 1291 
4180 385 160 161 1256 
4181 1258 1295 1267 1307 
4182 454 1258 452 1313 
4183 282 9 274 300 
4184 287 1259 792 1296 
4185 273 775 1277 1282 
4186 850 849 882 1305 
4187 442 1260 446 1283 
4188 382 1291 1254 1298 
4189 1253 1270 1283 1306 
4190 378 1300 1255 1309 
4191 434 158 440 1283 
4192 1268 1277 273 1315 
4193 1262 1252 1276 1292 
4194 279 799 862 1264 
4195 389 1257 890 1294 
4196 869 1269 795 1317 
4197 791 1264 279 1316 
4198 168 376 167 1283 
4199 167 1260 363 1283 
4200 844 1263 875 1274 
4201 1254 1291 461 1298 
4202 767 1257 771 1286 
4203 820 1255 819 1308 
4204 890 889 1257 1297 
4205 1251 1256 1310 1315 
4206 839 1284 1269 1299 
4207 1261 1253 1305 1311 
4208 771 769 1286 1303 
4209 1258 1279 452 1313 
4210 361 1272 1259 1290 
4211 1255 1300 827 1309 
4212 821 873 878 1271 
4213 168 446 376 1283 
4214 888 1257 889 1297 
4215 167 375 166 1260 
4216 1261 1264 1256 1316 
4217 1269 1284 795 1317 
4218 160 1281 1256 1310 
4219 359 367 357 1302 
4220 41 279 862 1264 
4221 850 848 849 1305 
4222 890 1257 889 1294 
4223 177 1280 1257 1294 
4224 449 461 457 1254 
4225 292 608 811 1292 
4226 461 448 460 1291 
4227 1252 1262 1288 1292 
4228 1253 1273 1260 1283 
4229 160 356 161 1256 
4230 1286 1287 1263 1304 
4231 279 41 779 1312 
4232 385 1256 161 1277 
4233 806 1271 285 1317 
4234 359 1266 1290 1302 
4235 797 795 1284 1317 
4236 381 1281 383 1310 
4237 1250 1260 1290 1318 
4238 436 453 455 1279 
4239 815 826 832 1267 
4240 1271 1252 1292 1293 
4241 879 1261 1289 1304 
4242 1266 1273 365 1290 
4243 1250 1260 1273 1290 
4244 445 446 442 1260 
4245 1266 1284 1259 1302 
4246 161 1256 356 1282 
4247 844 1263 886 1287 
4248 853 847 1278 1289 
4249 808 806 803 1262 
4250 1270 1291 1265 1311 
4251 1259 1266 1250 1284 
4252 455 1255 458 1309 
4253 159 1270 158 1283 
4254 826 832 1267 1293 
4255 41 1264 862 1312 
4256 273 1268 769 1277 
4257 806 1262 808 1292 
4258 1253 1256 1273 1281 
4259 1268 1286 769 1303 
4260 292 609 257 1271 
4261 797 1259 287 1288 
4262 772 1287 1286 1304 
4263 433 440 388 1291 
4264 40 838 857 1304 
4265 358 159 362 1281 
4266 1267 1295 868 1307 
4267 1278 1289 847 1305 
4268 1256 1273 1266 1316 
4269 892 891 898 1294 
4270 470 459 870 1308 
4271 820 1267 832 1293 
4272 268 1287 269 1304 
4273 815 825 845 1267 
4274 86 770 91 1303 
4275 806 1288 1262 1292 
4276 177 390 1257 1303 
4277 433 388 387 1291 
4278 878 873 858 1271 
4279 803 1262 806 1288 
4280 1264 1275 1250 1299 
4281 793 798 281 1266 
4282 357 1259 361 1285 
4283 364 163 1276 1285 
4284 838 253 866 1312 
4285 167 363 362 1283 
4286 448 1270 1265 1278 
4287 175 1294 892 1298 
4288 159 1281 1270 1283 
4289 859 1271 1267 1307 
4290 366 1266 156 1282 
4291 1250 1266 1259 1290 
4292 366 356 1266 1282 
4293 819 1308 1255 1309 
4294 771 1286 1257 1303 
4295 832 1267 820 1308 
4296 1255 820 1293 1308 
4297 441 448 471 1270 
4298 892 1294 1254 1298 
4299 1276 1292 1252 1293 
4300 470 876 828 1308 
4301 88 897 789 788 
4302 41 862 837 1312 
4303 176 175 170 1294 
4304 291 808 290 1292 
4305 814 162 822 1276 
4306 867 844 875 1274 
4307 1251 1286 1263 1304 
4308 809 1262 803 1296 
4309 845 873 815 1267 
4310 821 609 292 1271 
4311 391 892 175 1294 
4312 271 1304 1286 1315 
4313 1259 1290 1266 1302 
4314 279 1264 1312 1316 
4315 1256 1282 775 1316 
4316 285 806 292 1271 
4317 442 445 1260 1306 
4318 825 1267 832 1308 
4319 805 148 802 1296 
4320 1269 1288 1284 1317 
4321 41 279 799 862 
4322 818 1292 1276 1293 
4323 86 91 87 1303 
4324 770 1268 769 1303 
4325 886 1263 896 1287 
4326 440 158 388 1270 
4327 798 281 1266 1316 
4328 156 1266 359 1302 
4329 358 362 363 1273 
4330 793 281 282 1282 
4331 361 1259 1272 1285 
4332 767 276 773 1297 
4333 451 370 375 1279 
4334 1267 1295 1255 1308 
4335 442 1260 1283 1306 
4336 815 832 825 1267 
4337 362 1281 159 1283 
4338 1250 1259 1272 1290 
4339 177 1257 389 1294 
4340 1273 1290 1260 1318 
4341 766 91 770 1303 
4342 890 888 889 1297 
4343 152 153 364 1262 
4344 363 1273 1260 1318 
4345 1267 1293 820 1308 
4346 292 811 1271 1292 
4347 464 435 444 1313 
4348 288 149 1296 1302 
4349 902 887 897 1297 
4350 165 1272 1279 1301 
4351 285 1271 840 1317 
4352 797 1288 286 1317 
4353 811 821 608 292 
4354 42 840 285 1271 
4355 816 152 354 814 
4356 853 1278 1265 1289 
4357 277 1297 87 1303 
4358 1268 1277 1256 1310 
4359 435 454 465 1313 
4360 1260 1306 445 1313 
4361 1261 1251 1304 1315 
4362 151 9 282 296 
4363 881 882 849 1312 
4364 1259 1296 357 1302 
4365 166 363 167 1260 
4366 839 255 869 1269 
4367 360 357 1285 1296 
4368 769 765 1286 1315 
4369 1252 1272 1259 1285 
4370 881 879 1261 1289 
4371 455 453 458 1255 
4372 1260 1275 1253 1306 
4373 1252 1293 1255 1301 
4374 806 292 1271 1292 
4375 465 454 452 1313 
4376 791 796 799 1284 
4377 798 1266 793 1302 
4378 797 801 792 1284 
4379 882 1305 849 1312 
4380 811 821 292 1271 
4381 1252 1288 1271 1292 
4382 458 1255 453 1308 
4383 777 1277 274 1282 
4384 389 1257 390 1297 
4385 853 852 847 1289 
4386 897 88 789 1297 
4387 443 441 1278 1306 
4388 300 282 778 274 
4389 165 1279 1272 1318 
4390 363 1260 166 1318 
4391 448 1265 447 1278 
4392 769 1286 1268 1315 
4393 389 177 390 1257 
4394 771 769 765 1286 
4395 852 847 1289 1305 
4396 1262 1276 1252 1285 
4397 1260 1253 1283 1306 
4398 886 901 896 1263 
4399 882 1264 862 1299 
4400 268 269 772 1304 
4401 814 822 831 1276 
4402 149 804 288 1296 
4403 1266 1282 1256 1316 
4404 770 1277 1268 1303 
4405 450 461 1291 1298 
4406 364 163 162 1276 
4407 1250 1273 1266 1290 
4408 384 450 1291 1298 
4409 459 1295 870 1308 
4410 875 1274 1263 1314 
4411 861 1263 844 1287 
4412 868 1267 845 1295 
4413 165 1279 371 1301 
4414 292 257 858 1271 
4415 1253 1281 1273 1283 
4416 881 852 879 1289 
4417 627 269 268 1287 
4418 279 1312 774 1316 
4419 357 1296 154 1302 
4420 838 881 879 1261 
4421 281 1282 1266 1316 
4422 1257 1297 773 1303 
4423 161 1277 1256 1282 
4424 891 896 901 1263 
4425 365 366 356 1266 
4426 1251 1304 1263 1314 
4427 1252 1271 1267 1293 
4428 881 1289 1261 1305 
4429 382 386 1280 1291 
4430 385 1277 1268 1310 
4431 1256 1277 1268 1315 
4432 42 858 840 1271 
4433 449 448 461 1265 
4434 1252 1276 1293 1301 
4435 873 821 815 1271 
4436 91 766 278 1303 
4437 770 769 1268 1277 
4438 1265 1289 1251 1314 
4439 772 1286 271 1304 
4440 363 1290 1273 1318 
4441 155 357 154 1302 
4442 815 821 829 1271 
4443 1262 1285 1252 1288 
4444 881 849 1305 1312 
4445 90 88 87 1297 
4446 1262 1288 803 1296 
4447 853 841 854 1265 
4448 384 1291 382 1298 
4449 448 447 437 1278 
4450 822 162 373 1276 
4451 436 370 451 1279 
4452 365 367 359 1290 
4453 386 171 382 1280 
4454 147 19 816 354 
4455 1268 1310 1256 1315 
4456 374 1276 163 1301 
4457 1263 1287 861 1304 
4458 392 1268 1277 1303 
4459 798 280 281 1316 
4460 870 868 845 1295 
4461 454 466 453 1295 
4462 818 831 1276 1292 
4463 253 838 271 1261 
4464 362 159 158 1283 
4465 1276 1285 163 1301 
4466 774 776 1261 1312 
4467 90 277 88 1297 
4468 460 1270 440 1291 
4469 840 1271 858 1307 
4470 272 775 774 1315 
4471 177 178 390 1303 
4472 274 1277 9 1282 
4473 770 769 766 1303 
4474 824 818 1276 1293 
4475 1286 1304 1251 1315 
4476 388 1270 381 1291 
4477 819 458 1308 1309 
4478 173 178 172 1310 
4479 824 818 831 1276 
4480 256 839 862 1299 
4481 442 1283 441 1306 
4482 881 852 1289 1305 
4483 381 1270 159 1281 
4484 366 359 156 1266 
4485 1252 1267 1271 1307 
4486 253 271 776 1261 
4487 1255 1308 458 1309 
4488 884 892 391 1294 
4489 1257 390 1297 1303 
4490 1265 1278 1270 1311 
4491 1251 1310 1268 1315 
4492 292 858 42 1271 
4493 1261 1305 1264 1312 
4494 797 286 795 1317 
4495 469 438 899 1274 
4496 872 456 469 1274 
4497 1259 287 1288 1296 
4498 391 175 176 1294 
4499 879 857 838 1304 
4500 286 1288 806 1317 
4501 460 440 433 1291 
4502 1276 1300 1293 1301 
4503 292 291 608 1292 
4504 846 842 437 1278 
4505 847 846 853 1278 
4506 1259 1252 1285 1288 
4507 805 809 803 1296 
4508 845 859 873 1267 
4509 447 841 83 846 
4510 822 373 812 1300 
4511 268 271 40 1304 
4512 803 809 808 1262 
4513 853 1265 854 1314 
4514 822 1276 373 1300 
4515 438 885 899 1274 
4516 873 859 858 1271 
4517 285 292 42 1271 
4518 277 278 90 790 
4519 1269 1252 1288 1317 
4520 273 1277 777 1282 
4521 149 155 154 1302 
4522 385 1268 173 1310 
4523 384 450 433 1291 
4524 153 360 364 1262 
4525 173 1268 178 1310 
4526 869 860 880 1269 
4527 469 899 872 1274 
4528 842 462 437 1278 
4529 859 858 1271 1307 
4530 149 288 289 1302 
4531 170 384 382 1298 
4532 813 825 832 1308 
4533 381 158 159 1270 
4534 291 290 817 1292 
4535 280 798 791 1316 
4536 381 159 383 1281 
4537 149 154 804 1296 
4538 848 851 865 1275 
4539 365 359 1266 1290 
4540 392 178 1268 1303 
4541 1261 1251 1289 1304 
4542 894 867 872 1274 
4543 30 807 259 835 
4544 770 278 91 766 
4545 1257 1286 1268 1303 
4546 835 807 147 816 
4547 1271 1288 1252 1317 
4548 792 798 800 1302 
4549 897 887 88 1297 
4550 874 844 886 1287 
4551 149 154 1296 1302 
4552 372 823 369 1300 
4553 853 1289 1265 1314 
4554 433 387 384 1291 
4555 30 807 835 816 
4556 287 803 1288 1296 
4557 774 776 271 1261 
4558 824 1276 822 1300 
4559 894 872 899 1274 
4560 153 360 1262 1296 
4561 268 772 271 1304 
4562 443 1278 462 1306 
4563 811 829 821 1271 
4564 90 88 277 790 
4565 259 807 147 835 
4566 829 1271 811 1292 
4567 1269 1284 1250 1299 
4568 286 806 285 1317 
4569 360 364 1262 1285 
4570 437 447 83 846 
4571 270 767 269 1287 
4572 18 354 152 814 
4573 365 356 358 1273 
4574 1293 1300 1255 1301 
4575 157 156 151 1282 
4576 819 458 107 1308 
4577 771 766 769 1303 
4578 374 1300 1276 1301 
4579 813 828 825 1308 
4580 274 92 9 1277 
4581 1261 1289 1251 1311 
4582 824 822 812 1300 
4583 87 91 278 1303 
4584 860 1269 869 1307 
4585 774 1261 271 1315 
4586 294 825 845 815 
4587 92 274 770 1277 
4588 1271 1307 840 1317 
4589 893 874 886 1287 
4590 859 840 858 1307 
4591 365 1273 363 1290 
4592 273 777 775 1282 
4593 374 373 1276 1300 
4594 856 456 872 1274 
4595 389 393 890 1297 
4596 819 107 813 1308 
4597 1250 1290 1272 1318 
4598 812 369 823 1300 
4599 1270 1278 1253 1311 
4600 1270 1281 1253 1283 
4601 839 1269 880 1299 
4602 470 828 439 1308 
4603 796 797 795 1284 
4604 373 369 812 1300 
4605 390 87 1297 1303 
4606 434 446 168 1283 
4607 178 392 1268 1277 
4608 846 82 437 842 
4609 460 448 441 1270 
4610 388 158 381 1270 
4611 370 451 121 436 
4612 1285 1288 1262 1296 
4613 877 861 1287 1304 
4614 861 1263 1304 1314 
4615 148 804 154 1296 
4616 869 1307 1269 1317 
4617 88 788 789 1297 
4618 439 107 458 1308 
4619 777 273 274 1277 
4620 278 90 87 277 
4621 388 381 387 1291 
4622 370 1279 165 1318 
4623 798 793 800 1302 
4624 857 268 40 1304 
4625 372 823 1300 1309 
4626 449 447 448 1265 
4627 890 889 884 1294 
4628 1251 1289 1304 1314 
4629 360 1285 1262 1296 
4630 875 844 861 1263 
4631 173 1268 385 1277 
4632 464 444 462 1306 
4633 278 277 87 1303 
4634 1255 1293 1267 1308 
4635 168 158 434 1283 
4636 469 456 438 1274 
4637 156 150 793 1302 
4638 355 361 1290 1318 
4639 861 875 1263 1314 
4640 873 294 845 815 
4641 165 370 371 1279 
4642 1272 1290 361 1318 
4643 22 440 434 158 
4644 39 883 888 270 
4645 1265 1251 1289 1311 
4646 372 1300 378 1309 
4647 847 842 846 1278 
4648 439 813 107 1308 
4649 777 157 282 1282 
4650 856 841 84 447 
4651 286 797 287 1288 
4652 886 298 894 867 
4653 466 458 453 1308 
4654 793 289 800 1302 
4655 881 1305 1261 1312 
4656 447 84 856 456 
4657 148 153 147 802 
4658 806 291 292 1292 
4659 437 471 448 1278 
4660 389 890 884 1294 
4661 450 457 461 1298 
4662 765 271 1286 1315 
4663 1252 1285 1276 1301 
4664 854 856 875 1314 
4665 444 445 1306 1313 
4666 281 775 1282 1316 
4667 813 820 819 1308 
4668 893 886 896 1287 
4669 373 163 374 1276 
4670 1259 1288 1285 1296 
4671 41 837 779 1312 
4672 840 1307 869 1317 
4673 1261 1305 1289 1311 
4674 292 257 42 858 
4675 813 832 820 1308 
4676 903 92 9 274 
4677 792 800 288 1302 
4678 859 1267 868 1307 
4679 370 436 377 1279 
4680 804 288 289 149 
4681 149 150 289 834 
4682 789 788 277 1297 
4683 355 1290 363 1318 
4684 360 357 361 1285 
4685 462 437 82 842 
4686 856 1274 875 1314 
4687 388 124 433 387 
4688 157 366 156 1282 
4689 843 79 863 463 
4690 847 849 848 1305 
4691 1268 1286 1251 1315 
4692 438 456 449 1274 
4693 806 808 291 1292 
4694 839 869 880 1269 
4695 281 280 775 1316 
4696 163 1285 164 1301 
4697 254 869 795 1317 
4698 388 433 124 440 
4699 436 451 452 1279 
4700 864 868 843 1295 
4701 358 363 365 1273 
4702 850 882 862 1299 
4703 354 18 816 814 
4704 373 162 163 1276 
4705 1289 1305 1278 1311 
4706 793 150 289 1302 
4707 149 289 155 1302 
4708 886 298 867 844 
4709 777 282 281 1282 
4710 362 168 167 1283 
4711 250 857 877 1304 
4712 434 441 442 1283 
4713 391 389 884 1294 
4714 888 276 39 270 
4715 365 359 366 1266 
4716 440 22 388 158 
4717 148 805 804 1296 
4718 885 898 901 1274 
4719 772 765 271 1286 
4720 391 116 175 892 
4721 374 163 164 1301 
4722 125 384 433 387 
4723 777 274 282 157 
4724 435 863 79 463 
4725 770 273 769 1277 
4726 1272 1285 1252 1301 
4727 845 868 859 1267 
4728 824 831 822 1276 
4729 881 837 882 1312 
4730 804 805 288 1296 
4731 125 384 450 433 
4732 150 155 289 1302 
4733 378 1300 374 1301 
4734 791 801 796 1284 
4735 766 277 278 1303 
4736 903 764 92 274 
4737 1271 1252 1307 1317 
4738 87 88 390 1297 
4739 827 1300 823 1309 
4740 861 844 877 1287 
4741 389 390 393 1297 
4742 372 369 378 1300 
4743 288 800 289 1302 
4744 165 164 1272 1301 
4745 86 92 770 1277 
4746 828 813 439 1308 
4747 178 179 392 1277 
4748 165 1272 361 1318 
4749 827 1293 824 1300 
4750 119 379 368 1309 
4751 154 357 360 1296 
4752 358 160 159 1281 
4753 1269 1307 1252 1317 
4754 176 177 389 1294 
4755 1275 1306 1260 1313 
4756 280 791 279 1316 
4757 110 812 822 373 
4758 769 272 765 1315 
4759 898 895 892 1298 
4760 824 1293 1276 1300 
4761 442 446 434 1283 
4762 441 440 460 1270 
4763 365 363 355 1290 
4764 355 165 361 1318 
4765 821 217 608 609 
4766 1265 1289 1278 1311 
4767 893 883 626 1287 
4768 439 459 470 1308 
4769 767 771 772 1286 
4770 268 857 250 1304 
4771 361 1272 164 1285 
4772 442 441 443 1306 
4773 373 110 812 369 
4774 788 277 88 790 
4775 164 1285 1272 1301 
4776 119 467 379 1309 
4777 821 878 873 293 
4778 804 149 836 148 
4779 88 277 788 1297 
4780 824 826 818 1293 
4781 9 1277 161 1282 
4782 442 444 445 1306 
4783 877 857 861 1304 
4784 80 464 865 863 
4785 436 452 453 1279 
4786 148 804 805 810 
4787 887 890 393 1297 
4788 279 779 774 1312 
4789 374 369 373 1300 
4790 162 109 814 822 
4791 19 147 816 835 
4792 173 178 1268 1277 
4793 157 151 282 1282 
4794 804 149 148 154 
4795 254 840 869 1317 
4796 274 764 92 770 
4797 462 443 437 1278 
4798 885 894 899 1274 
4799 274 273 770 1277 
4800 286 803 806 1288 
4801 840 860 869 1307 
4802 377 370 121 436 
4803 78 463 843 1295 
4804 1253 1281 1270 1311 
4805 160 383 1281 1310 
4806 277 773 1297 1303 
4807 280 279 774 1316 
4808 254 285 840 1317 
4809 885 901 894 1274 
4810 382 381 386 1291 
4811 867 875 856 1274 
4812 78 843 870 1295 
4813 389 117 391 884 
4814 608 291 811 1292 
4815 80 464 863 435 
4816 392 179 86 1277 
4817 775 280 774 1316 
4818 158 434 22 168 
4819 810 805 148 802 
4820 848 850 851 1275 
4821 168 362 158 1283 
4822 433 450 461 1291 
4823 1253 1278 1305 1311 
4824 884 891 892 1294 
4825 900 895 468 1298 
4826 121 375 451 370 
4827 435 465 444 1313 
4828 883 270 626 1287 
4829 812 823 827 1300 
4830 9 151 282 157 
4831 116 391 884 892 
4832 893 896 883 1287 
4833 463 78 459 1295 
4834 870 459 78 1295 
4835 169 175 21 1298 
4836 437 443 471 1278 
4837 360 163 364 1285 
4838 286 287 803 1288 
4839 455 377 120 436 
4840 872 867 856 1274 
4841 817 811 291 1292 
4842 879 1289 855 1304 
4843 376 122 375 446 
4844 117 389 890 884 
4845 822 162 109 373 
4846 13 89 788 380 
4847 839 880 871 1299 
4848 853 855 1289 1314 
4849 382 384 387 1291 
4850 450 384 468 1298 
4851 468 384 169 1298 
4852 766 771 773 1303 
4853 818 829 811 1292 
4854 900 169 21 1298 
4855 465 452 445 1313 
4856 383 159 160 1281 
4857 91 92 904 764 
4858 392 390 178 1303 
4859 383 173 172 1310 
4860 824 827 820 1293 
4861 282 9 157 274 
4862 850 851 1275 1299 
4863 165 164 361 1272 
4864 171 386 172 1280 
4865 173 179 178 1277 
4866 860 859 868 1307 
4867 376 168 123 446 
4868 369 111 812 823 
4869 803 287 805 1296 
4870 823 372 830 1309 
4871 371 370 377 1279 
4872 830 112 372 823 
4873 277 766 773 1303 
4874 391 176 389 1294 
4875 370 165 166 1318 
4876 842 81 462 865 
4877 160 385 383 1310 
4878 111 369 372 823 
4879 797 796 801 1284 
4880 368 377 120 455 
4881 902 789 276 1297 
4882 793 794 289 150 
4883 175 892 21 1298 
4884 795 869 254 255 
4885 830 372 379 1309 
4886 853 854 855 1314 
4887 271 253 40 838 
4888 86 179 9 1277 
4889 812 827 824 1300 
4890 379 112 372 830 
4891 156 359 155 1302 
4892 152 162 18 814 
4893 272 774 271 1315 
4894 281 775 777 1282 
4895 21 892 900 1298 
4896 887 888 890 1297 
4897 887 393 88 1297 
4898 811 821 217 608 
4899 891 884 889 1294 
4900 893 297 886 874 
4901 368 372 378 1309 
4902 830 108 819 1309 
4903 174 173 385 1277 
4904 165 371 164 1301 
4905 359 357 155 1302 
4906 830 467 108 1309 
4907 161 356 366 1282 
4908 153 154 360 1296 
4909 446 122 375 451 
4910 796 256 839 255 
4911 835 19 30 816 
4912 371 378 374 1301 
4913 470 870 77 876 
4914 895 457 468 1298 
4915 115 468 900 895 
4916 384 169 126 468 
4917 380 13 897 244 
4918 464 462 81 865 
4919 877 844 874 1287 
4920 861 1304 855 1314 
4921 897 788 380 244 
4922 893 626 874 1287 
4923 826 820 832 1293 
4924 157 9 161 1282 
4925 788 89 88 380 
4926 293 873 821 815 
4927 879 855 857 1304 
4928 374 378 369 1300 
4929 287 288 805 1296 
4930 173 174 179 1277 
4931 355 361 367 1290 
4932 172 177 171 1280 
4933 867 299 894 872 
4934 468 126 384 450 
4935 902 276 888 1297 
4936 77 870 470 459 
4937 855 1304 1289 1314 
4938 285 42 254 840 
4939 899 113 885 438 
4940 466 1295 459 1308 
4941 444 465 445 1313 
4942 156 155 150 1302 
4943 819 827 823 1309 
4944 899 894 299 872 
4945 383 385 173 1310 
4946 438 899 113 469 
4947 460 433 461 1291 
4948 297 886 874 844 
4949 148 154 153 1296 
4950 818 817 831 1292 
4951 902 888 887 1297 
4952 817 811 216 291 
4953 771 765 772 1286 
4954 168 434 123 446 
4955 254 795 285 1317 
4956 466 459 439 1308 
4957 458 466 439 1308 
4958 361 164 360 1285 
4959 866 837 881 1312 
4960 828 876 295 825 
4961 175 169 170 1298 
4962 845 295 876 825 
4963 216 290 817 291 
4964 87 390 392 1303 
4965 380 788 13 244 
4966 393 390 88 1297 
4967 259 147 807 802 
4968 857 855 861 1304 
4969 179 174 9 1277 
4970 384 170 169 1298 
4971 115 468 895 457 
4972 443 462 444 1306 
4973 824 820 826 1293 
4974 286 285 795 1317 
4975 859 860 840 1307 
4976 852 849 847 1305 
4977 387 381 382 1291 
4978 270 269 626 1287 
4979 161 366 157 1282 
4980 779 837 252 1312 
4981 881 849 852 1305 
4982 853 855 852 1289 
4983 850 871 851 1299 
4984 627 626 269 1287 
4985 870 843 868 1295 
4986 91 764 278 770 
4987 355 363 166 1318 
4988 368 379 372 1309 
4989 120 119 368 455 
4990 765 272 271 1315 
4991 148 836 804 810 
4992 389 393 118 890 
4993 828 813 106 439 
4994 113 114 885 438 
4995 872 85 469 456 
4996 164 163 360 1285 
4997 367 365 355 1290 
4998 830 379 467 1309 
4999 900 468 169 1298 
5000 816 30 807 290 
5001 810 148 43 802 
5002 897 789 788 244 
5003 277 276 789 1297 
5004 106 470 828 439 
5005 38 893 626 874 
5006 893 883 242 626 
5007 852 855 879 1289 
5008 794 289 150 834 
5009 890 393 118 887 
5010 88 12 393 887 
5011 866 252 837 1312 
5012 85 872 856 456 
5013 165 355 166 1318 
5014 463 459 454 1295 
5015 773 276 277 1297 
5016 626 251 874 1287 
5017 150 149 289 155 
5018 83 82 437 846 
5019 454 459 466 1295 
5020 892 895 900 1298 
5021 455 458 467 1309 
5022 41 799 256 862 
5023 819 108 107 458 
5024 30 32 19 835 
5025 300 768 9 274 
5026 813 107 106 439 
5027 862 839 850 1299 
5028 376 123 122 446 
5029 148 147 43 802 
5030 469 899 8 872 
5031 468 457 450 1298 
5032 876 6 470 828 
5033 83 84 841 447 
5034 174 161 9 1277 
5035 823 830 819 1309 
5036 626 627 251 1287 
5037 817 818 811 1292 
5038 886 297 298 844 
5039 764 903 768 274 
5040 871 850 839 1299 
5041 164 371 374 1301 
5042 883 270 242 626 
5043 389 118 117 890 
5044 444 442 443 1306 
5045 43 147 259 802 
5046 89 13 788 36 
5047 768 903 9 274 
5048 863 79 80 435 
5049 216 811 608 291 
5050 764 91 46 904 
5051 276 243 902 888 
5052 830 379 17 467 
5053 82 81 462 842 
5054 84 85 856 456 
5055 251 38 626 874 
5056 774 779 776 1312 
5057 41 252 779 837 
5058 895 114 115 457 
5059 870 77 78 459 
5060 433 124 125 387 
5061 251 627 877 1287 
5062 836 149 289 834 
5063 9 34 903 768 
5064 468 169 20 900 
5065 44 296 282 35 
5066 822 109 110 373 
5067 243 902 789 276 
5068 825 845 295 294 
5069 162 109 18 814 
5070 375 122 121 451 
5071 9 34 768 300 
5072 117 116 391 884 
5073 388 124 22 440 
5074 116 21 175 892 
5075 861 855 875 1314 
5076 377 121 120 436 
5077 150 45 794 834 
5078 215 290 817 216 
5079 788 88 89 790 
5080 289 804 149 836 
5081 899 299 8 872 
5082 298 299 894 867 
5083 90 89 790 284 
5084 112 111 372 823 
5085 274 33 300 768 
5086 110 111 812 369 
5087 434 123 22 168 
5088 36 13 788 244 
5089 609 821 31 878 
5090 470 77 6 876 
5091 854 875 855 1314 
5092 817 816 290 215 
5093 174 385 161 1277 
5094 33 274 300 778 
5095 252 776 779 1312 
5096 294 873 293 815 
5097 6 876 295 828 
5098 899 8 113 469 
5099 789 897 902 244 
5100 18 19 354 816 
5101 32 30 259 835 
5102 251 877 874 1287 
5103 878 821 31 293 
5104 893 38 297 874 
5105 81 80 464 865 
5106 289 794 45 834 
5107 469 8 85 872 
5108 764 46 91 278 
5109 88 90 89 790 
5110 843 78 79 463 
5111 296 44 282 833 
5112 6 106 470 828 
5113 39 243 276 888 
5114 379 119 17 467 
5115 468 20 115 900 
5116 266 148 43 810 
5117 267 836 289 834 
5118 282 296 833 151 
5119 379 17 112 830 
5120 790 283 90 284 
5121 169 20 126 468 
5122 830 17 108 467 
5123 147 43 259 258 
5124 816 30 290 215 
5125 833 45 794 150 
5126 126 125 384 450 
5127 790 89 788 284 
5128 289 804 836 267 
5129 393 12 118 887 
5130 283 91 46 278 
5131 836 148 266 810 
5132 90 91 283 278 
5133 217 821 31 609 
5134 257 609 31 878 
5135 34 33 768 300 
5136 835 147 259 258 
5137 833 794 44 282 
5138 893 242 38 626 
5139 89 36 788 284 
5140 794 44 45 833 
5141 608 217 811 216 
5142 169 21 20 900 
5143 13 36 37 244 
5144 92 764 903 904 
5145 251 877 627 250 
5146 268 40 250 857 
5147 270 39 883 242 
5148 278 283 90 790 
5149 87 91 90 278 
5150 267 289 45 834 
5151 902 789 244 243 
5152 804 836 267 266 
5153 266 804 836 810 
5154 835 259 32 258 
5155 275 34 768 903 
5156 903 275 764 768 
5157 12 13 897 380 
5158 300 35 33 778 
5159 764 275 903 904 
5160 275 764 46 904 
5161 150 282 794 833 
5162 150 794 282 793 
5163 1296 148 1262 153 
5164 802 1262 148 153 
5165 1295 863 864 1258 
5166 1295 864 863 843 
5167 1275 1299 864 1258 
5168 802 1262 807 809 
5169 807 1262 802 147 
5170 172 1280 178 177 
5171 172 178 1280 1310 
5172 1297 767 888 1257 
5173 1297 888 767 276 
5174 1281 356 358 160 
5175 1281 358 356 1273 
5176 1318 1313 1250 1260 
5177 1318 1250 1313 1258 
5178 1278 841 853 1265 
5179 1278 853 841 846 
5180 1299 880 864 1269 
5181 1299 864 880 871 
5182 802 1296 1262 809 
5183 1262 1296 802 148 
5184 1291 448 1270 1265 
5185 1291 1270 448 460 
5186 1293 829 1267 826 
5187 1293 1267 829 1271 
5188 815 1267 829 826 
5189 815 829 1267 1271 
5190 1310 1311 1256 1251 
5191 1256 1311 1310 1281 
5192 1315 769 273 1268 
5193 1315 273 769 272 
5194 463 863 1295 435 
5195 463 1295 863 843 
5196 1287 772 767 269 
5197 1287 767 772 1286 
5198 845 1295 1308 870 
5199 1308 1295 845 1267 
5200 457 885 114 438 
5201 457 114 885 895 
5202 1303 86 1277 392 
5203 1303 1277 86 770 
5204 1314 856 1265 854 
5205 1314 1265 856 1274 
5206 1261 253 1312 776 
5207 1261 1312 253 838 
5208 1312 253 252 776 
5209 1312 252 253 866 
5210 440 1283 441 434 
5211 441 1283 440 1270 
5212 1299 256 796 799 
5213 1299 796 256 839 
5214 1312 862 882 1264 
5215 1312 882 862 837 
5216 1299 851 864 871 
5217 1299 864 851 1275 
5218 88 897 12 887 
5219 12 897 88 380 
5220 1312 838 881 866 
5221 1312 881 838 1261 
5222 1292 290 1262 808 
5223 1292 1262 290 817 
5224 274 1282 157 777 
5225 157 1282 274 9 
5226 282 300 35 296 
5227 35 300 282 778 
5228 151 793 150 282 
5229 151 150 793 156 
5230 1310 386 172 383 
5231 1310 172 386 1280 
5232 1275 1299 1305 850 
5233 1275 1305 1299 1264 
5234 882 1305 1299 850 
5235 882 1299 1305 1264 
5236 171 1294 177 176 
5237 177 1294 171 1280 
5238 250 1304 1287 268 
5239 1287 1304 250 877 
5240 1287 627 250 268 
5241 250 627 1287 877 
5242 1309 119 455 368 
5243 1309 455 119 467 
5244 1309 108 458 467 
5245 1309 458 108 819 
5246 92 91 770 764 
5247 92 770 91 86 
5248 1292 829 1293 818 
5249 1292 1293 829 1271 
3 3 4 1160
5250 184 205 1321 1322 
5251 184 1322 1321 1326 
5252 233 508 1321 1334 
5253 511 1321 508 1334 
5254 352 1323 616 1328 
5255 353 616 1323 1328 
5256 353 1323 1321 1328 
5257 213 1319 1327 1347 
5258 1321 1323 486 1328 
5259 939 934 1330 1340 
5260 486 1321 511 1323 
5261 213 1327 1323 1347 
5262 939 929 934 1340 
5263 233 1321 1327 1334 
5264 663 660 1319 1340 
5265 663 1319 236 1330 
5266 479 1320 653 1333 
5267 511 1323 1321 1334 
5268 353 352 616 1328 
5269 1322 1329 504 1333 
5270 653 1320 229 1333 
5271 649 653 229 1333 
5272 353 616 1321 1323 
5273 24 184 1321 1326 
5274 966 227 1326 1355 
5275 205 24 184 1321 
5276 663 1319 660 1334 
5277 655 1321 508 1344 
5278 353 616 214 1321 
5279 1320 504 1329 1333 
5280 232 1327 1321 1337 
5281 320 966 319 1335 
5282 655 233 508 1321 
5283 663 237 1319 1334 
5284 959 936 952 1330 
5285 660 1334 1319 1340 
5286 486 1328 1323 1336 
5287 1329 1333 1322 1345 
5288 505 1320 504 1329 
5289 939 1330 1324 1340 
5290 320 1326 966 1335 
5291 1320 1333 1329 1345 
5292 966 1326 227 1335 
5293 505 1329 524 1348 
5294 957 958 322 1342 
5295 194 24 205 1321 
5296 524 1329 1325 1348 
5297 957 322 1337 1342 
5298 1323 1327 1319 1347 
5299 1319 1330 663 1340 
5300 479 653 1320 1348 
5301 505 506 504 1320 
5302 959 931 936 1330 
5303 1323 1328 352 1336 
5304 600 603 473 1350 
5305 229 1320 653 1348 
5306 232 233 1321 1327 
5307 605 603 600 1350 
5308 938 942 662 1340 
5309 611 213 1323 1347 
5310 663 660 237 1334 
5311 500 1334 660 1340 
5312 1325 1329 1320 1348 
5313 905 915 918 1331 
5314 757 260 913 1348 
5315 207 1319 213 1347 
5316 905 918 1325 1331 
5317 663 236 657 1330 
5318 938 929 942 1340 
5319 953 1330 235 1342 
5320 235 1330 236 1342 
5321 505 524 506 1348 
5322 909 757 913 1348 
5323 319 966 227 1335 
5324 235 953 955 1330 
5325 213 1319 207 1327 
5326 486 1323 490 1336 
5327 213 214 616 1327 
5328 205 1322 604 1328 
5329 486 1328 1336 1351 
5330 509 202 603 201 
5331 602 605 600 1346 
5332 504 1322 487 1329 
5333 611 212 213 1347 
5334 188 593 189 1352 
5335 504 1320 479 1333 
5336 229 653 230 1348 
5337 663 237 236 1319 
5338 236 1330 1319 1342 
5339 652 1321 655 1344 
5340 523 1339 622 1354 
5341 652 232 1321 1337 
5342 928 1324 939 1330 
5343 235 234 659 955 
5344 194 205 604 1328 
5345 486 484 511 1321 
5346 484 1321 486 1328 
5347 928 939 934 1330 
5348 659 952 936 1330 
5349 213 616 1323 1327 
5350 235 955 659 1330 
5351 909 1331 757 1348 
5352 757 261 260 1348 
5353 618 197 516 1351 
5354 197 1346 516 1351 
5355 598 1325 1320 1331 
5356 655 652 233 1321 
5357 911 590 905 1325 
5358 262 261 1331 1348 
5359 24 1326 1321 1355 
5360 959 952 955 1330 
5361 598 905 1325 1331 
5362 957 1337 1327 1342 
5363 938 661 1330 1340 
5364 229 261 262 1348 
5365 1323 1327 1321 1334 
5366 188 201 512 607 
5367 938 662 661 1340 
5368 479 230 653 1348 
5369 598 1320 181 1331 
5370 207 213 212 1347 
5371 508 511 484 1321 
5372 622 348 621 1354 
5373 1319 1330 208 1342 
5374 233 652 232 1321 
5375 504 506 479 1320 
5376 955 234 659 952 
5377 662 942 525 1340 
5378 657 663 1330 1340 
5379 757 1331 261 1348 
5380 352 1336 1328 1351 
5381 319 950 320 1335 
5382 201 481 512 607 
5383 201 512 202 188 
5384 499 1323 511 1334 
5385 24 1321 1337 1355 
5386 483 1322 504 1333 
5387 942 929 525 1340 
5388 955 952 659 1330 
5389 484 1321 1328 1344 
5390 591 590 907 1325 
5391 24 1321 214 1337 
5392 652 1326 1321 1344 
5393 589 1329 1325 1341 
5394 1323 1332 611 1347 
5395 353 1321 194 1328 
5396 508 1321 484 1344 
5397 589 1325 597 1341 
5398 486 1336 489 1351 
5399 183 1322 184 1326 
5400 486 490 489 1336 
5401 611 1332 1323 1336 
5402 490 486 511 1323 
5403 236 1319 237 1342 
5404 183 595 184 1322 
5405 1320 1325 594 1329 
5406 214 1321 1327 1337 
5407 935 622 523 1339 
5408 493 1336 520 1354 
5409 346 932 1324 1339 
5410 504 483 487 1322 
5411 485 1328 1322 1344 
5412 322 786 1337 1342 
5413 1319 1334 237 1342 
5414 496 1339 523 1354 
5415 347 622 1339 1354 
5416 763 1335 1320 1343 
5417 322 958 786 1342 
5418 208 1330 1319 1347 
5419 234 235 951 955 
5420 928 932 939 1324 
5421 966 1326 320 1355 
5422 473 603 503 1350 
5423 604 1328 1322 1338 
5424 595 1322 183 1345 
5425 915 906 918 1348 
5426 617 616 352 1323 
5427 1325 1329 524 1341 
5428 472 511 508 1334 
5429 620 197 26 501 
5430 183 1322 1326 1345 
5431 475 618 197 516 
5432 933 522 1324 1339 
5433 214 24 353 1321 
5434 612 1336 493 1354 
5435 589 594 597 1325 
5436 232 785 233 1334 
5437 928 210 1324 1330 
5438 202 188 512 1341 
5439 1324 1330 211 1347 
5440 205 204 604 1322 
5441 911 907 590 1325 
5442 484 1328 485 1344 
5443 916 190 921 599 
5444 502 600 605 1346 
5445 589 594 1325 1329 
5446 478 349 350 612 
5447 933 1324 932 1339 
5448 490 492 1332 1349 
5449 613 346 1324 1339 
5450 490 1332 1336 1349 
5451 526 913 260 1348 
5452 202 1341 512 1350 
5453 208 211 1330 1347 
5454 505 524 1329 1341 
5455 521 624 478 1354 
5456 194 353 24 1321 
5457 936 931 937 1330 
5458 185 1329 1322 1345 
5459 911 905 918 1325 
5460 944 1343 761 1353 
5461 189 513 481 1352 
5462 933 522 498 1324 
5463 232 233 1327 1334 
5464 663 658 660 1340 
5465 924 620 26 501 
5466 349 612 478 1354 
5467 1323 1334 499 1349 
5468 490 1336 1323 1349 
5469 604 1322 204 1338 
5470 953 208 1330 1342 
5471 617 1323 352 1336 
5472 782 237 1334 1342 
5473 1320 1329 594 1345 
5474 214 213 206 1327 
5475 622 623 347 1339 
5476 229 228 649 1333 
5477 594 1320 598 1325 
5478 913 906 909 1348 
5479 204 205 185 1322 
5480 612 350 493 1336 
5481 479 1320 506 1348 
5482 928 209 210 1330 
5483 936 937 659 1330 
5484 618 516 475 1351 
5485 197 620 475 501 
5486 229 230 261 1348 
5487 928 931 209 1330 
5488 197 606 501 1346 
5489 595 185 184 1322 
5490 206 323 24 1337 
5491 512 503 509 1350 
5492 490 492 491 1332 
5493 598 905 590 1325 
5494 611 213 616 1323 
5495 523 625 621 935 
5496 920 189 311 921 
5497 262 261 754 1331 
5498 953 951 235 955 
5499 907 591 1325 1352 
5500 657 236 235 1330 
5501 906 1325 918 1348 
5502 1322 1328 485 1338 
5503 612 350 478 493 
5504 590 591 597 1325 
5505 479 507 230 1348 
5506 600 502 501 1346 
5507 181 598 594 1320 
5508 761 1331 754 1353 
5509 500 499 1334 1349 
5510 1323 1336 1332 1349 
5511 490 1332 491 1336 
5512 647 1326 652 1344 
5513 487 1322 485 1338 
5514 925 481 201 607 
5515 497 500 1340 1349 
5516 349 478 624 1354 
5517 618 197 620 475 
5518 613 1332 1324 1347 
5519 233 472 508 1334 
5520 953 208 955 1330 
5521 528 523 625 621 
5522 611 1332 615 1347 
5523 183 1326 1335 1345 
5524 598 180 905 1331 
5525 622 621 625 935 
5526 197 602 606 1346 
5527 660 480 500 1340 
5528 928 934 931 1330 
5529 347 348 622 1354 
5530 210 346 932 1324 
5531 661 657 1330 1340 
5532 475 516 529 1351 
5533 611 614 1332 1336 
5534 1320 1335 946 1343 
5535 1322 1328 1321 1344 
5536 932 933 939 1324 
5537 195 1328 604 1338 
5538 761 1343 1331 1353 
5539 618 493 351 1351 
5540 935 523 930 1339 
5541 511 499 490 1323 
5542 782 1334 1327 1342 
5543 235 780 953 1342 
5544 264 263 755 1335 
5545 493 1336 351 1351 
5546 207 1327 1319 1342 
5547 933 941 522 1339 
5548 647 651 1326 1344 
5549 25 190 599 921 
5550 184 185 205 1322 
5551 325 962 324 1355 
5552 196 1346 197 1351 
5553 763 1320 229 1343 
5554 941 933 932 1339 
5555 962 1337 324 1355 
5556 198 606 600 501 
5557 496 523 521 621 
5558 319 328 227 966 
5559 782 236 237 1342 
5560 485 1322 483 1344 
5561 212 208 207 1342 
5562 935 930 622 1339 
5563 955 951 234 952 
5564 918 906 910 1325 
5565 754 1331 761 1343 
5566 591 192 907 590 
5567 620 310 618 475 
5568 197 501 516 1346 
5569 190 189 513 527 
5570 487 1329 1322 1338 
5571 600 502 473 501 
5572 1324 1332 613 1339 
5573 187 188 202 1341 
5574 260 261 230 1348 
5575 660 658 480 1340 
5576 620 924 475 501 
5577 597 1325 591 1352 
5578 24 183 184 1326 
5579 906 515 910 1325 
5580 617 611 1323 1336 
5581 906 515 1325 1348 
5582 351 493 350 1336 
5583 260 230 507 1348 
5584 661 658 657 1340 
5585 612 351 350 1336 
5586 928 210 932 1324 
5587 662 658 661 1340 
5588 613 346 210 1324 
5589 185 1322 595 1345 
5590 523 528 625 935 
5591 926 478 49 518 
5592 1324 1332 495 1349 
5593 601 195 604 1338 
5594 618 350 351 493 
5595 209 931 959 1330 
5596 657 658 663 1340 
5597 481 189 607 920 
5598 474 655 508 1344 
5599 181 1320 946 1343 
5600 596 597 591 1352 
5601 647 652 655 1344 
5602 517 1338 1328 1346 
5603 262 1331 754 1343 
5604 262 763 229 1343 
5605 214 1327 206 1337 
5606 1319 1330 1324 1347 
5607 474 1333 656 1344 
5608 910 515 477 1325 
5609 483 485 487 1322 
5610 780 784 235 953 
5611 605 502 1346 1350 
5612 1319 1327 1323 1334 
5613 622 930 623 1339 
5614 475 518 350 493 
5615 926 49 478 349 
5616 784 951 235 953 
5617 1321 1326 1322 1344 
5618 911 907 192 590 
5619 327 24 325 1355 
5620 497 1340 1324 1349 
5621 1322 1333 1326 1345 
5622 651 1333 1326 1344 
5623 1320 1331 1325 1348 
5624 615 1332 613 1347 
5625 183 1335 950 1345 
5626 596 1341 597 1352 
5627 526 260 507 1348 
5628 526 906 913 1348 
5629 181 1331 1320 1343 
5630 597 1341 1325 1352 
5631 523 476 930 1339 
5632 525 929 498 1340 
5633 647 474 656 1344 
5634 1327 1334 1319 1342 
5635 1333 1335 1326 1345 
5636 786 231 322 1337 
5637 484 486 485 1328 
5638 209 208 211 1330 
5639 505 504 487 1329 
5640 353 195 352 1328 
5641 473 509 503 603 
5642 940 625 528 935 
5643 325 24 323 1337 
5644 618 196 197 1351 
5645 785 782 237 1334 
5646 181 947 1331 1343 
5647 321 786 787 322 
5648 606 927 197 501 
5649 499 490 1323 1349 
5650 24 320 183 1326 
5651 512 509 481 201 
5652 478 350 518 493 
5653 264 755 318 1335 
5654 24 1337 325 1355 
5655 1322 1333 483 1344 
5656 947 1331 1343 1353 
5657 473 198 600 501 
5658 647 651 652 1326 
5659 349 624 348 1354 
5660 961 321 787 322 
5661 962 324 231 322 
5662 197 927 26 501 
5663 482 656 474 1333 
5664 197 475 516 501 
5665 505 514 524 1341 
5666 647 656 1333 1344 
5667 495 1324 522 1339 
5668 946 1320 182 1335 
5669 482 504 479 1333 
5670 235 236 780 1342 
5671 517 485 1328 1338 
5672 647 655 474 1344 
5673 909 908 757 1353 
5674 1319 1334 1323 1349 
5675 495 1332 1324 1339 
5676 497 1324 495 1349 
5677 190 916 513 912 
5678 613 1332 610 1339 
5679 647 1333 651 1344 
5680 520 1336 491 1354 
5681 350 618 475 493 
5682 759 756 761 944 
5683 26 606 927 197 
5684 517 487 485 1338 
5685 513 916 190 527 
5686 320 1326 24 1355 
5687 924 26 927 501 
5688 947 1343 944 1353 
5689 615 610 613 1332 
5690 604 195 194 1328 
5691 611 614 615 1332 
5692 350 49 478 518 
5693 324 962 231 1337 
5694 925 481 607 920 
5695 910 1325 477 1352 
5696 502 473 503 1350 
5697 658 525 480 1340 
5698 185 592 1329 1345 
5699 756 759 755 944 
5700 195 1328 1346 1351 
5701 491 1336 1332 1354 
5702 658 662 525 1340 
5703 514 1325 524 1341 
5704 961 787 231 322 
5705 523 528 521 621 
5706 353 194 195 1328 
5707 498 1324 495 1340 
5708 905 914 915 1331 
5709 1324 1330 1319 1340 
5710 622 523 621 935 
5711 499 500 497 1349 
5712 754 1331 757 1353 
5713 349 49 478 350 
5714 188 512 1341 1352 
5715 946 181 182 1320 
5716 648 1326 227 1355 
5717 495 1324 497 1340 
5718 614 1332 1336 1354 
5719 185 592 186 1329 
5720 492 495 1332 1349 
5721 617 611 616 1323 
5722 189 916 190 921 
5723 946 1335 318 1343 
5724 910 907 1325 1352 
5725 613 1324 211 1347 
5726 962 322 231 1337 
5727 186 1329 589 1341 
5728 474 482 1333 1344 
5729 513 189 481 527 
5730 617 614 611 1336 
5731 598 181 180 1331 
5732 910 917 907 1352 
5733 781 958 956 1342 
5734 761 944 756 1343 
5735 909 757 1331 1353 
5736 522 495 498 1324 
5737 762 945 753 1353 
5738 968 328 227 319 
5739 182 1335 1320 1345 
5740 605 1346 1338 1350 
5741 521 478 496 1354 
5742 760 754 757 1353 
5743 190 916 189 527 
5744 762 945 949 753 
5745 1324 1340 1319 1349 
5746 527 189 920 921 
5747 911 910 907 1325 
5748 1319 1347 1324 1349 
5749 1325 1341 514 1352 
5750 651 1326 1333 1335 
5751 186 589 187 1341 
5752 781 956 780 1342 
5753 938 661 937 1330 
5754 322 321 786 958 
5755 325 1337 962 1355 
5756 966 320 329 1355 
5757 500 238 660 1334 
5758 651 227 1326 1335 
5759 509 473 52 603 
5760 1329 1341 186 1350 
5761 231 787 786 322 
5762 527 916 189 921 
5763 352 1328 195 1351 
5764 1319 1323 1347 1349 
5765 181 1320 594 1345 
5766 623 346 347 1339 
5767 128 910 906 515 
5768 614 1336 612 1354 
5769 760 757 908 1353 
5770 187 1341 202 1350 
5771 488 517 1328 1346 
5772 905 180 914 1331 
5773 329 320 24 1355 
5774 524 1325 515 1348 
5775 186 1341 187 1350 
5776 759 317 755 944 
5777 657 235 659 1330 
5778 911 193 905 590 
5779 472 238 500 1334 
5780 601 1338 605 1346 
5781 209 959 955 1330 
5782 925 481 509 201 
5783 472 499 511 1334 
5784 227 264 968 319 
5785 310 620 924 475 
5786 527 189 481 920 
5787 484 485 483 1344 
5788 661 659 937 1330 
5789 318 319 264 1335 
5790 784 783 956 780 
5791 623 930 346 1339 
5792 128 910 515 477 
5793 961 231 324 322 
5794 208 209 955 1330 
5795 206 24 214 1337 
5796 938 937 934 1330 
5797 238 472 233 1334 
5798 526 515 906 1348 
5799 614 610 1332 1354 
5800 941 476 522 1339 
5801 181 182 1320 1345 
5802 780 956 784 953 
5803 755 756 944 1343 
5804 181 944 947 1343 
5805 483 504 482 1333 
5806 945 762 919 1353 
5807 483 1333 482 1344 
5808 757 754 261 1331 
5809 346 930 932 1339 
5810 520 493 491 1336 
5811 264 319 227 1335 
5812 323 322 962 1337 
5813 761 943 759 944 
5814 495 494 1332 1339 
5815 648 652 1326 1355 
5816 202 603 605 1350 
5817 24 327 329 1355 
5818 195 1346 196 1351 
5819 651 1333 228 1335 
5820 523 496 476 1339 
5821 1332 1347 1323 1349 
5822 661 657 659 1330 
5823 943 761 753 1353 
5824 927 606 198 501 
5825 524 477 515 1325 
5826 325 324 326 1355 
5827 203 605 601 1338 
5828 519 1329 487 1338 
5829 592 594 1329 1345 
5830 605 1338 203 1350 
5831 589 597 596 1341 
5832 596 188 1341 1352 
5833 481 513 512 1352 
5834 651 227 648 1326 
5835 660 500 102 238 
5836 498 495 497 1340 
5837 347 613 610 1339 
5838 951 784 956 953 
5839 211 613 210 1324 
5840 472 102 500 238 
5841 957 1327 207 1342 
5842 488 517 485 1328 
5843 607 27 925 920 
5844 660 101 480 658 
5845 480 500 101 660 
5846 755 944 318 1343 
5847 610 1339 1332 1354 
5848 937 931 934 1330 
5849 199 52 473 603 
5850 474 483 482 1344 
5851 935 523 135 930 
5852 952 659 936 664 
5853 49 350 922 518 
5854 523 476 135 930 
5855 603 52 509 200 
5856 521 57 478 624 
5857 473 600 198 199 
5858 653 479 99 230 
5859 473 600 199 603 
5860 186 1338 1329 1350 
5861 957 206 1327 1337 
5862 919 762 945 949 
5863 201 603 509 200 
5864 502 517 1338 1350 
5865 1338 1346 502 1350 
5866 786 958 781 1342 
5867 614 612 610 1354 
5868 647 656 651 1333 
5869 1326 1333 1322 1344 
5870 491 1332 494 1354 
5871 597 594 598 1325 
5872 922 926 49 518 
5873 472 508 15 233 
5874 25 190 921 189 
5875 519 505 1329 1341 
5876 759 753 943 761 
5877 624 57 478 309 
5878 613 347 346 1339 
5879 598 905 193 590 
5880 656 482 649 1333 
5881 592 594 589 1329 
5882 264 318 968 319 
5883 524 514 477 1325 
5884 180 914 1331 1353 
5885 474 508 484 1344 
5886 1324 1347 1332 1349 
5887 492 495 494 1332 
5888 648 652 651 1326 
5889 780 786 781 1342 
5890 933 133 929 498 
5891 528 923 625 940 
5892 180 181 947 1331 
5893 610 347 1339 1354 
5894 1329 1338 519 1350 
5895 329 328 966 1355 
5896 927 54 924 501 
5897 186 592 589 1329 
5898 307 521 528 621 
5899 1320 1335 1333 1345 
5900 624 478 349 309 
5901 479 506 507 1348 
5902 930 476 941 1339 
5903 910 911 918 1325 
5904 318 946 319 1335 
5905 952 234 659 664 
5906 318 944 946 1343 
5907 307 528 923 625 
5908 206 213 207 1327 
5909 517 519 487 1338 
5910 945 943 753 1353 
5911 352 619 1336 1351 
5912 133 933 522 498 
5913 324 654 326 1355 
5914 495 522 476 1339 
5915 596 593 188 1352 
5916 352 195 619 1351 
5917 180 948 914 1353 
5918 188 187 596 1341 
5919 625 307 528 621 
5920 473 53 198 501 
5921 943 949 945 753 
5922 946 950 319 1335 
5923 951 235 234 784 
5924 957 323 206 1337 
5925 912 917 130 1352 
5926 324 1337 654 1355 
5927 502 1338 517 1346 
5928 195 601 196 1346 
5929 760 761 754 1353 
5930 226 265 328 227 
5931 500 499 472 1334 
5932 207 957 206 1327 
5933 922 924 55 475 
5934 601 605 602 1346 
5935 922 310 924 475 
5936 507 99 479 230 
5937 322 323 957 1337 
5938 660 238 237 1334 
5939 318 755 317 944 
5940 651 649 228 1333 
5941 203 1338 186 1350 
5942 615 613 211 1347 
5943 518 922 55 475 
5944 603 199 52 200 
5945 185 595 592 1345 
5946 520 491 494 1354 
5947 497 495 492 1349 
5948 754 761 756 1343 
5949 492 494 491 1332 
5950 260 10 507 230 
5951 308 57 521 624 
5952 238 472 15 233 
5953 480 497 500 1340 
5954 762 753 760 1353 
5955 651 228 227 1335 
5956 941 932 930 1339 
5957 621 307 521 308 
5958 909 914 908 1353 
5959 486 488 1328 1351 
5960 181 946 944 1343 
5961 604 204 601 1338 
5962 909 1331 914 1353 
5963 519 1338 517 1350 
5964 648 227 226 1355 
5965 762 760 919 1353 
5966 212 611 615 1347 
5967 618 619 196 1351 
5968 927 198 53 501 
5969 655 508 96 474 
5970 956 953 780 1342 
5971 308 521 621 624 
5972 521 528 58 307 
5973 610 615 614 1332 
5974 182 595 183 1345 
5975 760 753 761 1353 
5976 526 10 507 260 
5977 654 1337 652 1355 
5978 195 196 619 1351 
5979 231 786 232 1337 
5980 519 514 505 1341 
5981 590 597 598 1325 
5982 786 321 781 958 
5983 656 97 482 474 
5984 263 756 755 1343 
5985 494 1332 1339 1354 
5986 909 915 914 1331 
5987 203 204 186 1338 
5988 656 98 649 482 
5989 950 1335 182 1345 
5990 931 209 28 928 
5991 505 487 519 1329 
5992 958 957 207 1342 
5993 1329 519 1341 1350 
5994 181 594 182 1345 
5995 607 189 27 920 
5996 490 491 489 1336 
5997 183 950 182 1345 
5998 963 324 961 650 
5999 326 327 325 1355 
6000 352 619 351 1336 
6001 624 308 57 309 
6002 591 907 191 1352 
6003 525 498 480 1340 
6004 348 612 349 1354 
6005 655 96 647 474 
6006 654 324 231 1337 
6007 912 130 513 1352 
6008 499 492 490 1349 
6009 218 913 757 260 
6010 758 968 265 264 
6011 494 1339 496 1354 
6012 478 520 496 1354 
6013 97 656 647 474 
6014 475 924 54 501 
6015 196 602 197 1346 
6016 953 207 208 1342 
6017 58 521 307 308 
6018 263 763 262 1343 
6019 476 941 135 930 
6020 619 351 1336 1351 
6021 323 962 325 1337 
6022 781 321 956 958 
6023 488 1346 1328 1351 
6024 218 913 909 757 
6025 237 238 785 1334 
6026 526 127 913 906 
6027 914 905 23 180 
6028 326 328 329 1355 
6029 100 525 480 658 
6030 486 489 488 1351 
6031 951 234 952 954 
6032 478 926 349 309 
6033 494 476 496 1339 
6034 180 23 914 948 
6035 131 513 916 912 
6036 486 488 485 1328 
6037 963 964 787 961 
6038 912 191 907 1352 
6039 132 525 942 929 
6040 212 211 208 1347 
6041 201 509 925 200 
6042 502 519 517 1350 
6043 28 959 209 931 
6044 473 198 53 199 
6045 655 15 508 233 
6046 264 228 263 1335 
6047 910 129 917 477 
6048 757 908 219 760 
6049 916 513 131 527 
6050 525 100 662 658 
6051 928 210 29 932 
6052 618 351 619 1351 
6053 926 478 57 309 
6054 936 960 952 664 
6055 351 612 614 1336 
6056 318 968 758 264 
6057 189 25 311 921 
6058 762 220 919 760 
6059 909 908 219 757 
6060 495 476 494 1339 
6061 512 1341 519 1350 
6062 610 348 347 1354 
6063 947 180 1331 1353 
6064 326 654 226 1355 
6065 956 958 953 1342 
6066 593 591 191 1352 
6067 932 210 29 346 
6068 238 233 785 1334 
6069 596 187 589 1341 
6070 617 352 351 1336 
6071 491 493 489 1336 
6072 648 654 652 1355 
6073 596 591 593 1352 
6074 510 130 917 1352 
6075 326 226 328 1355 
6076 512 519 503 1350 
6077 936 960 664 312 
6078 906 526 127 515 
6079 203 601 204 1338 
6080 507 515 526 1348 
6081 324 650 326 654 
6082 132 525 929 498 
6083 192 191 591 907 
6084 506 524 515 1348 
6085 203 186 187 1350 
6086 919 760 908 1353 
6087 907 917 912 1352 
6088 952 960 936 312 
6089 321 787 786 781 
6090 656 649 651 1333 
6091 315 622 930 623 
6092 239 936 659 664 
6093 236 782 780 1342 
6094 783 956 780 781 
6095 474 484 483 1344 
6096 516 501 502 1346 
6097 961 231 963 650 
6098 650 324 231 654 
6099 940 528 136 935 
6100 326 329 327 1355 
6101 326 35 650 965 
6102 647 96 97 474 
6103 920 50 527 921 
6104 193 905 598 180 
6105 27 189 311 920 
6106 659 240 661 937 
6107 264 227 228 1335 
6108 662 942 938 241 
6109 592 182 594 1345 
6110 514 1341 512 1352 
6111 950 946 182 1335 
6112 615 211 212 1347 
6113 47 916 599 303 
6114 498 497 480 1340 
6115 923 58 528 307 
6116 922 56 926 518 
6117 652 654 232 1337 
6118 503 519 502 1350 
6119 207 953 958 1342 
6120 756 262 754 1343 
6121 522 941 134 476 
6122 510 513 130 1352 
6123 516 1346 488 1351 
6124 945 947 943 1353 
6125 930 346 932 314 
6126 954 234 952 664 
6127 623 346 930 314 
6128 919 948 945 1353 
6129 908 919 220 760 
6130 497 492 499 1349 
6131 528 523 136 935 
6132 949 919 762 302 
6133 917 129 510 477 
6134 963 787 231 961 
6135 480 101 100 658 
6136 755 318 758 264 
6137 956 783 784 283 
6138 929 133 132 498 
6139 351 614 617 1336 
6140 914 301 919 948 
6141 919 914 948 1353 
6142 326 650 226 654 
6143 56 478 926 518 
6144 209 210 28 928 
6145 961 324 231 650 
6146 52 925 509 200 
6147 930 935 622 315 
6148 954 952 960 664 
6149 519 512 514 1341 
6150 602 196 601 1346 
6151 529 516 488 1351 
6152 661 662 938 241 
6153 187 202 203 1350 
6154 481 50 527 920 
6155 348 610 612 1354 
6156 51 925 481 509 
6157 905 193 23 180 
6158 301 945 919 948 
6159 938 661 240 937 
6160 53 52 473 199 
6161 488 502 517 1346 
6162 481 925 51 920 
6163 507 506 515 1348 
6164 526 913 11 260 
6165 942 525 16 662 
6166 508 96 15 655 
6167 512 513 510 1352 
6168 134 933 941 522 
6169 127 128 906 515 
6170 931 959 936 313 
6171 949 945 919 302 
6172 514 512 510 1352 
6173 34 787 231 963 
6174 527 1 916 921 
6175 521 58 57 308 
6176 659 937 936 239 
6177 481 51 50 920 
6178 656 97 98 482 
6179 226 35 326 44 
6180 648 226 654 1355 
6181 472 15 102 238 
6182 910 128 129 477 
6183 595 182 592 1345 
6184 99 98 479 653 
6185 513 131 130 912 
6186 516 502 488 1346 
6187 923 528 3 940 
6188 346 29 932 314 
6189 202 605 203 1350 
6190 786 780 782 1342 
6191 507 10 99 230 
6192 500 102 101 660 
6193 201 27 925 607 
6194 191 303 190 912 
6195 964 321 787 961 
6196 787 34 964 963 
6197 49 350 310 922 
6198 193 911 192 590 
6199 622 625 316 935 
6200 755 758 318 967 
6201 919 220 762 302 
6202 489 529 488 1351 
6203 525 100 16 662 
6204 654 231 232 1337 
6205 29 28 210 928 
6206 947 948 180 1353 
6207 316 625 940 935 
6208 967 755 267 266 
6209 3 48 923 940 
6210 191 304 912 907 
6211 759 943 317 944 
6212 267 318 758 967 
6213 784 951 956 283 
6214 262 756 263 1343 
6215 313 959 936 952 
6216 494 496 520 1354 
6217 913 11 127 526 
6218 528 136 3 940 
6219 131 1 916 527 
6220 924 54 55 475 
6221 16 942 662 241 
6222 941 135 134 476 
6223 925 51 52 509 
6224 523 135 136 935 
6225 1 47 916 921 
6226 933 134 133 522 
6227 916 190 303 912 
6228 11 10 526 260 
6229 937 659 240 239 
6230 35 226 326 650 
6231 527 50 1 921 
6232 218 909 219 757 
6233 963 231 34 650 
6234 945 948 947 1353 
6235 317 755 318 967 
6236 23 301 914 948 
6237 755 267 758 967 
6238 318 267 758 968 
6239 34 275 787 964 
6240 328 44 45 265 
6241 625 923 48 940 
6242 913 218 11 260 
6243 664 239 936 312 
6244 16 132 525 942 
6245 938 661 241 240 
6246 762 220 32 302 
6247 57 56 478 926 
6248 3 58 528 923 
6249 191 304 303 912 
6250 234 951 284 954 
6251 349 926 49 309 
6252 908 220 219 760 
6253 324 650 965 326 
6254 14 11 10 526 
6255 304 191 192 907 
6256 226 328 44 326 
6257 664 960 37 312 
6258 130 129 510 917 
6259 234 951 784 284 
6260 664 37 239 312 
6261 919 908 914 1353 
6262 935 316 622 315 
6263 284 36 234 954 
6264 283 784 951 284 
6265 949 762 32 302 
6266 53 54 927 501 
6267 930 315 623 314 
6268 11 14 127 526 
6269 943 317 43 759 
6270 34 33 963 650 
6271 922 55 56 518 
6272 606 198 26 927 
6273 620 26 310 924 
6274 192 305 304 907 
6275 907 192 305 911 
6276 931 28 959 313 
6277 307 923 48 625 
6278 952 936 313 312 
6279 302 945 919 301 
6280 201 925 27 200 
6281 258 762 949 753 
6282 46 783 956 283 
6283 321 956 46 781 
6284 265 328 44 226 
6285 916 190 599 303 
6286 954 36 234 664 
6287 753 943 43 759 
6288 968 328 45 265 
6289 324 33 965 650 
6290 911 192 305 193 
6291 306 911 305 193 
6292 940 48 625 316 
6293 275 321 787 964 
6294 265 45 968 758 
6295 781 46 321 275 
6296 943 258 949 753 
6297 956 783 46 781 
6298 45 267 968 758 
6299 781 321 787 275 
6300 193 23 306 905 
6301 317 755 266 759 
6302 193 306 911 905 
6303 324 33 650 963 
6304 32 258 762 949 
6305 967 317 755 266 
6306 943 43 258 753 
6307 954 960 36 664 
6308 266 43 317 759 
6309 650 35 33 965 
6310 37 36 960 664 
6311 1327 616 1321 214 
6312 1327 1321 616 1323 
6313 1328 205 1321 194 
6314 1328 1321 205 1322 
6315 1348 505 1320 506 
6316 1348 1320 505 1329 
6317 1340 1334 1349 500 
6318 1340 1349 1334 1319 
6319 498 1340 933 1324 
6320 498 933 1340 929 
6321 939 933 1340 1324 
6322 939 1340 933 929 
6323 229 228 1335 763 
6324 1335 228 229 1333 
6325 1335 1320 229 763 
6326 229 1320 1335 1333 
6327 202 509 512 201 
6328 512 509 202 1350 
6329 600 1350 502 605 
6330 502 1350 600 473 
6331 1340 934 938 929 
6332 1340 938 934 1330 
6333 653 1333 482 479 
6334 482 1333 653 649 
6335 482 98 653 479 
6336 653 98 482 649 
6337 509 1350 603 202 
6338 603 1350 509 503 
6339 1331 918 1348 915 
6340 1331 1348 918 1325 
6341 1334 232 782 1327 
6342 1334 782 232 785 
6343 1335 320 183 950 
6344 1335 183 320 1326 
6345 493 1354 478 612 
6346 478 1354 493 520 
6347 512 607 189 188 
6348 189 607 512 481 
6349 189 1352 512 188 
6350 512 1352 189 481 
6351 1355 328 227 226 
6352 1355 227 328 966 
6353 1346 606 600 602 
6354 1346 600 606 501 
6355 1354 621 624 348 
6356 523 1354 621 496 
6357 621 1354 523 622 
6358 208 1347 1342 212 
6359 208 1342 1347 1319 
6360 207 1342 1347 212 
6361 207 1347 1342 1319 
6362 912 190 1352 513 
6363 189 190 1352 593 
6364 189 1352 190 513 
6365 1354 521 621 496 
6366 1354 621 521 624 
6367 1330 210 211 209 
6368 1330 211 210 1324 
6369 1355 1321 652 1326 
6370 1355 652 1321 1337 
6371 1337 1342 782 1327 
6372 782 1342 1337 786 
6373 782 232 1337 1327 
6374 1337 232 782 786 
6375 475 1351 493 618 
6376 493 1351 475 529 
6377 944 1353 943 947 
6378 943 1353 944 761 
6379 1338 195 1346 601 
6380 1338 1346 195 1328 
6381 1335 755 1343 263 
6382 1335 1343 755 318 
6383 1348 915 909 1331 
6384 1348 909 915 906 
6385 310 475 350 618 
6386 1322 204 1329 185 
6387 1322 1329 204 1338 
6388 186 1329 204 185 
6389 186 204 1329 1338 
6390 763 1335 263 228 
6391 263 1335 763 1343 
6392 1343 1331 1348 262 
6393 1348 1331 1343 1320 
6394 1348 229 1343 262 
6395 1343 229 1348 1320 
6396 477 1352 514 510 
6397 514 1352 477 1325 
6398 227 968 265 328 
6399 227 265 968 264 
6400 1351 493 489 529 
6401 1351 489 493 1336 
6402 477 917 1352 510 
6403 477 1352 917 910 
6404 922 475 350 310 
6405 350 475 922 518 
6406 599 921 47 25 
6407 599 47 921 916 
6408 190 1352 191 912 
6409 190 191 1352 593 
3 4 4 2775
6410 1371 1426 1463 1500 
6411 1053 1463 1426 1500 
6412 1375 1479 579 1515 
6413 1045 1382 1390 1426 
6414 615 1417 1378 1433 
6415 1009 1384 989 1397 
6416 1408 1471 1379 1526 
6417 1045 1426 1390 1500 
6418 1379 1471 1408 1501 
6419 369 1019 1000 1411 
6420 543 1373 544 1449 
6421 352 1482 1376 1502 
6422 615 613 610 1378 
6423 1430 1461 1378 1476 
6424 973 1471 1408 1526 
6425 1385 1404 1169 1499 
6426 615 1378 610 1433 
6427 1408 1471 535 1501 
6428 1068 1066 1380 1448 
6429 543 1418 1373 1449 
6430 1068 1380 1066 1474 
6431 352 195 1482 1502 
6432 989 1397 1384 1526 
6433 1380 1392 1412 1474 
6434 1047 1053 1426 1500 
6435 1148 1405 1381 1427 
6436 1407 1465 1373 1519 
6437 1156 1461 1430 1476 
6438 1068 1081 1066 1448 
6439 1402 1426 1053 1463 
6440 1068 1380 1081 1448 
6441 1362 1373 1407 1434 
6442 1066 1402 1380 1448 
6443 1380 1402 1066 1474 
6444 1376 1482 1406 1502 
6445 1160 1372 1404 1520 
6446 1015 989 1009 1384 
6447 360 364 163 1451 
6448 1371 1426 1402 1463 
6449 1373 1362 1407 1449 
6450 1049 1045 1390 1500 
6451 324 1398 962 1414 
6452 1380 1392 1360 1412 
6453 1373 1396 1449 1519 
6454 1373 1449 1407 1519 
6455 1177 1430 1156 1461 
6456 1160 1404 1372 1461 
6457 195 1406 1482 1502 
6458 1432 1446 362 1472 
6459 1045 1390 1382 1468 
6460 610 1378 613 1438 
6461 1397 1473 1493 1506 
6462 973 535 1408 1471 
6463 1374 1506 1473 1531 
6464 1040 1454 1376 1475 
6465 324 962 325 1414 
6466 1397 1473 1425 1493 
6467 369 378 374 1431 
6468 165 1439 1452 1543 
6469 973 1017 1471 1526 
6470 1015 989 1384 1526 
6471 157 1398 1393 1399 
6472 1411 1439 163 1451 
6473 1148 1152 1381 1405 
6474 358 1432 362 1472 
6475 1072 1400 1436 1453 
6476 374 378 371 1431 
6477 369 374 1411 1431 
6478 579 1479 562 1515 
6479 591 1008 590 1392 
6480 1466 1523 1416 1542 
6481 1401 1470 1394 1477 
6482 1038 1406 602 1502 
6483 1061 1413 1378 1466 
6484 153 1447 1423 1451 
6485 1373 1396 544 1449 
6486 1375 1427 1149 1480 
6487 1040 1376 1454 1502 
6488 1099 1466 1430 1521 
6489 1393 1399 1383 1472 
6490 1160 1456 1372 1520 
6491 1374 1439 1473 1506 
6492 1148 1427 1381 1520 
6493 1386 1461 1378 1466 
6494 24 327 325 1414 
6495 363 1428 1432 1472 
6496 1387 1437 1436 1453 
6497 1372 1099 1466 1542 
6498 1099 1421 1523 1542 
6499 1425 1473 1365 1493 
6500 9 1398 157 1399 
6501 559 1375 579 1515 
6502 365 1488 1428 1490 
6503 1072 1436 1437 1453 
6504 1393 1398 1366 1399 
6505 949 978 835 1423 
6506 944 1394 1470 1477 
6507 1091 1381 1429 1486 
6508 1038 602 1406 1443 
6509 1384 1397 1009 1425 
6510 1065 1412 1463 1516 
6511 1384 1463 1412 1516 
6512 1061 1466 1378 1546 
6513 24 1389 1414 1489 
6514 1372 1466 1099 1521 
6515 1371 1357 1400 1493 
6516 24 1414 325 1489 
6517 1416 1466 1099 1523 
6518 1387 1436 1400 1453 
6519 1460 1462 1388 1484 
6520 1365 1493 1473 1506 
6521 1143 1177 1156 1461 
6522 1176 346 1167 1438 
6523 1473 1506 1397 1531 
6524 1360 1402 1384 1493 
6525 1160 1144 1404 1461 
6526 1099 1372 1421 1542 
6527 369 1411 1000 1431 
6528 1371 1400 1357 1481 
6529 347 610 613 1438 
6530 1380 1360 1402 1412 
6531 1145 1169 1404 1499 
6532 374 1411 1374 1439 
6533 352 1376 1482 1510 
6534 1384 1402 1360 1412 
6535 945 1002 949 1477 
6536 1413 1433 1417 1510 
6537 1425 1498 1001 1516 
6538 363 1432 1428 1488 
6539 1000 1411 1014 1529 
6540 1407 1420 1370 1465 
6541 363 1432 1488 1543 
6542 986 1001 1425 1498 
6543 1372 1430 1466 1521 
6544 1408 1431 999 1529 
6545 1402 1371 1493 1507 
6546 1156 1143 1461 1476 
6547 1123 1381 1091 1486 
6548 1077 1440 1384 1517 
6549 1074 1430 1099 1466 
6550 1099 1523 1466 1542 
6551 1374 1524 1506 1531 
6552 1369 1488 1432 1543 
6553 1390 1426 1382 1545 
6554 579 1375 559 1513 
6555 346 347 613 1438 
6556 164 1374 371 1452 
6557 610 1433 1378 1438 
6558 565 535 1471 1501 
6559 544 1396 1373 1450 
6560 1038 602 1037 1502 
6561 363 1432 358 1472 
6562 1123 1421 1381 1486 
6563 171 1375 1478 1480 
6564 365 1428 1393 1490 
6565 944 1470 181 1477 
6566 165 1439 164 1452 
6567 962 1414 1398 1489 
6568 159 362 1446 1472 
6569 165 164 371 1452 
6570 999 1431 1408 1536 
6571 1142 1386 1462 1499 
6572 1358 1381 1515 1520 
6573 1359 1386 1466 1503 
6574 1362 1434 1407 1508 
6575 1381 1427 1405 1515 
6576 1427 1515 1381 1520 
6577 1149 1427 1375 1513 
6578 958 1464 1460 1489 
6579 1432 375 1530 1543 
6580 1373 1407 1434 1465 
6581 1391 1455 1371 1508 
6582 1099 1421 1372 1521 
6583 1452 1530 375 1543 
6584 1044 1382 1045 1426 
6585 164 1439 1374 1452 
6586 1008 1392 591 1410 
6587 1358 1441 1420 1465 
6588 1061 1430 1466 1546 
6589 1147 1145 1169 1404 
6590 1358 1515 1427 1520 
6591 86 92 9 1399 
6592 1360 1392 1380 1470 
6593 1460 1464 1367 1489 
6594 1065 1412 1402 1463 
6595 1428 1432 1369 1488 
6596 1061 1378 1413 1433 
6597 542 544 1373 1450 
6598 1391 1409 1371 1455 
6599 1176 623 346 1438 
6600 24 325 323 1489 
6601 1373 1450 1396 1465 
6602 1370 1434 1407 1465 
6603 1392 1003 1412 1474 
6604 1368 1446 1432 1472 
6605 591 590 597 1392 
6606 170 171 1478 1480 
6607 171 1375 382 1478 
6608 1380 1412 1402 1474 
6609 592 1470 1395 1538 
6610 578 562 1396 1515 
6611 543 544 545 1449 
6612 1392 1410 1003 1474 
6613 1375 1467 1403 1515 
6614 1044 1382 1426 1454 
6615 1434 1508 1390 1533 
6616 949 1002 978 1423 
6617 562 1479 1396 1515 
6618 1358 1381 1465 1515 
6619 543 1373 1418 1511 
6620 1357 1371 1409 1493 
6621 374 371 164 1374 
6622 356 1393 1428 1472 
6623 1040 1445 1376 1502 
6624 1357 1409 1371 1481 
6625 1057 1096 1413 1475 
6626 1091 1381 1123 1534 
6627 1361 1388 1386 1499 
6628 962 325 1414 1489 
6629 1362 1390 1434 1508 
6630 153 360 1447 1451 
6631 1057 1096 1104 1445 
6632 346 1134 1167 1438 
6633 364 360 153 1451 
6634 186 1457 1380 1538 
6635 1371 1400 1463 1493 
6636 1057 1413 1096 1445 
6637 1377 1439 357 1488 
6638 1373 1362 1418 1434 
6639 1461 1466 1386 1503 
6640 1407 1508 1434 1533 
6641 592 1457 186 1538 
6642 1148 1168 1152 1405 
6643 613 1438 1378 1476 
6644 1414 1419 328 1487 
6645 1091 1429 1381 1534 
6646 544 1373 543 1511 
6647 1148 1381 1151 1520 
6648 356 1393 365 1428 
6649 575 375 1452 1530 
6650 944 1394 181 1470 
6651 1096 1445 1413 1475 
6652 1142 1461 1386 1499 
6653 353 1482 1389 1510 
6654 833 328 1419 1487 
6655 171 1467 1375 1480 
6656 86 392 87 1442 
6657 1357 1531 1387 1532 
6658 352 1482 353 1510 
6659 1387 1531 1501 1532 
6660 1375 559 1513 1515 
6661 1370 1420 1441 1465 
6662 1374 1411 374 1431 
6663 544 542 1373 1511 
6664 357 1439 1377 1447 
6665 1402 1371 1463 1493 
6666 1160 1404 1146 1520 
6667 346 1438 613 1476 
6668 1374 1439 1411 1473 
6669 1409 1493 1371 1507 
6670 360 163 1439 1451 
6671 1412 1498 1425 1516 
6672 1450 1465 1381 1515 
6673 171 382 170 1478 
6674 208 211 212 1417 
6675 545 1418 543 1449 
6676 1040 1454 1406 1502 
6677 1072 1071 1400 1453 
6678 1369 1391 1377 1524 
6679 382 1375 171 1467 
6680 1403 1467 1358 1515 
6681 1169 1154 1147 1427 
6682 1123 1063 1421 1486 
6683 996 1003 1410 1474 
6684 1169 1385 1154 1427 
6685 1082 1081 1068 1380 
6686 161 1399 1393 1472 
6687 1376 1445 352 1502 
6688 1394 1419 946 1483 
6689 1381 1421 1123 1534 
6690 1400 1453 1071 1517 
6691 972 1412 1003 1474 
6692 1044 1045 1043 1426 
6693 1143 1166 1140 1476 
6694 591 1392 597 1538 
6695 1404 1427 1358 1514 
6696 1160 1372 1150 1461 
6697 1413 1445 1433 1510 
6698 214 1422 1389 1489 
6699 1041 1039 1040 1454 
6700 1368 1369 1415 1522 
6701 953 1462 1460 1484 
6702 1047 1050 1053 1500 
6703 1455 1469 1389 1492 
6704 1082 1081 1380 1443 
6705 352 1445 1376 1510 
6706 1372 1430 1150 1461 
6707 1389 1455 1363 1469 
6708 1423 1447 1365 1451 
6709 358 363 362 1432 
6710 1402 1463 1384 1493 
6711 575 1432 375 1530 
6712 1045 1098 1049 1390 
6713 1389 1422 1376 1435 
6714 182 1395 1394 1483 
6715 1439 1506 1374 1524 
6716 1388 1442 87 1459 
6717 24 1414 1389 1469 
6718 1378 1476 1438 1546 
6719 1045 1098 1390 1468 
6720 1038 1037 1406 1502 
6721 903 964 963 1398 
6722 164 374 1374 1439 
6723 1378 1433 1061 1546 
6724 1393 1399 1366 1547 
6725 1044 1426 1043 1454 
6726 214 1389 24 1489 
6727 1385 1467 1358 1514 
6728 1361 1499 1386 1503 
6729 353 1389 214 1422 
6730 590 1008 975 1392 
6731 1376 1435 1422 1537 
6732 258 949 835 1423 
6733 1368 1428 1369 1522 
6734 996 972 1003 1474 
6735 1360 1380 1395 1470 
6736 1151 1148 1152 1381 
6737 559 579 562 1515 
6738 1425 1493 1365 1541 
6739 1366 1414 1389 1489 
6740 1053 1050 1463 1500 
6741 1092 1084 1085 1433 
6742 1039 1406 1040 1454 
6743 1099 1416 1054 1466 
6744 374 371 1374 1431 
6745 616 353 214 1422 
6746 211 615 1417 1476 
6747 1150 1430 1372 1521 
6748 614 1417 1433 1510 
6749 166 375 1432 1543 
6750 562 1446 1396 1479 
6751 1074 1061 1430 1466 
6752 1394 1483 1395 1540 
6753 1082 1380 1068 1458 
6754 1366 1398 1393 1414 
6755 1142 1386 1140 1462 
6756 1365 1447 360 1451 
6757 1097 1053 1402 1426 
6758 1362 1373 1418 1449 
6759 1387 1362 1415 1495 
6760 582 1408 535 1501 
6761 1378 1461 1430 1466 
6762 1002 1423 949 1477 
6763 1039 1042 1101 1406 
6764 1000 1431 1411 1529 
6765 366 365 1393 1490 
6766 1387 1415 1362 1485 
6767 1067 1066 1402 1474 
6768 1101 1406 1042 1448 
6769 1152 1381 1405 1544 
6770 1048 1413 1416 1475 
6771 208 1386 211 1417 
6772 1412 1425 1384 1516 
6773 614 1417 615 1433 
6774 1395 1470 1380 1538 
6775 1375 1478 579 1479 
6776 1373 542 1450 1511 
6777 1396 1450 578 1515 
6778 1134 1167 1438 1476 
6779 359 1488 365 1490 
6780 1380 1443 1081 1448 
6781 360 1439 1365 1451 
6782 1168 1405 1148 1427 
6783 1365 1473 1439 1506 
6784 1402 1412 1384 1463 
6785 1385 1427 1404 1514 
6786 1176 346 1134 1167 
6787 346 1134 1438 1476 
6788 1067 1402 1412 1474 
6789 1361 1385 1442 1499 
6790 1389 1482 1376 1510 
6791 579 1478 1375 1513 
6792 1048 1413 1054 1416 
6793 1389 1422 353 1510 
6794 1493 1506 1365 1541 
6795 1443 1458 186 1538 
6796 1407 1434 1370 1533 
6797 616 353 1422 1510 
6798 999 568 1431 1536 
6799 328 1419 1414 1483 
6800 979 980 1451 1518 
6801 1386 1388 1361 1460 
6802 319 946 1419 1483 
6803 1387 1501 1379 1532 
6804 1037 1038 1021 602 
6805 1154 1427 1385 1480 
6806 1406 1454 1376 1502 
6807 1390 1500 1426 1545 
6808 1380 1443 186 1538 
6809 1000 1019 1014 1411 
6810 1358 1467 1403 1514 
6811 1368 1432 1428 1472 
6812 1386 1461 1140 1476 
6813 1015 1384 1440 1526 
6814 1093 1038 1102 1443 
6815 1368 1415 1369 1432 
6816 544 1396 547 1449 
6817 1391 1491 1455 1508 
6818 1077 1065 1463 1516 
6819 619 195 352 1502 
6820 1112 1437 1436 1539 
6821 1413 1417 1378 1466 
6822 1429 557 1450 1544 
6823 1381 1429 1450 1544 
6824 946 182 1394 1483 
6825 972 996 1107 1474 
6826 591 1410 1392 1538 
6827 366 365 356 1393 
6828 1160 1144 1146 1404 
6829 1384 1412 1360 1425 
6830 1061 1117 1430 1546 
6831 1391 1506 1377 1524 
6832 24 329 327 1414 
6833 357 1377 359 1490 
6834 1072 1121 1071 1453 
6835 1387 1485 569 1525 
6836 991 999 1431 1529 
6837 1419 1487 1414 1490 
6838 1385 1169 1459 1499 
6839 356 161 1393 1472 
6840 1359 1417 1413 1466 
6841 1150 1372 1160 1521 
6842 1009 1015 1384 1516 
6843 569 1387 1437 1485 
6844 1431 1529 1408 1536 
6845 1140 1386 1142 1461 
6846 208 1417 212 1460 
6847 357 1447 1377 1490 
6848 1057 1054 1048 1413 
6849 1393 1414 1398 1487 
6850 1409 1455 1391 1491 
6851 1396 547 1449 1496 
6852 623 347 346 1438 
6853 159 358 362 1472 
6854 1393 1492 1356 1547 
6855 1396 1446 587 1496 
6856 943 945 949 1477 
6857 328 1414 966 1483 
6858 602 1021 1037 197 
6859 1366 1492 1393 1547 
6860 1001 1009 986 1425 
6861 1082 1443 1380 1458 
6862 996 1027 1107 1474 
6863 999 1408 568 1536 
6864 1378 1461 1386 1476 
6865 1003 1392 1412 1498 
6866 1124 1418 567 1437 
6867 1387 1362 1436 1437 
6868 1366 1399 1398 1464 
6869 1377 1391 1369 1428 
6870 540 1035 1453 1471 
6871 1025 1092 1073 1445 
6872 1378 1417 1413 1433 
6873 1428 1488 1377 1490 
6874 1361 1442 1388 1499 
6875 539 999 568 1431 
6876 1360 1395 1380 1507 
6877 1396 1446 1403 1479 
6878 389 1130 1385 1480 
6879 1093 605 1038 1443 
6880 1369 1428 1368 1432 
6881 1412 1001 1498 1516 
6882 1358 1441 1404 1514 
6883 211 1417 1386 1476 
6884 150 833 1419 1487 
6885 1371 1409 1391 1481 
6886 1054 1413 1061 1466 
6887 1385 1361 1404 1499 
6888 1044 1046 1045 1382 
6889 1057 1413 1048 1475 
6890 1415 1485 1387 1525 
6891 544 543 542 1511 
6892 385 1383 1472 1494 
6893 998 979 1477 1518 
6894 1130 1154 1169 1385 
6895 1092 612 1084 1433 
6896 86 1464 1442 1484 
6897 1389 1363 1455 1512 
6898 1042 1448 1406 1454 
6899 354 147 974 1451 
6900 1077 1463 1384 1516 
6901 1397 1493 1357 1506 
6902 1365 1439 1411 1451 
6903 1376 1422 1389 1510 
6904 1360 1380 1402 1507 
6905 602 197 1037 1502 
6906 964 961 963 1398 
6907 1389 1414 1366 1492 
6908 1039 1042 1406 1454 
6909 1455 1469 1364 1507 
6910 148 1423 153 1447 
6911 1360 1384 1425 1493 
6912 389 1385 1130 1459 
6913 1099 1127 1069 1521 
6914 167 166 375 1432 
6915 360 1365 1439 1447 
6916 1442 1459 1388 1499 
6917 1371 1481 1391 1508 
6918 1460 1464 958 1484 
6919 578 559 562 1515 
6920 1363 1469 1455 1507 
6921 1422 1366 1489 1504 
6922 1061 1117 1074 1430 
6923 1399 1442 86 1464 
6924 87 1442 1388 1484 
6925 1385 1427 1375 1480 
6926 614 615 610 1433 
6927 1096 1040 1104 1445 
6928 569 1387 570 1437 
6929 1143 1140 1461 1476 
6930 1097 1426 1402 1448 
6931 972 1107 1412 1474 
6932 1385 1459 1442 1499 
6933 1101 1443 1406 1448 
6934 363 1428 365 1488 
6935 1046 1416 1468 1475 
6936 1116 593 1079 1410 
6937 551 1387 569 1525 
6938 573 535 1005 1471 
6939 1397 1506 1357 1531 
6940 1130 1385 1169 1459 
6941 1016 1392 990 1505 
6942 1039 1101 1038 1406 
6943 1415 1387 1495 1525 
6944 1387 1400 1357 1532 
6945 186 1443 1380 1457 
6946 1358 1427 1404 1520 
6947 1455 1492 1389 1512 
6948 1389 1435 1376 1512 
6949 1358 1465 1381 1520 
6950 1130 1154 1385 1480 
6951 208 1386 1417 1460 
6952 957 1460 1422 1489 
6953 1395 1364 1469 1507 
6954 944 1423 1394 1477 
6955 946 1419 1394 1497 
6956 1004 970 162 1451 
6957 1380 1068 1458 1474 
6958 1376 1422 1510 1537 
6959 1364 1491 1414 1492 
6960 1156 1166 1143 1476 
6961 211 613 615 1476 
6962 545 1418 1449 1485 
6963 1362 1387 1436 1481 
6964 1006 1412 1001 1498 
6965 1091 1444 1429 1534 
6966 1379 1400 1387 1532 
6967 570 1437 1387 1453 
6968 1378 1466 1430 1546 
6969 1405 1450 1381 1515 
6970 1110 1471 1440 1517 
6971 1009 1001 1015 1516 
6972 1038 605 602 1443 
6973 1005 535 973 1471 
6974 957 958 1460 1489 
6975 1099 1069 1421 1521 
6976 1357 1391 1409 1481 
6977 984 1009 1397 1425 
6978 159 1446 1403 1472 
6979 1385 1358 1427 1514 
6980 565 582 535 1501 
6981 1411 1439 1365 1473 
6982 972 1023 997 1412 
6983 1394 1395 182 1470 
6984 1054 1416 1413 1466 
6985 562 587 1396 1446 
6986 1357 1495 1387 1531 
6987 1376 1512 1435 1537 
6988 593 188 1079 1410 
6989 1429 1450 542 1511 
6990 1371 1508 1455 1545 
6991 356 1428 365 1472 
6992 1074 1054 1061 1466 
6993 1017 1440 1471 1526 
6994 24 323 206 1489 
6995 1149 1405 1427 1513 
6996 1385 1467 389 1480 
6997 1360 1402 1493 1507 
6998 1436 1437 1362 1539 
6999 1065 1067 1402 1412 
7000 1046 1468 1382 1475 
7001 1386 1499 1461 1503 
7002 614 1433 1445 1510 
7003 833 328 45 1419 
7004 1388 1460 1386 1462 
7005 1364 1469 1455 1492 
7006 385 1472 160 1494 
7007 376 168 167 1432 
7008 1380 1458 1443 1538 
7009 1093 1102 605 1443 
7010 1074 1099 1054 1466 
7011 1467 1494 1403 1514 
7012 45 968 834 1419 
7013 1044 1046 1382 1475 
7014 1358 1404 1441 1520 
7015 1422 1489 1460 1504 
7016 1379 1471 1453 1517 
7017 1460 1503 1359 1504 
7018 951 1484 90 1527 
7019 1077 1384 1440 1516 
7020 1044 1382 1454 1475 
7021 1381 1456 1151 1520 
7022 1072 1437 1121 1453 
7023 1141 1161 1174 1388 
7024 1501 1531 1379 1532 
7025 1011 1526 1408 1529 
7026 612 1433 1092 1445 
7027 1381 1444 1429 1544 
7028 1413 1417 1359 1510 
7029 559 578 1450 1515 
7030 1168 1149 1405 1427 
7031 1059 1434 1052 1523 
7032 382 1478 1375 1479 
7033 1356 1455 1491 1508 
7034 1025 350 1092 1445 
7035 1373 1429 1450 1465 
7036 382 1375 1467 1479 
7037 1039 1038 1037 1406 
7038 9 300 296 1398 
7039 1154 1149 1427 1480 
7040 1011 988 1526 1529 
7041 1045 1382 1046 1468 
7042 362 1432 168 1446 
7043 1387 1357 1400 1481 
7044 944 181 947 1477 
7045 157 1393 161 1399 
7046 539 1431 568 1536 
7047 1011 1408 999 1529 
7048 1367 1464 1460 1484 
7049 377 371 1431 1452 
7050 1374 1431 371 1452 
7051 964 961 1398 1464 
7052 1442 1464 1367 1484 
7053 390 87 1442 1459 
7054 1414 1491 1393 1492 
7055 1387 1400 1379 1453 
7056 90 1484 1388 1527 
7057 1038 1406 1101 1443 
7058 1017 1440 977 1471 
7059 1077 1440 1125 1516 
7060 209 211 1386 1476 
7061 1401 1518 1394 1541 
7062 996 1410 1027 1474 
7063 1396 1479 1403 1515 
7064 150 1487 1419 1490 
7065 1151 1381 1152 1534 
7066 1017 993 1440 1526 
7067 209 211 208 1386 
7068 319 328 966 1483 
7069 155 1447 357 1490 
7070 1097 1047 1053 1426 
7071 148 1423 1447 1497 
7072 1363 1380 1457 1507 
7073 1356 1509 1393 1547 
7074 986 1006 1001 1498 
7075 181 1394 946 1470 
7076 1126 1453 1471 1517 
7077 545 1449 1415 1485 
7078 1017 993 977 1440 
7079 186 589 592 1538 
7080 1382 1468 1416 1475 
7081 1363 1380 1448 1457 
7082 1380 1363 1448 1507 
7083 1473 1529 1374 1531 
7084 537 1028 1090 1429 
7085 1411 1431 1374 1529 
7086 325 326 324 1414 
7087 1359 1417 1386 1460 
7088 946 1394 182 1470 
7089 1413 1510 1359 1537 
7090 1160 1146 1456 1520 
7091 1359 1504 1420 1528 
7092 601 1406 602 1443 
7093 187 186 1458 1538 
7094 1367 1442 1399 1464 
7095 1063 1123 1091 1486 
7096 1359 1460 1386 1503 
7097 45 328 968 1419 
7098 1005 973 1017 1471 
7099 1160 1150 1144 1461 
7100 1401 1423 1394 1518 
7101 1463 1493 1400 1532 
7102 1392 1470 597 1538 
7103 981 979 998 1518 
7104 388 1446 533 1479 
7105 972 1107 1023 1412 
7106 1359 1503 1420 1504 
7107 1369 1377 1488 1524 
7108 1434 1468 1052 1523 
7109 1418 1362 1437 1539 
7110 1361 1385 1404 1514 
7111 1029 1114 603 1102 
7112 974 978 979 1423 
7113 1387 1495 1424 1531 
7114 359 1377 1488 1490 
7115 1059 1486 1434 1523 
7116 1105 977 1440 1471 
7117 545 544 547 1449 
7118 1380 1470 1392 1538 
7119 350 612 1092 1445 
7120 1126 1453 1035 1471 
7121 1110 1105 1440 1471 
7122 980 982 1451 1518 
7123 964 1398 903 1464 
7124 1434 1486 1370 1523 
7125 570 569 551 1387 
7126 834 150 45 1419 
7127 392 86 1399 1442 
7128 1418 1437 1076 1539 
7129 1401 1498 1392 1505 
7130 385 1399 1383 1494 
7131 540 1035 564 1453 
7132 1429 1444 557 1544 
7133 361 357 1439 1488 
7134 209 1386 208 1462 
7135 369 373 1019 1411 
7136 1377 1428 1369 1488 
7137 1387 1357 1481 1495 
7138 1381 1450 1429 1465 
7139 1362 1387 1481 1495 
7140 1392 1498 990 1505 
7141 979 1451 1423 1518 
7142 1359 1420 1503 1528 
7143 1364 1419 1414 1490 
7144 1387 1362 1437 1485 
7145 318 1419 946 1497 
7146 1356 1382 1435 1512 
7147 547 1396 587 1496 
7148 1025 1073 350 1445 
7149 318 319 946 1419 
7150 9 157 161 1399 
7151 1386 1388 1462 1499 
7152 574 168 1432 1446 
7153 997 1412 1023 1516 
7154 1152 1534 1381 1544 
7155 1400 1493 1357 1532 
7156 1001 1412 1006 1516 
7157 202 1102 1114 1458 
7158 1112 1076 1437 1539 
7159 541 1028 537 1429 
7160 545 1449 547 1496 
7161 1394 1423 1401 1477 
7162 1067 1066 1065 1402 
7163 611 213 1417 1510 
7164 1090 537 1429 1444 
7165 1373 1450 1429 1511 
7166 1124 1076 1418 1437 
7167 87 88 90 1388 
7168 366 359 365 1490 
7169 1439 1524 1452 1543 
7170 202 1443 1102 1458 
7171 970 1411 162 1451 
7172 1072 1400 1058 1436 
7173 1168 1405 1149 1513 
7174 980 982 1007 1451 
7175 202 603 1114 1102 
7176 1051 1054 1099 1416 
7177 579 588 1478 1513 
7178 1415 1449 545 1496 
7179 1375 1427 1405 1513 
7180 1356 1382 1512 1545 
7181 984 1425 1397 1473 
7182 1421 1456 1123 1534 
7183 1071 1058 1072 1400 
7184 1087 1061 1433 1546 
7185 1363 1395 1469 1507 
7186 1360 1425 1412 1498 
7187 619 352 1445 1502 
7188 1051 1416 1099 1523 
7189 1070 1463 1058 1517 
7190 209 1386 1462 1476 
7191 1367 1399 1366 1464 
7192 534 377 1431 1452 
7193 1398 1414 324 1487 
7194 1356 1435 1420 1547 
7195 1381 1450 1405 1544 
7196 1141 1388 1174 1499 
7197 534 377 572 1431 
7198 1392 1360 1412 1498 
7199 150 833 45 1419 
7200 1424 1501 1387 1531 
7201 1364 1507 1395 1540 
7202 1470 1477 1401 1505 
7203 1079 1410 188 1458 
7204 979 981 980 1518 
7205 187 186 1443 1458 
7206 1112 1072 1436 1437 
7207 1056 1070 1077 1463 
7208 87 88 1388 1459 
7209 1375 1467 1385 1480 
7210 1104 1062 1057 1445 
7211 1177 1150 1430 1461 
7212 1031 1105 977 1440 
7213 354 152 147 1451 
7214 1086 1433 348 1438 
7215 955 953 951 1484 
7216 973 992 1017 1526 
7217 983 1425 984 1473 
7218 390 1385 389 1459 
7219 540 1453 565 1471 
7220 999 539 976 1431 
7221 1391 1357 1506 1524 
7222 961 322 1398 1464 
7223 1040 1406 1039 1502 
7224 1389 1469 1414 1492 
7225 1421 1370 1486 1523 
7226 267 834 968 1497 
7227 1064 1434 1418 1539 
7228 1121 1437 1026 1453 
7229 329 966 328 1414 
7230 177 1385 1442 1494 
7231 1132 1405 536 1544 
7232 1391 1409 1377 1506 
7233 1085 348 1086 1433 
7234 992 1011 988 1526 
7235 1389 1422 1366 1489 
7236 377 371 368 1431 
7237 1062 1413 1057 1445 
7238 1356 1435 1382 1533 
7239 1362 1434 1390 1539 
7240 390 1442 1385 1459 
7241 1394 1518 1365 1541 
7242 1392 1470 1401 1505 
7243 590 1392 975 1505 
7244 978 1002 979 1423 
7245 1140 1462 1386 1476 
7246 1418 1434 1362 1539 
7247 1413 1445 1376 1475 
7248 377 368 572 1431 
7249 1402 1426 1371 1507 
7250 1386 1460 208 1462 
7251 1003 1412 1006 1498 
7252 1003 990 1016 1392 
7253 1359 1510 1422 1537 
7254 575 530 375 1432 
7255 1089 564 1035 1453 
7256 1174 1388 1161 1499 
7257 1365 1394 1423 1518 
7258 209 1462 1139 1476 
7259 187 186 203 1443 
7260 1050 1058 1463 1500 
7261 1058 1436 1400 1500 
7262 544 578 1396 1450 
7263 1423 1477 979 1518 
7264 1061 1413 1062 1433 
7265 1103 1436 1058 1500 
7266 594 1470 592 1538 
7267 1009 989 984 1397 
7268 602 1406 196 1502 
7269 1405 1513 559 1515 
7270 1065 1023 1412 1516 
7271 1003 990 1392 1498 
7272 834 1419 968 1497 
7273 532 1437 570 1453 
7274 1400 1436 1387 1481 
7275 1161 1388 1141 1527 
7276 1110 1126 1471 1517 
7277 1429 1444 1381 1534 
7278 973 535 999 1408 
7279 1403 1446 1368 1472 
7280 1142 1462 1141 1499 
7281 982 1473 1451 1518 
7282 1357 1409 1391 1506 
7283 1386 1417 1378 1476 
7284 1073 618 1445 1502 
7285 1356 1492 1455 1512 
7286 1394 1364 1483 1540 
7287 190 593 1116 995 
7288 1046 1048 1416 1475 
7289 189 1079 1116 593 
7290 258 943 949 1423 
7291 983 985 1425 1518 
7292 1007 1451 982 1473 
7293 1387 551 1501 1525 
7294 1400 1463 1058 1500 
7295 581 1132 536 1544 
7296 1390 1468 1098 1539 
7297 621 1086 348 1438 
7298 1376 1454 1482 1512 
7299 213 1422 1417 1510 
7300 1060 1098 1468 1539 
7301 538 579 1478 1479 
7302 979 974 1423 1451 
7303 352 195 353 1482 
7304 1384 1493 1463 1532 
7305 181 944 946 1394 
7306 177 1385 390 1442 
7307 1356 1533 1382 1545 
7308 999 535 568 1408 
7309 1361 1404 1499 1503 
7310 1097 1402 1066 1448 
7311 1394 1447 1423 1497 
7312 985 986 983 1498 
7313 1376 1454 1406 1482 
7314 1055 1099 1421 1523 
7315 1366 1414 1393 1492 
7316 1363 1512 1426 1545 
7317 213 212 611 1417 
7318 1391 1495 1357 1524 
7319 1390 1468 1434 1533 
7320 835 978 147 1423 
7321 985 983 1425 1498 
7322 359 367 365 1488 
7323 603 202 605 1102 
7324 1359 1422 1417 1460 
7325 1392 1401 1470 1498 
7326 979 980 974 1451 
7327 575 530 1432 1530 
7328 1368 1403 1396 1446 
7329 1393 1428 1377 1490 
7330 1058 1463 1400 1517 
7331 1015 1440 1384 1516 
7332 1064 1418 1434 1511 
7333 1364 1419 1394 1483 
7334 1369 1495 1391 1524 
7335 350 1084 1092 612 
7336 158 362 168 1446 
7337 1392 1470 1360 1498 
7338 1374 1452 1439 1524 
7339 176 389 1467 1480 
7340 570 1387 551 1501 
7341 1426 1455 1371 1507 
7342 207 1417 213 1422 
7343 1151 1456 1381 1534 
7344 326 324 1414 1487 
7345 534 1452 1431 1536 
7346 1366 1367 1464 1489 
7347 1461 1499 1404 1503 
7348 588 579 559 1513 
7349 1070 1056 1058 1463 
7350 1393 1414 1487 1490 
7351 1073 618 350 1445 
7352 1434 1468 1370 1533 
7353 1441 1503 1420 1528 
7354 177 1467 1385 1494 
7355 1126 1089 1035 1453 
7356 1415 1495 1362 1522 
7357 972 1006 1003 1412 
7358 389 1385 177 1467 
7359 1361 1404 1441 1514 
7360 328 319 968 1419 
7361 348 1085 1086 1034 
7362 1395 1457 1380 1507 
7363 383 1472 1403 1494 
7364 557 558 1450 1544 
7365 1137 1459 1161 1527 
7366 1039 1041 1042 1454 
7367 90 87 1388 1484 
7368 1403 1472 1383 1494 
7369 1373 1429 1465 1486 
7370 1121 1072 1026 1437 
7371 577 1424 552 1530 
7372 1026 1437 532 1453 
7373 1079 189 188 593 
7374 1144 1404 1461 1499 
7375 1140 1139 1462 1476 
7376 1440 1471 1379 1517 
7377 943 949 1423 1477 
7378 183 1469 950 1483 
7379 1043 1448 1042 1454 
7380 569 570 532 1437 
7381 559 1450 1405 1515 
7382 1394 1423 944 1497 
7383 565 535 573 1471 
7384 1439 1488 1377 1524 
7385 1402 1448 1426 1507 
7386 577 1452 1424 1530 
7387 1159 536 1132 1405 
7388 1391 1369 1428 1522 
7389 545 1415 548 1485 
7390 1003 1392 1008 1410 
7391 1173 1480 1478 1513 
7392 1358 1396 1403 1515 
7393 985 1498 1425 1518 
7394 1141 1462 1388 1499 
7395 1365 1423 1394 1447 
7396 1422 1460 1359 1504 
7397 534 1431 580 1536 
7398 1379 1453 1400 1517 
7399 1361 1503 1460 1504 
7400 1377 1409 1391 1491 
7401 1356 1512 1455 1545 
7402 991 1011 999 1529 
7403 605 1102 202 1443 
7404 1362 1481 1391 1495 
7405 1369 1524 1488 1543 
7406 1046 1416 1051 1468 
7407 356 161 366 1393 
7408 951 1388 1484 1527 
7409 1075 1418 1076 1539 
7410 212 213 207 1417 
7411 1356 1435 1492 1512 
7412 1125 1440 1113 1516 
7413 1363 1448 1406 1457 
7414 977 1013 1031 1440 
7415 536 1405 1159 1513 
7416 1419 1447 155 1490 
7417 1426 1448 1043 1454 
7418 162 970 373 1411 
7419 1426 1448 1363 1507 
7420 1064 1418 1075 1539 
7421 1358 1403 1396 1519 
7422 1060 1052 1059 1434 
7423 548 1415 545 1496 
7424 1060 1468 1434 1539 
7425 385 161 160 1472 
7426 1388 1442 1361 1484 
7427 1123 1421 1069 1456 
7428 1406 1448 1443 1457 
7429 1372 1456 1160 1521 
7430 974 147 978 1423 
7431 1360 1493 1409 1507 
7432 388 381 1446 1479 
7433 951 1462 1388 1527 
7434 205 185 1469 1482 
7435 1146 1404 1147 1427 
7436 1149 1154 1173 1480 
7437 1363 1482 1454 1512 
7438 1363 1455 1512 1545 
7439 562 587 547 1396 
7440 1383 1399 1393 1547 
7441 1425 1518 1401 1541 
7442 974 978 147 354 
7443 1391 1362 1495 1522 
7444 1053 1066 1097 1402 
7445 1425 1473 983 1518 
7446 1168 1152 1405 1544 
7447 1488 1524 1439 1543 
7448 24 1389 194 1469 
7449 1368 1396 1403 1519 
7450 1358 1420 1514 1519 
7451 166 1432 363 1543 
7452 1369 1391 1495 1522 
7453 1359 1417 1422 1510 
7454 1403 1514 1494 1519 
7455 1062 1433 1413 1445 
7456 1361 1386 1460 1503 
7457 1399 1442 1367 1547 
7458 1383 1494 1514 1519 
7459 214 206 1422 1489 
7460 159 1403 383 1472 
7461 1358 1514 1403 1519 
7462 1397 1529 1473 1531 
7463 372 378 369 1431 
7464 1151 1456 1146 1520 
7465 24 194 205 1469 
7466 369 374 373 1411 
7467 567 1418 566 1437 
7468 188 189 1079 607 
7469 1148 1151 1146 1520 
7470 1414 1469 1364 1492 
7471 958 322 1464 1489 
7472 1381 1465 1429 1486 
7473 534 572 580 1431 
7474 595 1457 1395 1469 
7475 966 1414 329 1483 
7476 325 327 326 1414 
7477 182 950 1469 1483 
7478 1144 1461 1142 1499 
7479 1052 1434 1060 1468 
7480 946 950 182 1483 
7481 258 835 147 1423 
7482 1399 1514 1442 1547 
7483 1363 1426 1455 1545 
7484 1420 1503 1361 1504 
7485 1478 1480 1375 1513 
7486 177 389 390 1385 
7487 204 604 601 1482 
7488 1404 1427 1146 1520 
7489 194 1469 1389 1482 
7490 1383 1472 1403 1519 
7491 1395 1483 1364 1540 
7492 1361 1442 1385 1514 
7493 1367 1361 1442 1484 
7494 545 566 1418 1485 
7495 984 983 1009 1425 
7496 166 167 363 1432 
7497 1420 1441 1358 1514 
7498 1366 1464 1398 1489 
7499 1363 1455 1426 1507 
7500 1388 1459 1161 1499 
7501 1406 1454 1363 1482 
7502 160 1472 383 1494 
7503 545 566 543 1418 
7504 1380 1448 1402 1507 
7505 1457 1469 185 1482 
7506 353 24 214 1389 
7507 184 205 185 1469 
7508 615 212 211 1417 
7509 1420 1509 1356 1547 
7510 1101 1081 1443 1448 
7511 976 991 999 1431 
7512 1071 1058 1400 1517 
7513 557 542 1429 1450 
7514 319 950 946 1483 
7515 951 955 1462 1527 
7516 1051 1468 1416 1523 
7517 1434 1465 1370 1486 
7518 984 1397 988 1473 
7519 1398 1399 9 1464 
7520 1090 1429 1091 1444 
7521 1414 1419 1364 1483 
7522 1369 1495 1415 1522 
7523 1374 1473 1411 1529 
7524 360 1439 357 1447 
7525 1046 1048 1051 1416 
7526 1368 1449 1396 1519 
7527 606 1038 1021 1093 
7528 602 1038 606 1093 
7529 362 167 168 1432 
7530 1148 1146 1427 1520 
7531 1421 1370 1465 1486 
7532 1144 1145 1404 1499 
7533 983 1473 982 1518 
7534 389 1170 1130 1480 
7535 205 1469 194 1482 
7536 1103 1072 1058 1436 
7537 972 997 1006 1412 
7538 166 370 375 1543 
7539 1082 1101 1081 1443 
7540 979 1423 1002 1477 
7541 347 348 610 1438 
7542 1405 1450 558 1544 
7543 1028 1429 541 1511 
7544 182 595 1395 1469 
7545 998 1477 1401 1518 
7546 1037 1039 1406 1502 
7547 986 1425 983 1498 
7548 994 985 1401 1498 
7549 1360 1470 1401 1498 
7550 597 1392 598 1470 
7551 553 1424 554 1501 
7552 372 369 1000 1431 
7553 1406 1443 601 1457 
7554 147 1423 974 1451 
7555 576 1432 1415 1496 
7556 970 1019 373 1411 
7557 1372 1430 1461 1466 
7558 1061 1054 1057 1413 
7559 154 148 153 1447 
7560 1406 1457 601 1482 
7561 185 1457 595 1469 
7562 352 617 1445 1510 
7563 1455 1507 1364 1540 
7564 1067 1068 1066 1474 
7565 1112 1076 1072 1437 
7566 961 321 322 1464 
7567 533 1446 562 1479 
7568 1003 1006 990 1498 
7569 983 984 982 1473 
7570 1094 1049 1098 1390 
7571 386 1467 172 1494 
7572 1167 1134 1156 1476 
7573 367 357 361 1488 
7574 1381 1534 1444 1544 
7575 1373 1434 1418 1511 
7576 1360 1394 1401 1470 
7577 1367 1366 1399 1547 
7578 1375 1405 1427 1515 
7579 998 1401 985 1518 
7580 1361 1367 1442 1547 
7581 1141 1388 1462 1527 
7582 1031 1110 1105 1440 
7583 1379 1471 1440 1526 
7584 1059 1421 1486 1523 
7585 1027 1118 1107 1474 
7586 1000 1014 991 1529 
7587 553 1501 551 1525 
7588 1065 1023 1067 1412 
7589 349 348 1085 1433 
7590 988 1397 1526 1529 
7591 185 595 184 1469 
7592 180 1477 1470 1505 
7593 985 1401 1498 1518 
7594 1107 1067 1412 1474 
7595 382 1467 386 1479 
7596 998 985 981 1518 
7597 1360 1425 1401 1541 
7598 1403 1472 1368 1519 
7599 376 530 168 1432 
7600 1364 1469 1414 1483 
7601 567 563 566 1418 
7602 595 592 1395 1457 
7603 1434 1468 1390 1539 
7604 1091 1090 1028 1429 
7605 1376 1510 1413 1537 
7606 1053 1065 1402 1463 
7607 1420 1441 1361 1503 
7608 1159 1132 1168 1405 
7609 540 564 565 1453 
7610 1356 1455 1508 1545 
7611 538 579 588 1478 
7612 1363 1406 1448 1454 
7613 196 602 601 1406 
7614 182 1469 1395 1483 
7615 957 207 1422 1460 
7616 1391 1428 1491 1509 
7617 964 321 961 1464 
7618 1381 1456 1421 1534 
7619 1049 1390 1094 1500 
7620 549 548 1415 1485 
7621 1161 1459 1388 1527 
7622 1377 1391 1428 1491 
7623 1408 1526 1379 1531 
7624 155 357 359 1490 
7625 1362 1436 1390 1481 
7626 553 552 554 1424 
7627 1095 1131 1024 1430 
7628 553 1424 1501 1525 
7629 1403 1479 1375 1515 
7630 1061 1057 1062 1413 
7631 538 1478 384 1479 
7632 606 600 602 1093 
7633 319 1419 328 1483 
7634 1366 1422 1389 1435 
7635 1372 1421 1441 1520 
7636 87 390 88 1459 
7637 1408 1526 1397 1529 
7638 1142 1141 1174 1499 
7639 322 1398 1464 1489 
7640 1368 1407 1449 1519 
7641 973 999 1011 1408 
7642 1168 1148 1149 1427 
7643 606 1021 1038 602 
7644 582 554 1408 1501 
7645 378 368 371 1431 
7646 995 191 593 1410 
7647 1137 88 1459 1527 
7648 386 1467 1403 1479 
7649 553 570 551 1501 
7650 1374 1529 1431 1536 
7651 1371 1455 1409 1507 
7652 207 1417 1422 1460 
7653 1069 1055 1099 1421 
7654 1080 1116 1079 1410 
7655 1359 1422 1435 1537 
7656 370 1452 375 1543 
7657 1107 1067 1023 1412 
7658 1361 1442 1514 1547 
7659 994 1498 1401 1505 
7660 1390 1481 1371 1508 
7661 1110 1126 1105 1471 
7662 1114 1079 188 1458 
7663 1114 201 202 1458 
7664 1361 1441 1420 1514 
7665 1077 1125 1113 1516 
7666 570 1453 1387 1501 
7667 1087 1085 1086 1433 
7668 181 946 182 1470 
7669 1360 1401 1394 1541 
7670 1145 1147 1146 1404 
7671 594 597 1470 1538 
7672 554 1501 1424 1536 
7673 531 1088 541 1511 
7674 1007 1411 1451 1473 
7675 180 181 1470 1477 
7676 956 958 1464 1484 
7677 1373 1486 1434 1511 
7678 1028 541 1088 1511 
7679 384 1478 382 1479 
7680 553 552 1424 1525 
7681 1000 991 1431 1529 
7682 1383 1403 1494 1519 
7683 997 1006 1412 1516 
7684 201 202 603 1114 
7685 1383 1514 1420 1519 
7686 591 597 596 1538 
7687 1383 1393 1472 1509 
7688 212 1417 207 1460 
7689 1124 1076 1022 1418 
7690 204 601 1457 1482 
7691 994 990 985 1498 
7692 348 1433 610 1438 
7693 162 163 364 1451 
7694 1395 1470 1394 1540 
7695 1043 1426 1097 1448 
7696 1087 1433 1086 1438 
7697 562 533 587 1446 
7698 944 946 1394 1497 
7699 611 1417 614 1510 
7700 284 951 90 1527 
7701 1064 1434 1486 1511 
7702 1426 1500 1371 1545 
7703 1123 1063 1069 1421 
7704 195 196 1406 1502 
7705 591 596 1410 1538 
7706 574 158 168 1446 
7707 1161 1137 1175 1459 
7708 1384 1526 1397 1532 
7709 554 1408 1501 1536 
7710 1390 1508 1371 1545 
7711 1050 1058 1056 1463 
7712 1144 1142 1145 1499 
7713 542 546 544 1450 
7714 1114 603 201 1029 
7715 953 1460 958 1484 
7716 92 9 1399 1464 
7717 975 1392 1016 1505 
7718 1094 1390 1098 1539 
7719 1174 1161 1138 1499 
7720 1416 1468 1382 1528 
7721 389 391 1170 1480 
7722 1087 1433 1438 1546 
7723 1055 1421 1059 1523 
7724 1361 1441 1404 1503 
7725 601 602 605 1443 
7726 593 191 591 1410 
7727 1391 1509 1508 1522 
7728 361 1439 165 1543 
7729 943 944 1423 1497 
7730 1382 1426 1512 1545 
7731 537 557 1429 1444 
7732 182 950 183 1469 
7733 161 157 366 1393 
7734 1390 1371 1481 1500 
7735 547 544 578 1396 
7736 996 1003 1008 1410 
7737 1390 1094 1500 1539 
7738 1069 1456 1421 1521 
7739 576 1415 1432 1530 
7740 1372 1466 1461 1503 
7741 1443 1448 1380 1457 
7742 1421 1456 1372 1521 
7743 1362 1481 1390 1508 
7744 182 183 595 1469 
7745 557 546 542 1450 
7746 1370 1420 1407 1533 
7747 1436 1500 1094 1539 
7748 375 370 575 1452 
7749 1370 1468 1434 1523 
7750 1085 348 349 1034 
7751 1066 1053 1065 1402 
7752 990 1498 994 1505 
7753 1368 1446 1396 1496 
7754 602 196 197 1502 
7755 1377 1428 1393 1491 
7756 1378 1438 1433 1546 
7757 149 155 1419 1447 
7758 353 616 352 1510 
7759 176 389 177 1467 
7760 160 159 383 1472 
7761 1397 1425 1384 1493 
7762 1138 1459 1169 1499 
7763 1177 1156 1430 1546 
7764 1376 1482 1389 1512 
7765 1399 1442 1383 1494 
7766 601 1443 203 1457 
7767 614 611 615 1417 
7768 1114 188 201 1458 
7769 162 1411 163 1451 
7770 1160 1146 1151 1456 
7771 1379 1531 1526 1532 
7772 1364 1490 1491 1535 
7773 1503 1528 1441 1542 
7774 1083 1410 1079 1458 
7775 943 317 944 1497 
7776 1177 1430 1131 1546 
7777 590 598 1392 1505 
7778 388 533 387 1479 
7779 558 1405 559 1450 
7780 34 903 964 963 
7781 962 324 322 1398 
7782 1168 1405 1132 1544 
7783 566 1437 1418 1485 
7784 1104 1040 1073 1445 
7785 624 348 1086 1034 
7786 970 1014 1019 1411 
7787 361 1488 1439 1543 
7788 214 213 616 1422 
7789 984 988 987 1473 
7790 381 1403 159 1446 
7791 353 194 24 1389 
7792 1159 1168 1149 1513 
7793 182 1395 592 1470 
7794 621 348 622 1438 
7795 618 351 1445 1502 
7796 201 1114 1079 188 
7797 1089 1026 532 1453 
7798 597 590 598 1392 
7799 1086 1109 624 1034 
7800 1016 975 1003 1392 
7801 355 363 1488 1543 
7802 1359 1416 1413 1537 
7803 952 1462 955 1527 
7804 177 1442 178 1494 
7805 618 351 350 1445 
7806 152 153 147 1451 
7807 541 537 557 1429 
7808 1141 1142 1140 1462 
7809 1130 1170 1154 1480 
7810 548 576 1415 1496 
7811 328 326 329 1414 
7812 1383 1514 1399 1547 
7813 24 205 184 1469 
7814 1157 1430 1150 1521 
7815 1008 1003 975 1392 
7816 1118 1410 1083 1474 
7817 575 1452 556 1530 
7818 1372 1441 1421 1542 
7819 595 185 592 1457 
7820 1383 1442 1399 1514 
7821 1377 1506 1439 1524 
7822 1385 1494 1467 1514 
7823 1083 1458 1068 1474 
7824 90 1388 88 1527 
7825 206 207 213 1422 
7826 1356 1407 1420 1533 
7827 173 1399 385 1494 
7828 1363 1457 1395 1507 
7829 1007 987 1014 1411 
7830 43 1423 148 1497 
7831 187 589 186 1538 
7832 188 1410 596 1458 
7833 1027 1410 1118 1474 
7834 1094 1436 1103 1500 
7835 1413 1416 1359 1466 
7836 1161 1459 1138 1499 
7837 1154 1149 1147 1427 
7838 1397 1526 1408 1531 
7839 1177 1143 1150 1461 
7840 549 545 548 1485 
7841 1164 1444 1178 1544 
7842 206 957 1422 1489 
7843 195 601 604 1482 
7844 1091 1429 1111 1486 
7845 1151 1152 1178 1534 
7846 998 994 985 1401 
7847 153 1423 147 1451 
7848 203 202 187 1443 
7849 1413 1376 1445 1510 
7850 557 558 546 1450 
7851 1042 1043 1097 1448 
7852 204 205 604 1482 
7853 1418 1437 1362 1485 
7854 179 392 86 1399 
7855 187 1443 202 1458 
7856 1371 1463 1400 1500 
7857 1087 1061 1062 1433 
7858 353 194 1389 1482 
7859 834 267 836 1497 
7860 1020 379 1012 1431 
7861 1159 1405 1168 1513 
7862 1387 1453 1379 1501 
7863 556 577 552 1530 
7864 1062 1092 1433 1445 
7865 611 616 213 1510 
7866 618 1025 1073 350 
7867 591 191 1008 1410 
7868 153 360 154 1447 
7869 1360 1394 1470 1540 
7870 1388 1459 88 1527 
7871 195 1406 601 1482 
7872 1359 1528 1503 1542 
7873 161 356 160 1472 
7874 1113 1440 971 1516 
7875 988 1473 1397 1529 
7876 594 592 589 1538 
7877 951 952 955 1527 
7878 386 382 171 1467 
7879 1176 1153 623 1438 
7880 1420 1509 1383 1519 
7881 1382 1528 1468 1533 
7882 148 1447 154 1497 
7883 1356 1420 1407 1509 
7884 984 989 988 1397 
7885 1140 1142 1143 1461 
7886 1370 1468 1416 1528 
7887 616 1422 213 1510 
7888 1024 1131 1157 1430 
7889 556 1452 577 1530 
7890 1393 1509 1383 1547 
7891 154 357 155 1447 
7892 1048 1054 1051 1416 
7893 1506 1524 1357 1531 
7894 1395 1469 1364 1483 
7895 1007 987 1411 1473 
7896 1364 1419 1490 1535 
7897 351 619 352 1445 
7898 1080 996 995 1410 
7899 533 388 158 1446 
7900 203 1443 186 1457 
7901 321 958 322 1464 
7902 562 547 578 1396 
7903 328 326 1414 1487 
7904 1111 1486 1429 1511 
7905 561 538 384 1479 
7906 544 546 578 1450 
7907 205 204 185 1482 
7908 1040 1073 1445 1502 
7909 1363 1389 1469 1482 
7910 1166 1139 1140 1476 
7911 1014 1411 987 1529 
7912 537 75 1090 1028 
7913 1391 1481 1357 1495 
7914 1368 1449 1407 1522 
7915 1177 1131 1156 1546 
7916 1055 1063 1059 1421 
7917 1379 1501 1408 1531 
7918 1372 1456 1421 1520 
7919 189 1032 1079 607 
7920 1398 1414 1366 1489 
7921 1383 1494 1442 1514 
7922 1508 1509 1407 1522 
7923 546 559 578 1450 
7924 327 329 326 1414 
7925 1426 1454 1382 1512 
7926 977 993 1013 1440 
7927 1407 1509 1420 1519 
7928 356 365 358 1472 
7929 75 537 541 1028 
7930 983 986 1009 1425 
7931 951 283 90 1484 
7932 1366 1435 1389 1492 
7933 1394 1419 1364 1535 
7934 1424 1452 577 1536 
7935 1365 1473 1425 1518 
7936 1113 1013 971 1440 
7937 1363 1395 1457 1469 
7938 574 1432 555 1446 
7939 1056 1077 1065 1463 
7940 1152 1164 1178 1544 
7941 150 156 1487 1490 
7942 1362 1390 1436 1539 
7943 1363 1454 1426 1512 
7944 549 1415 550 1525 
7945 1403 1446 381 1479 
7946 204 1457 185 1482 
7947 1384 1517 1440 1532 
7948 1397 1526 1531 1532 
7949 1421 1465 1441 1520 
7950 541 1429 542 1511 
7951 1366 1504 1435 1547 
7952 962 1398 322 1489 
7953 1360 1401 1425 1498 
7954 1373 1465 1434 1486 
7955 150 834 149 1419 
7956 384 387 561 1479 
7957 1155 1167 1156 1546 
7958 195 619 196 1502 
7959 180 947 181 1477 
7960 980 981 982 1518 
7961 1082 1102 1443 1458 
7962 151 833 150 1487 
7963 598 1470 1392 1505 
7964 1059 1421 1063 1486 
7965 267 318 967 1497 
7966 1371 1455 1426 1545 
7967 1037 1040 1039 1502 
7968 349 612 348 1433 
7969 348 1086 621 624 
7970 546 558 559 1450 
7971 1390 1481 1436 1500 
7972 1157 1177 1150 1430 
7973 1060 1094 1098 1539 
7974 999 973 139 535 
7975 1356 1393 1491 1492 
7976 1065 1077 1023 1516 
7977 34 903 963 1398 
7978 209 1139 210 1476 
7979 168 530 574 1432 
7980 1370 1468 1528 1533 
7981 204 601 203 1457 
7982 352 617 351 1445 
7983 1139 209 1128 1462 
7984 363 365 355 1488 
7985 381 158 388 1446 
7986 1360 1507 1409 1540 
7987 1362 1449 1418 1485 
7988 989 988 1397 1526 
7989 1393 1491 1428 1509 
7990 1012 372 1000 1431 
7991 549 1485 1415 1525 
7992 385 160 383 1494 
7993 996 1080 1027 1410 
7994 541 531 74 1088 
7995 577 1452 534 1536 
7996 1118 1027 1083 1410 
7997 574 533 158 1446 
7998 1137 88 393 1459 
7999 1155 1438 1167 1546 
8000 1081 1097 1066 1448 
8001 593 596 188 1410 
8002 998 994 1401 1477 
8003 1122 625 622 1109 
8004 1384 1440 1526 1532 
8005 987 1411 1473 1529 
8006 1394 1365 1447 1541 
8007 568 999 139 535 
8008 614 1433 612 1445 
8009 1359 1503 1466 1542 
8010 267 967 836 1497 
8011 379 372 1012 1431 
8012 1022 531 563 1511 
8013 1397 1493 1384 1532 
8014 1372 1441 1404 1520 
8015 1022 1418 1064 1511 
8016 1431 1452 1374 1536 
8017 1452 1524 1369 1543 
8018 1061 1087 1117 1546 
8019 565 1453 570 1501 
8020 1371 1400 1481 1500 
8021 536 1405 558 1544 
8022 1089 532 564 1453 
8023 341 1024 1095 1131 
8024 1404 1441 1372 1503 
8025 91 904 92 1464 
8026 149 1447 1419 1497 
8027 617 614 1445 1510 
8028 581 536 558 1544 
8029 163 162 373 1411 
8030 543 1418 563 1511 
8031 1428 1509 1391 1522 
8032 1410 1458 1083 1474 
8033 1041 1043 1042 1454 
8034 1137 1133 380 1527 
8035 569 1437 566 1485 
8036 1112 1075 1076 1539 
8037 170 382 384 1478 
8038 1052 1046 1051 1468 
8039 1356 1420 1435 1533 
8040 1357 1493 1397 1532 
8041 386 172 383 1494 
8042 1045 1047 1043 1426 
8043 147 943 258 1423 
8044 1369 1432 1530 1543 
8045 1062 1104 1092 1445 
8046 548 550 549 1415 
8047 1045 1046 1098 1468 
8048 1137 393 1175 1459 
8049 568 582 554 1408 
8050 387 533 561 1479 
8051 1092 1025 1084 350 
8052 173 174 385 1399 
8053 351 612 350 1445 
8054 361 357 360 1439 
8055 86 92 1399 1464 
8056 1053 1050 1056 1463 
8057 158 159 362 1446 
8058 577 534 580 1536 
8059 1044 1454 1041 1475 
8060 1022 563 1418 1511 
8061 1033 1123 1456 1534 
8062 1037 197 1036 1502 
8063 1435 1504 1420 1547 
8064 1368 1396 1449 1496 
8065 86 9 179 1399 
8066 354 1004 18 152 
8067 550 548 576 1415 
8068 994 1477 969 1505 
8069 971 1440 1015 1516 
8070 1020 583 379 1431 
8071 1447 1490 1419 1535 
8072 576 550 1415 1530 
8073 1428 1472 1393 1509 
8074 1362 1391 1481 1508 
8075 188 1079 201 607 
8076 362 363 167 1432 
8077 300 965 296 1398 
8078 944 943 1423 1477 
8079 974 1004 18 354 
8080 1091 1111 1063 1486 
8081 1113 1031 1013 1440 
8082 1362 1407 1449 1522 
8083 1381 1421 1465 1486 
8084 569 567 566 1437 
8085 1141 1462 1163 1527 
8086 91 904 1464 1484 
8087 1370 1421 1465 1542 
8088 1394 1447 1535 1541 
8089 601 195 196 1406 
8090 178 177 390 1442 
8091 1145 1146 1144 1404 
8092 33 963 324 1398 
8093 568 535 582 1408 
8094 1383 1509 1472 1519 
8095 1368 1472 1509 1519 
8096 1377 1491 1490 1535 
8097 1024 1127 1074 1521 
8098 554 1424 552 1536 
8099 1393 1490 1377 1491 
8100 1028 541 74 1088 
8101 988 987 1473 1529 
8102 593 1116 189 190 
8103 361 164 165 1439 
8104 1052 1468 1051 1523 
8105 1033 1123 1069 1456 
8106 1420 1528 1435 1533 
8107 1441 1465 1421 1542 
8108 1401 1477 994 1505 
8109 1435 1528 1382 1533 
8110 1370 1465 1441 1542 
8111 956 953 958 1484 
8112 536 559 1405 1513 
8113 596 1458 1410 1538 
8114 1401 1477 1423 1518 
8115 1363 1448 1426 1454 
8116 1075 1064 1022 1418 
8117 961 322 324 1398 
8118 1008 191 995 1410 
8119 1375 1513 1405 1515 
8120 1044 1048 1046 1475 
8121 1370 1441 1420 1528 
8122 1421 1381 1465 1520 
8123 1415 1432 1368 1496 
8124 1389 1482 1363 1512 
8125 1363 1457 1406 1482 
8126 1094 1112 1103 1436 
8127 1175 393 1130 1459 
8128 1435 1389 1492 1512 
8129 1369 1415 1495 1530 
8130 1113 1125 1031 1440 
8131 1374 1408 1529 1536 
8132 1358 1441 1465 1520 
8133 1390 1500 1436 1539 
8134 959 952 1128 1462 
8135 1360 1470 1395 1540 
8136 149 154 1447 1497 
8137 1380 1392 1474 1538 
8138 577 554 552 1536 
8139 174 173 179 1399 
8140 577 552 1424 1536 
8141 1075 1022 1076 1418 
8142 581 1132 144 536 
8143 1083 1082 1068 1458 
8144 1403 1467 1375 1479 
8145 1109 621 1086 624 
8146 594 597 598 1470 
8147 968 319 318 1419 
8148 1506 1535 1447 1541 
8149 209 208 955 1462 
8150 1107 1118 1067 1474 
8151 206 214 24 1489 
8152 1379 1517 1400 1532 
8153 72 567 1124 563 
8154 568 1408 554 1536 
8155 92 86 91 1464 
8156 531 541 542 1511 
8157 834 836 149 1497 
8158 214 206 213 1422 
8159 567 532 71 1124 
8160 1026 70 1089 532 
8161 1043 1047 1097 1426 
8162 386 1403 381 1479 
8163 1368 1415 1449 1522 
8164 1064 1060 1434 1539 
8165 1416 1359 1466 1542 
8166 182 595 592 1395 
8167 1409 1455 1364 1540 
8168 1096 1044 1041 1475 
8169 552 1424 1525 1530 
8170 1383 1509 1420 1547 
8171 201 188 202 1458 
8172 1451 1473 1365 1518 
8173 1370 1416 1468 1523 
8174 553 551 552 1525 
8175 1382 1468 1390 1533 
8176 1369 1432 1415 1530 
8177 834 149 1419 1497 
8178 88 1137 380 1527 
8179 353 195 194 1482 
8180 1390 1371 1500 1545 
8181 540 1035 69 564 
8182 206 957 207 1422 
8183 1362 1391 1508 1522 
8184 1024 1074 1430 1521 
8185 1415 1525 1495 1530 
8186 1044 1043 1041 1454 
8187 575 556 530 1530 
8188 149 154 155 1447 
8189 1112 1436 1094 1539 
8190 1408 1529 1397 1531 
8191 164 360 163 1439 
8192 1416 1475 1413 1537 
8193 370 534 575 1452 
8194 150 1419 155 1490 
8195 33 965 300 1398 
8196 1014 970 1007 1411 
8197 190 593 995 191 
8198 1364 1455 1409 1491 
8199 1377 1447 1439 1506 
8200 374 163 373 1411 
8201 1377 1490 1447 1535 
8202 1057 1048 1096 1475 
8203 1365 1518 1425 1541 
8204 1363 1469 1457 1482 
8205 1101 1102 1038 1443 
8206 555 1446 1432 1496 
8207 1033 1129 1158 1456 
8208 1369 1495 1424 1530 
8209 543 566 563 1418 
8210 944 947 943 1477 
8211 1082 1114 1102 1458 
8212 1368 1509 1428 1522 
8213 1126 1071 1453 1517 
8214 90 89 284 1527 
8215 267 968 318 1497 
8216 1362 1415 1449 1485 
8217 531 1022 1088 1511 
8218 538 561 579 1479 
8219 539 568 580 1536 
8220 340 1131 1095 1546 
8221 1359 1435 1422 1504 
8222 957 958 207 1460 
8223 903 1398 9 1464 
8224 158 381 159 1446 
8225 1106 1444 1091 1534 
8226 1361 1514 1420 1547 
8227 1365 1451 1411 1473 
8228 952 1163 1462 1527 
8229 596 593 591 1410 
8230 1393 1356 1491 1509 
8231 615 611 212 1417 
8232 1404 1372 1461 1503 
8233 1436 1481 1400 1500 
8234 555 1432 576 1496 
8235 1030 1115 1155 1438 
8236 625 1122 622 1153 
8237 1364 1455 1491 1492 
8238 1407 1508 1356 1509 
8239 964 903 321 1464 
8240 1420 1514 1383 1547 
8241 1415 1368 1449 1496 
8242 1364 1394 1535 1540 
8243 1024 341 1157 1131 
8244 1079 1083 1080 1410 
8245 1413 1475 1376 1537 
8246 1368 1407 1509 1522 
8247 537 1090 585 1444 
8248 1495 1525 1424 1530 
8249 364 153 152 1451 
8250 1369 1452 1424 1524 
8251 1365 1506 1447 1541 
8252 539 580 1431 1536 
8253 321 275 903 964 
8254 968 1419 318 1497 
8255 340 1095 1030 1546 
8256 1033 1456 1158 1534 
8257 557 542 541 1429 
8258 1146 1147 1148 1427 
8259 321 956 958 1464 
8260 573 140 1005 535 
8261 1425 1498 1401 1518 
8262 582 553 554 1501 
8263 1416 1528 1359 1542 
8264 624 349 348 1034 
8265 1382 1528 1435 1537 
8266 1053 1056 1065 1463 
8267 1024 1430 1157 1521 
8268 1033 1108 1129 1456 
8269 150 149 155 1419 
8270 619 1445 351 1502 
8271 532 1026 71 1124 
8272 622 623 1153 1438 
8273 1035 1089 69 564 
8274 331 995 1080 996 
8275 1372 1466 1503 1542 
8276 1381 1421 1456 1520 
8277 392 390 87 1442 
8278 183 320 24 1469 
8279 622 625 621 1109 
8280 73 1022 531 563 
8281 1110 1440 1125 1517 
8282 1076 1026 1072 1437 
8283 1092 1104 1073 1445 
8284 209 210 211 1476 
8285 296 151 9 1398 
8286 1368 1509 1407 1519 
8287 1454 1475 1382 1512 
8288 1078 201 1079 607 
8289 1091 1028 1111 1429 
8290 558 536 559 1405 
8291 182 592 594 1470 
8292 958 957 322 1489 
8293 1085 1062 1092 1433 
8294 165 371 370 1452 
8295 1382 1533 1390 1545 
8296 1010 969 180 1505 
8297 1153 1155 1115 1438 
8298 1136 1171 1119 1444 
8299 1171 1164 585 1444 
8300 349 1084 350 612 
8301 1139 1128 1140 1462 
8302 1439 1447 1365 1506 
8303 983 981 985 1518 
8304 622 347 623 1438 
8305 1049 1094 1103 1500 
8306 296 151 1398 1487 
8307 1034 349 1085 1084 
8308 543 563 531 1511 
8309 140 973 1005 535 
8310 1090 1119 585 1444 
8311 1033 1069 1108 1456 
8312 176 391 389 1480 
8313 1052 1060 1098 1468 
8314 1089 1121 1026 1453 
8315 1408 1501 1424 1531 
8316 1424 1501 1408 1536 
8317 1115 1122 622 1109 
8318 1155 1131 340 1546 
8319 1420 1504 1435 1528 
8320 1064 1486 1111 1511 
8321 1432 1446 1368 1496 
8322 1419 1447 1394 1497 
8323 321 904 46 1464 
8324 961 324 963 1398 
8325 1122 625 316 1153 
8326 1376 1475 1454 1512 
8327 959 1128 209 1462 
8328 1495 1524 1424 1531 
8329 383 159 381 1403 
8330 533 388 22 158 
8331 1128 952 1163 1462 
8332 592 185 186 1457 
8333 148 43 147 1423 
8334 174 179 9 1399 
8335 1362 1449 1415 1522 
8336 1366 1422 1435 1504 
8337 1387 1501 1424 1525 
8338 564 1089 70 532 
8339 1156 1134 1166 1476 
8340 284 954 951 1527 
8341 1030 1155 340 1546 
8342 560 557 1444 1544 
8343 1382 1435 1512 1537 
8344 43 148 317 1497 
8345 1131 1430 1095 1546 
8346 1368 1472 1428 1509 
8347 1004 980 1007 1451 
8348 1394 1447 1419 1535 
8349 1101 1042 1081 1448 
8350 1064 1434 1059 1486 
8351 1101 1082 1102 1443 
8352 1030 1115 339 1155 
8353 347 622 348 1438 
8354 1357 1524 1495 1531 
8355 324 965 33 1398 
8356 1138 1169 1145 1499 
8357 1064 1075 1060 1539 
8358 998 969 994 1477 
8359 965 1398 324 1487 
8360 351 614 612 1445 
8361 1424 1452 1374 1524 
8362 1108 1456 1069 1521 
8363 969 1477 180 1505 
8364 1132 1159 144 536 
8365 1153 1115 622 1438 
8366 539 999 138 568 
8367 43 943 147 1423 
8368 9 151 157 1398 
8369 1031 1105 336 977 
8370 1074 1117 1095 1430 
8371 602 606 1021 197 
8372 1058 1050 1103 1500 
8373 974 19 978 354 
8374 1016 990 994 1505 
8375 1136 1119 1106 1444 
8376 1020 1012 976 1431 
8377 1036 1037 1021 197 
8378 162 152 1004 1451 
8379 46 904 91 1484 
8380 372 379 368 1431 
8381 147 19 978 835 
8382 1095 1430 1117 1546 
8383 1382 1512 1475 1537 
8384 148 147 153 1423 
8385 369 1000 111 372 
8386 1423 1451 1365 1518 
8387 1360 1409 1493 1541 
8388 1362 1508 1407 1522 
8389 531 1022 73 1088 
8390 997 1001 1006 1516 
8391 203 186 204 1457 
8392 605 203 601 1443 
8393 1080 331 996 1027 
8394 1369 1530 1452 1543 
8395 1072 1103 1112 1436 
8396 971 1013 1015 1440 
8397 560 585 1164 1444 
8398 1356 1508 1407 1533 
8399 1424 1452 1369 1530 
8400 175 169 1172 1478 
8401 1079 1114 201 1078 
8402 975 1010 193 1505 
8403 1376 1475 1512 1537 
8404 596 187 1458 1538 
8405 1458 1474 1410 1538 
8406 1141 1128 1163 1462 
8407 574 533 22 158 
8408 972 996 332 1107 
8409 1170 391 175 1480 
8410 614 351 617 1445 
8411 1010 994 969 1505 
8412 998 979 1002 1477 
8413 360 357 154 1447 
8414 162 1004 109 970 
8415 569 532 567 1437 
8416 976 1000 991 1431 
8417 1027 332 996 1107 
8418 386 383 381 1403 
8419 1173 1135 1478 1480 
8420 170 176 171 1480 
8421 618 1073 1025 1036 
8422 1360 1394 1540 1541 
8423 1153 339 1115 1155 
8424 187 188 596 1458 
8425 388 387 381 1479 
8426 1079 1032 189 1116 
8427 1370 1441 1528 1542 
8428 1359 1435 1504 1528 
8429 1380 1474 1458 1538 
8430 618 1073 1036 1502 
8431 590 975 193 1505 
8432 296 1398 965 1487 
8433 1167 1153 1176 1438 
8434 1416 1528 1382 1537 
8435 1429 1486 1373 1511 
8436 1370 1528 1420 1533 
8437 1060 1059 1064 1434 
8438 90 283 91 1484 
8439 380 1162 89 1527 
8440 1409 1507 1455 1540 
8441 1150 1160 1157 1521 
8442 1356 1491 1455 1492 
8443 1377 1447 1506 1535 
8444 1013 1031 336 977 
8445 384 125 561 387 
8446 1357 1493 1409 1506 
8447 1410 1474 1392 1538 
8448 165 1452 370 1543 
8449 570 565 564 1453 
8450 1015 1440 993 1526 
8451 170 1478 175 1480 
8452 576 1432 530 1530 
8453 1138 1161 1175 1459 
8454 903 275 321 904 
8455 1416 1382 1475 1537 
8456 1171 585 1119 1444 
8457 537 560 557 1444 
8458 382 387 384 1479 
8459 1074 1095 1024 1430 
8460 344 1158 1136 1534 
8461 981 983 982 1518 
8462 1106 1090 1091 1444 
8463 1008 995 996 1410 
8464 561 533 562 1479 
8465 1133 1162 380 1527 
8466 1159 1149 1173 1513 
8467 1442 1494 1385 1514 
8468 976 999 138 539 
8469 1360 1540 1409 1541 
8470 1126 1071 1121 1453 
8471 1129 1456 1108 1521 
8472 622 1122 1115 1153 
8473 1409 1491 1377 1535 
8474 1063 1055 1069 1421 
8475 1110 1031 1125 1440 
8476 371 377 370 1452 
8477 1364 1491 1409 1535 
8478 1118 1083 1068 1474 
8479 1420 1504 1361 1547 
8480 1114 1083 1079 1458 
8481 1050 1047 1049 1500 
8482 1036 197 618 1502 
8483 393 389 1130 1459 
8484 1408 1531 1424 1536 
8485 377 534 370 1452 
8486 1022 72 1124 563 
8487 1173 1478 1165 1513 
8488 903 9 92 1464 
8489 86 91 1464 1484 
8490 574 587 533 1446 
8491 1012 111 1000 372 
8492 185 204 186 1457 
8493 183 24 184 1469 
8494 1395 1507 1360 1540 
8495 1178 1164 1136 1444 
8496 1029 603 1093 1102 
8497 1131 1155 1156 1546 
8498 989 992 988 1526 
8499 1178 1444 1136 1534 
8500 966 329 320 1483 
8501 1155 1030 1438 1546 
8502 1020 976 583 1431 
8503 1377 1506 1409 1535 
8504 1126 1035 1105 1471 
8505 1105 1120 1018 1471 
8506 34 300 9 1398 
8507 175 1478 1135 1480 
8508 1157 1131 1177 1430 
8509 1106 1091 1123 1534 
8510 1105 1018 977 1471 
8511 588 571 1478 1513 
8512 1055 1059 1052 1523 
8513 552 1525 550 1530 
8514 177 172 1467 1494 
8515 147 19 354 978 
8516 574 530 555 1432 
8517 1070 1110 1125 1517 
8518 1361 1460 1367 1504 
8519 191 591 1008 192 
8520 320 1469 183 1483 
8521 1136 1444 1106 1534 
8522 598 180 1470 1505 
8523 125 561 538 384 
8524 605 202 203 1443 
8525 1168 1132 1152 1544 
8526 1172 1135 175 1478 
8527 344 1136 1106 1534 
8528 1076 1124 1026 1437 
8529 390 393 88 1459 
8530 944 318 946 1497 
8531 1148 1147 1149 1427 
8532 1087 1062 1085 1433 
8533 550 1525 1415 1530 
8534 1372 1503 1441 1542 
8535 948 1002 945 1477 
8536 575 534 556 1452 
8537 1374 1452 1424 1536 
8538 952 951 954 1527 
8539 584 169 384 1478 
8540 1416 1523 1370 1542 
8541 9 903 34 1398 
8542 180 969 948 1477 
8543 335 971 1113 1013 
8544 12 88 1137 380 
8545 974 980 1004 1451 
8546 1088 1022 1064 1511 
8547 368 379 119 572 
8548 330 190 1116 995 
8549 370 121 575 534 
8550 321 46 956 1464 
8551 372 368 378 1431 
8552 1364 1535 1409 1540 
8553 13 89 380 1162 
8554 373 162 109 970 
8555 1379 1440 1517 1532 
8556 573 540 565 1471 
8557 303 599 47 330 
8558 1027 1080 1083 1410 
8559 1360 1493 1425 1541 
8560 1035 540 586 1471 
8561 956 91 283 1484 
8562 202 188 187 1458 
8563 1397 1531 1357 1532 
8564 1088 1064 1111 1511 
8565 571 538 588 1478 
8566 1005 1018 586 1471 
8567 382 386 381 1479 
8568 1370 1528 1416 1542 
8569 1035 586 1120 1471 
8570 548 555 576 1496 
8571 543 531 542 1511 
8572 316 625 622 1153 
8573 160 358 159 1472 
8574 959 313 1128 952 
8575 1163 1161 1141 1527 
8576 283 951 90 284 
8577 355 1488 361 1543 
8578 1424 1495 1369 1524 
8579 1424 1531 1374 1536 
8580 1113 1031 335 1013 
8581 583 119 379 572 
8582 193 598 590 1505 
8583 1138 1130 1169 1459 
8584 565 570 553 1501 
8585 556 534 577 1452 
8586 360 164 361 1439 
8587 1424 1495 1387 1525 
8588 564 532 570 1453 
8589 548 545 547 1496 
8590 555 587 1446 1496 
8591 962 323 325 1489 
8592 1005 586 573 1471 
8593 951 956 283 1484 
8594 1374 1529 1408 1531 
8595 258 147 43 943 
8596 1015 993 989 1526 
8597 1153 1167 1155 1438 
8598 1408 1374 1531 1536 
8599 549 569 566 1485 
8600 556 576 530 1530 
8601 1171 146 585 1164 
8602 560 1444 1164 1544 
8603 1165 1172 571 1478 
8604 1165 571 143 1513 
8605 574 555 587 1446 
8606 612 614 610 1433 
8607 1036 1025 618 620 
8608 1115 1122 338 1153 
8609 561 562 579 1479 
8610 384 538 584 1478 
8611 571 1172 584 1478 
8612 161 174 9 1399 
8613 1033 1158 344 1534 
8614 594 589 597 1538 
8615 194 195 604 1482 
8616 1421 1370 1523 1542 
8617 177 178 172 1494 
8618 111 1000 369 1019 
8619 181 182 594 1470 
8620 393 390 389 1459 
8621 176 1467 171 1480 
8622 985 990 986 1498 
8623 1359 1528 1416 1537 
8624 530 576 555 1432 
8625 76 537 1090 585 
8626 1165 1478 571 1513 
8627 951 953 956 1484 
8628 1379 1526 1440 1532 
8629 536 588 559 1513 
8630 1007 982 987 1473 
8631 1142 1144 1143 1461 
8632 355 166 363 1543 
8633 1018 1120 1105 337 
8634 969 180 23 1010 
8635 1023 334 997 1516 
8636 1170 175 1135 1480 
8637 1002 948 969 1477 
8638 338 1122 316 1153 
8639 1105 1018 337 977 
8640 175 170 169 1478 
8641 1073 1037 1036 1502 
8642 617 611 614 1510 
8643 210 1134 346 1476 
8644 971 997 334 1516 
8645 536 143 571 1513 
8646 1424 1524 1374 1531 
8647 343 1033 1129 1158 
8648 1089 1126 1121 1453 
8649 390 392 178 1442 
8650 976 539 583 1431 
8651 903 904 321 1464 
8652 948 301 945 1002 
8653 348 612 610 1433 
8654 955 952 959 1462 
8655 1051 1099 1055 1523 
8656 1118 1068 1067 1474 
8657 1137 1161 1133 1527 
8658 560 585 146 1164 
8659 1025 1036 310 620 
8660 956 46 91 1484 
8661 1134 1139 1166 1476 
8662 1119 76 1090 585 
8663 945 943 947 1477 
8664 355 361 165 1543 
8665 971 334 1113 1516 
8666 162 18 1004 152 
8667 1139 209 28 1128 
8668 210 1139 1134 1476 
8669 1158 1456 1151 1534 
8670 536 1159 143 1513 
8671 1013 993 1015 1440 
8672 1143 1144 1150 1461 
8673 90 91 87 1484 
8674 990 1006 986 1498 
8675 150 156 151 1487 
8676 956 91 46 283 
8677 613 210 346 1476 
8678 208 212 207 1460 
8679 1081 1042 1097 1448 
8680 598 180 181 1470 
8681 1160 1456 1129 1521 
8682 1087 1086 1115 1438 
8683 1106 1033 344 1534 
8684 1366 1367 1504 1547 
8685 1165 143 1159 1513 
8686 175 169 21 1172 
8687 121 370 377 534 
8688 545 549 566 1485 
8689 1409 1506 1493 1541 
8690 1023 1113 334 1516 
8691 1170 116 175 391 
8692 1170 389 117 391 
8693 209 959 28 1128 
8694 118 1130 1175 393 
8695 1129 1151 1158 1456 
8696 551 549 550 1525 
8697 120 377 368 572 
8698 1136 1164 1171 1444 
8699 1108 1033 1129 343 
8700 1010 975 1016 1505 
8701 328 833 44 1487 
8702 580 572 539 1431 
8703 1002 948 301 969 
8704 149 836 148 1497 
8705 1071 1070 1058 1517 
8706 949 945 302 1002 
8707 1119 1090 1106 1444 
8708 126 584 169 384 
8709 155 359 156 1490 
8710 315 623 1176 1153 
8711 1030 1087 1438 1546 
8712 158 22 574 168 
8713 1128 313 1163 952 
8714 170 175 176 1480 
8715 560 558 557 1544 
8716 599 190 1100 330 
8717 560 537 585 1444 
8718 197 1036 618 620 
8719 1120 586 1018 1471 
8720 25 190 1100 599 
8721 977 1005 1017 1471 
8722 982 984 987 1473 
8723 326 965 324 1487 
8724 148 266 317 1497 
8725 366 156 359 1490 
8726 149 148 154 1497 
8727 571 1165 142 1172 
8728 169 170 384 1478 
8729 584 571 142 1172 
8730 953 207 958 1460 
8731 1087 1115 1030 1438 
8732 596 589 187 1538 
8733 1024 1157 342 1521 
8734 389 117 1130 1170 
8735 1046 1052 1098 1468 
8736 1005 1018 141 586 
8737 1040 1037 1073 1502 
8738 1164 145 560 1544 
8739 1390 1533 1508 1545 
8740 89 954 284 1527 
8741 161 385 174 1399 
8742 205 194 604 1482 
8743 302 978 949 1002 
8744 1145 1174 1138 1499 
8745 162 364 152 1451 
8746 1173 1135 1165 1478 
8747 310 618 1025 620 
8748 1138 1175 1130 1459 
8749 171 172 386 1467 
8750 573 1005 141 586 
8751 1023 1077 1113 1516 
8752 1108 1024 342 1521 
8753 552 550 556 1530 
8754 352 616 617 1510 
8755 377 120 534 572 
8756 89 90 88 1527 
8757 358 160 356 1472 
8758 210 613 211 1476 
8759 375 121 575 370 
8760 36 1162 960 1527 
8761 1044 1096 1048 1475 
8762 1128 1141 1140 1462 
8763 1164 1132 145 1544 
8764 1029 201 1114 1078 
8765 1359 1435 1528 1537 
8766 595 183 184 1469 
8767 21 175 1172 1135 
8768 180 23 948 969 
8769 1111 1059 1063 1486 
8770 175 391 176 1480 
8771 540 68 1035 586 
8772 1129 1108 342 1521 
8773 1120 1035 68 586 
8774 365 367 355 1488 
8775 156 150 155 1490 
8776 1014 987 991 1529 
8777 1116 1100 190 330 
8778 1132 581 145 1544 
8779 582 565 553 1501 
8780 317 148 43 266 
8781 836 266 148 1497 
8782 618 197 196 1502 
8783 197 1021 1036 620 
8784 539 572 583 1431 
8785 375 530 122 376 
8786 1129 342 1157 1521 
8787 971 1015 1001 1516 
8788 207 953 208 1460 
8789 597 589 596 1538 
8790 330 1116 1080 995 
8791 1134 210 29 1139 
8792 970 110 373 1019 
8793 1108 1069 1127 1521 
8794 145 581 560 1544 
8795 1409 1535 1506 1541 
8796 584 1172 169 1478 
8797 1367 1361 1504 1547 
8798 1114 1082 1083 1458 
8799 568 554 580 1536 
8800 584 126 538 384 
8801 1356 1508 1533 1545 
8802 1160 1151 1129 1456 
8803 1154 1135 1173 1480 
8804 369 373 110 1019 
8805 991 988 1011 1529 
8806 530 168 123 376 
8807 1018 1005 977 1471 
8808 552 551 550 1525 
8809 1174 1145 1142 1499 
8810 1020 976 137 583 
8811 328 44 326 1487 
8812 1157 1160 1129 1521 
8813 1178 1158 1151 1534 
8814 1049 1103 1050 1500 
8815 1012 1000 976 1431 
8816 623 315 622 1153 
8817 1535 1540 1394 1541 
8818 319 966 320 1483 
8819 383 173 385 1494 
8820 173 172 178 1494 
8821 323 962 322 1489 
8822 1135 116 175 1170 
8823 89 1162 36 1527 
8824 176 177 171 1467 
8825 960 1162 1163 1527 
8826 173 383 172 1494 
8827 118 1130 393 389 
8828 1064 1059 1111 1486 
8829 1173 1165 1159 1513 
8830 1110 1071 1126 1517 
8831 1052 1051 1055 1523 
8832 74 75 541 1028 
8833 1158 1178 1136 1534 
8834 1136 1106 1119 345 
8835 1136 1119 1171 345 
8836 318 944 317 1497 
8837 1017 992 993 1526 
8838 1032 1078 1079 607 
8839 387 382 381 1479 
8840 1120 1105 1035 1471 
8841 555 547 587 1496 
8842 346 210 29 1134 
8843 969 998 1002 1477 
8844 967 266 836 1497 
8845 1152 1132 1164 1544 
8846 539 137 976 583 
8847 75 76 537 1090 
8848 560 146 145 1164 
8849 372 1012 112 379 
8850 336 1105 337 977 
8851 955 959 209 1462 
8852 143 144 1159 536 
8853 165 370 166 1543 
8854 1094 1060 1075 1539 
8855 1030 1117 1087 1546 
8856 1172 1165 1135 1478 
8857 73 74 531 1088 
8858 1030 1095 1117 1546 
8859 197 26 1021 620 
8860 952 954 960 1527 
8861 903 92 904 1464 
8862 993 992 989 1526 
8863 355 367 361 1488 
8864 71 70 1026 532 
8865 952 960 1163 1527 
8866 13 380 1133 1162 
8867 540 573 586 1471 
8868 598 181 594 1470 
8869 36 960 954 1527 
8870 973 140 139 535 
8871 1116 1100 189 190 
8872 575 530 122 375 
8873 119 120 368 572 
8874 26 1036 1021 620 
8875 1135 1154 1170 1480 
8876 611 617 616 1510 
8877 1409 1540 1535 1541 
8878 180 193 23 1010 
8879 333 334 997 1023 
8880 35 965 326 1487 
8881 44 45 833 328 
8882 997 971 1001 1516 
8883 177 172 171 1467 
8884 123 574 168 530 
8885 89 88 380 1527 
8886 1024 341 342 1157 
8887 536 571 588 1513 
8888 28 210 209 1139 
8889 196 619 618 1502 
8890 948 945 947 1477 
8891 1033 1106 1123 1534 
8892 999 139 138 568 
8893 190 599 303 330 
8894 995 303 190 191 
8895 1018 1120 5 586 
8896 585 1119 7 1171 
8897 355 165 166 1543 
8898 571 584 538 1478 
8899 1080 330 995 331 
8900 1075 1112 1094 1539 
8901 988 991 987 1529 
8902 49 1084 1025 350 
8903 13 89 1162 36 
8904 1010 1016 994 1505 
8905 558 560 581 1544 
8906 373 109 110 970 
8907 555 548 547 1496 
8908 1005 141 140 573 
8909 1084 49 349 350 
8910 1035 69 68 540 
8911 1163 1133 1161 1527 
8912 1110 1070 1071 1517 
8913 323 322 957 1489 
8914 323 957 206 1489 
8915 350 618 1025 310 
8916 618 619 351 1502 
8917 379 1012 112 1020 
8918 36 954 89 1527 
8919 330 303 190 995 
8920 1100 47 599 330 
8921 340 341 1095 1131 
8922 1024 1108 1127 1521 
8923 126 125 538 384 
8924 1008 304 191 192 
8925 949 32 835 978 
8926 967 317 266 1497 
8927 1036 26 310 620 
8928 345 1136 1106 344 
8929 1130 118 117 389 
8930 332 996 331 1027 
8931 343 344 1033 1158 
8932 169 584 20 1172 
8933 109 18 1004 162 
8934 576 556 550 1530 
8935 319 320 950 1483 
8936 1134 314 346 1176 
8937 142 143 1165 571 
8938 580 554 577 1536 
8939 339 1115 338 1153 
8940 333 972 332 1107 
8941 1012 112 111 372 
8942 125 124 561 387 
8943 73 72 1022 563 
8944 1163 1162 1133 1527 
8945 35 296 965 1487 
8946 35 44 296 1487 
8947 317 967 318 1497 
8948 976 138 137 539 
8949 1155 339 1030 340 
8950 32 19 835 978 
8951 995 1008 304 191 
8952 1120 68 5 586 
8953 1018 5 141 586 
8954 1119 7 76 585 
8955 1129 342 1108 343 
8956 142 20 584 1172 
8957 301 302 945 1002 
8958 388 22 124 533 
8959 1089 70 69 564 
8960 46 321 275 904 
8961 350 1025 49 310 
8962 304 1008 305 192 
8963 123 122 530 376 
8964 28 29 210 1139 
8965 320 183 950 1483 
8966 303 995 304 191 
8967 1018 5 1120 337 
8968 71 72 567 1124 
8969 1020 17 379 583 
8970 193 192 975 590 
8971 1113 334 971 335 
8972 947 180 948 1477 
8973 35 300 965 296 
8974 315 316 622 1153 
8975 369 110 111 1019 
8976 606 26 1021 197 
8977 88 12 1137 393 
8978 377 120 121 534 
8979 978 949 32 302 
8980 585 7 146 1171 
8981 314 623 346 1176 
8982 1119 7 1171 345 
8983 17 119 379 583 
8984 44 833 296 1487 
8985 27 201 1078 607 
8986 1175 1137 118 393 
8987 952 1163 960 312 
8988 199 600 1093 603 
8989 190 25 1100 189 
8990 144 145 1132 581 
8991 584 20 126 169 
8992 1021 198 606 1093 
8993 314 346 29 1134 
8994 1093 199 603 1029 
8995 834 45 267 968 
8996 1031 336 335 1013 
8997 22 123 574 168 
8998 48 1122 316 338 
8999 175 21 116 1135 
9000 1020 137 17 583 
9001 600 606 198 1093 
9002 326 44 35 1487 
9003 296 833 151 1487 
9004 575 122 121 375 
9005 948 23 301 969 
9006 1100 189 25 311 
9007 312 1163 960 1162 
9008 313 1163 952 312 
9009 1122 625 48 316 
9010 305 1008 975 192 
9011 1137 12 118 393 
9012 200 201 1029 1078 
9013 1084 1034 349 309 
9014 380 1137 12 1133 
9015 200 201 603 1029 
9016 169 20 21 1172 
9017 974 18 19 354 
9018 624 1109 308 1034 
9019 198 26 1021 606 
9020 379 112 17 1020 
9021 1032 189 1100 311 
9022 1100 189 1032 1116 
9023 89 36 284 954 
9024 189 1032 27 311 
9025 27 201 200 1078 
9026 27 1032 189 607 
9027 1170 117 116 391 
9028 1034 624 349 309 
9029 1032 27 1078 607 
9030 198 600 1093 199 
9031 47 25 1100 599 
9032 1084 349 49 309 
9033 313 28 959 1128 
9034 258 32 835 949 
9035 307 625 1122 1109 
9036 300 35 965 33 
9037 1109 308 621 624 
9038 315 623 314 1176 
9039 625 307 621 1109 
9040 193 306 23 1010 
9041 975 305 192 193 
9042 305 975 306 193 
9043 275 34 903 964 
9044 200 603 199 1029 
9045 975 306 193 1010 
9046 308 624 1034 309 
9047 48 307 625 1122 
9048 967 267 836 266 
9049 312 960 37 1162 
9050 308 621 307 1109 
9051 380 12 13 1133 
9052 37 36 13 1162 
9053 36 37 960 1162 
9054 1040 1475 1445 1096 
9055 1445 1475 1040 1376 
9056 1476 615 1378 613 
9057 1476 1378 615 1417 
9058 1517 1077 1463 1384 
9059 1517 1463 1077 1070 
9060 1427 1515 1385 1375 
9061 1427 1385 1515 1358 
9062 1467 1385 1515 1375 
9063 1467 1515 1385 1358 
9064 1125 1517 1077 1070 
9065 1077 1517 1125 1440 
9066 1500 1045 1047 1049 
9067 1500 1047 1045 1426 
9068 1427 1169 1404 1147 
9069 1427 1404 1169 1385 
9070 1472 363 365 358 
9071 1472 365 363 1428 
9072 1465 1396 1519 1358 
9073 1465 1519 1396 1373 
9074 1538 1457 1395 592 
9075 1538 1395 1457 1380 
9076 1466 1417 1386 1359 
9077 1466 1386 1417 1378 
9078 1398 33 34 300 
9079 1398 34 33 963 
9080 590 1008 192 975 
9081 590 192 1008 591 
9082 1439 374 163 164 
9083 1439 163 374 1411 
9084 1488 359 357 1377 
9085 1488 357 359 367 
9086 1484 1462 955 953 
9087 1546 1167 1476 1438 
9088 1546 1476 1167 1156 
9089 1516 1009 1425 1384 
9090 1516 1425 1009 1001 
9091 1465 1519 1420 1358 
9092 1420 1519 1465 1407 
9093 1513 1480 1149 1173 
9094 1513 1149 1480 1375 
9095 1093 602 605 600 
9096 1093 605 602 1038 
9097 1546 1476 1430 1378 
9098 1546 1430 1476 1156 
9099 1547 1492 1435 1366 
9100 1547 1435 1492 1356 
9101 1491 1414 1490 1364 
9102 1491 1490 1414 1393 
9103 1489 1504 1367 1460 
9104 1367 1504 1489 1366 
9105 1521 1074 1099 1127 
9106 1521 1099 1074 1430 
9107 1433 1084 349 612 
9108 1433 349 1084 1085 
9109 1472 1399 385 161 
9110 1472 385 1399 1383 
9111 1465 1515 1396 1358 
9112 1396 1515 1465 1450 
9113 1484 1361 1460 1367 
9114 1484 1460 1361 1388 
9115 1462 953 208 955 
9116 1462 208 953 1460 
9117 1526 1011 973 992 
9118 1526 973 1011 1408 
9119 1410 1116 995 1080 
9120 1410 995 1116 593 
9121 1483 329 1469 1414 
9122 1483 1469 329 320 
9123 24 1469 329 1414 
9124 24 329 1469 320 
9125 1471 1501 1453 565 
9126 1453 1501 1471 1379 
9127 1093 605 603 600 
9128 603 605 1093 1102 
9129 1451 970 1007 1004 
9130 1451 1007 970 1411 
9131 87 86 1484 91 
9132 87 1484 86 1442 
9133 1115 1438 1109 622 
9134 1115 1109 1438 1086 
9135 621 1109 1438 622 
9136 621 1438 1109 1086 
9137 569 1525 549 551 
9138 549 1525 569 1485 
9139 1451 354 1004 974 
9140 1451 1004 354 152 
9141 1491 1508 1509 1356 
9142 1509 1508 1491 1391 
9143 1462 951 1484 955 
9144 1462 1484 951 1388 
9145 1041 1475 1040 1096 
9146 1040 1475 1041 1454 
9147 1124 563 1418 1022 
9148 1418 563 1124 567 
9149 1178 1544 1534 1152 
9150 1534 1544 1178 1444 
9151 1398 1393 151 157 
9152 1398 151 1393 1487 
9153 1497 943 43 1423 
9154 1497 43 943 317 
9155 1494 386 1403 383 
9156 1494 1403 386 1467 
9157 1463 1532 1517 1384 
9158 1517 1532 1463 1400 
9159 972 1023 333 997 
9160 333 1023 972 1107 
9161 1511 1028 1111 1088 
9162 1511 1111 1028 1429 
9163 1432 376 375 167 
9164 1432 375 376 530 
9165 532 1124 1437 1026 
9166 1437 1124 532 567 
9167 366 156 1393 157 
9168 366 1393 156 1490 
9169 151 1393 156 157 
9170 533 387 124 388 
9171 533 124 387 561 
9172 178 1494 1399 173 
9173 1399 1494 178 1442 
9174 1399 179 178 173 
9175 1464 46 1484 904 
9176 1464 1484 46 956 
9177 572 379 1431 368 
9178 572 1431 379 583 
9179 1505 193 180 1010 
9180 1505 180 193 598 
9181 1399 392 178 179 
9182 1399 178 392 1442 
9183 1393 156 1487 151 
9184 1393 1487 156 1490 
$EndElements
