$MeshFormat
4.1 0 8
$EndMeshFormat
$PhysicalNames
67
2 9 "strat_0027"
2 11 "strat_0026"
2 12 "strat_0025"
2 13 "strat_0024"
2 14 "strat_0023"
2 18 "strat_0022"
2 19 "strat_0021"
2 20 "strat_0020"
2 21 "strat_0019"
2 22 "East_0003"
2 25 "West_0003"
2 26 "East_0002"
2 29 "West_0002"
2 30 "fault_0030"
2 31 "fault_0029"
2 32 "fault_0028"
2 33 "fault_0027"
2 34 "fault_0026"
2 39 "fault_0025"
2 40 "fault_0024"
2 41 "fault_0023"
2 42 "fault_0022"
2 43 "fault_0021"
2 44 "fault_0020"
2 47 "fault_0019"
2 48 "South_0009"
2 49 "strat_0018"
2 50 "strat_0017"
2 51 "North_0007"
2 52 "Base_0003"
2 53 "fault_0018"
2 54 "strat_0016"
2 55 "strat_0015"
2 56 "fault_0017"
2 57 "strat_0014"
2 58 "fault_0016"
2 59 "strat_0013"
2 60 "South_0008"
2 61 "fault_0015"
2 62 "fault_0014"
2 63 "fault_0013"
2 64 "South_0007"
2 65 "strat_0012"
2 66 "Base_0002"
2 67 "North_0006"
2 68 "strat_0011"
2 69 "strat_0010"
2 70 "strat_0009"
2 71 "strat_0008"
2 72 "strat_0007"
2 73 "South_0006"
2 74 "Top_0003"
2 75 "North_0005"
2 76 "fault_0012"
2 77 "South_0005"
2 78 "fault_0011"
2 79 "fault_0010"
2 80 "fault_0009"
2 81 "fault_0008"
2 82 "fault_0007"
2 83 "South_0004"
2 84 "Top_0002"
2 85 "North_0004"
3 1 "bottom_0001"
3 2 "bottom_0002"
3 3 "top_0003"
3 4 "top_0004"
$EndPhysicalNames
$Entities
56 114 63 4
1 0 0 0 0 
2 0 0 -10000 0 
3 0 10000 0 0 
4 0 10000 -10000 0 
5 10000 0 0 0 
6 10000 0 -10000 0 
7 10000 10000 0 0 
8 10000 10000 -10000 0 
9 5000 6000 -6000 0 
10 2.153832667772804e-13 1000 -6000 0 
11 1424.50146484375 1.754152378907747e-13 -6000 0 
15 10000 2490 -6000 0 
16 7510 8.881784197001252e-15 -6000 0 
17 10000 8.881784197001252e-15 -6000 0 
19 2.153832667772804e-13 9510 -6000 0 
20 5000 10000 -6000 0 
21 2.153832667772804e-13 1.754152378907747e-13 -6000 0 
22 2.153832667772804e-13 6000 -6000 0 
23 2.153832667772804e-13 10000 -6000 0 
24 5000 -2.498001805406602e-14 -6000 0 
25 10000 10000 -6000 0 
26 9000 10000 -6000 0 
27 490 10000 -6000 0 
28 10000 6000 -6000 0 
29 3000 -2.070565940925917e-13 -4000 0 
30 3000 5000 -4000 0 
31 1000 527.8641357421875 8.366586232416012e-14 0 
33 1000 5000 -2.220446049250313e-13 0 
34 1000 1666.666625976562 -2.220446049250313e-13 0 
35 4346.11279296875 -2.070565940925917e-13 -6692.2255859375 0 
36 6000 -2.070565940925917e-13 -10000 0 
37 6000 3698.204345703125 -10000 0 
40 3000 10000 -4000 0 
41 1000 7534.53076171875 -2.220446049250313e-13 0 
43 1653.887084960938 10000 -1307.774169921875 0 
44 1000 8537.8642578125 3.092440041020661e-14 0 
45 4000 -8.799490542381867e-14 -6000 0 
46 4000 5000 -6000 0 
47 3999.999999999999 6000 -6000 0 
48 3999.999999999999 6702 -6000 0 
49 4000 6395.7978515625 -6000 0 
50 6000 10000 -10000 0 
51 5236.06787109375 10000 -8472.1357421875 0 
52 4000 10000 -6000 0 
53 6000 9187.3935546875 -10000 0 
54 6000 5000 -10000 0 
55 6000 4187.3935546875 -10000 0 
56 4000 1232.734781901042 -6000.000000000001 0 
57 4000 4321.91233166376 -6000 0 
58 4000.000000000001 1395.7978515625 -6000.000000000002 0 
59 4000.000000000001 4729.131184895833 -6000.000000000002 0 
60 4000.000000000001 9902 -6000 0 
61 4000 7236.068083905835 -6000 0 
62 1000 1.218036766283473e-13 8.366586232416012e-14 0 
63 1000 10000 3.092440041020661e-14 0 
64 1000 5867.86376953125 -2.220446049250313e-13 0 
2 -1e-07 -9.999985195463523e-08 -1e-07 1e-07 10000.0000001 1e-07 0 2 1 -3 
4 -1e-07 -9.999985195463523e-08 -10000.0000001 1e-07 10000.0000001 -9999.999999899999 0 2 2 -4 
6 9999.999999899999 -9.999985195463523e-08 -1e-07 10000.0000001 10000.0000001 1e-07 0 2 5 -7 
8 9999.999999899999 -9.999985195463523e-08 -10000.0000001 10000.0000001 10000.0000001 -9999.999999899999 0 2 6 -8 
14 -9.999996564147295e-08 -9.999990879805409e-08 -6000.0000001 1424.50146494375 1000.0000001 -5999.9999999 0 2 10 -11 
25 7509.999999899999 -1.000005340756616e-07 -6000.000000100001 10000.0000001 2490.0000001 -5999.999999899999 0 2 15 -16 
26 7509.9999999 -1e-07 -6000.0000001 10000.0000001 1.000000177635684e-07 -5999.9999999 0 2 16 -17 
27 9999.999999899999 -1.000000793283107e-07 -6000.0000001 10000.0000001 2490.0000001 -5999.9999999 0 2 17 -15 
38 4999.9999999 5999.9999999 -6000.0000001 5000.0000001 10000.0000001 -5999.9999999 0 2 9 -20 
40 -1e-07 -1e-07 -10000.0000001 1e-07 1e-07 -5999.9999999 0 2 2 -21 
41 -1e-07 -9.999996564147295e-08 -6000.0000001 1.000004307665336e-07 1000.0000001 -5999.9999999 0 2 10 -21 
42 -1e-07 999.9999998999997 -6000.0000001 1.000004307665336e-07 6000.0000001 -5999.9999999 0 2 22 -10 
43 -1e-07 5999.9999999 -6000.0000001 1.000004307665336e-07 9510.000000100001 -5999.9999999 0 2 19 -22 
44 -1e-07 9509.999999899999 -6000.0000001 1.000004307665336e-07 10000.0000001 -5999.9999999 0 2 23 -19 
45 -1e-07 9999.999999899999 -10000.0000001 1e-07 10000.0000001 -5999.9999999 0 2 4 -23 
46 9999.999999899999 -1e-07 -10000.0000001 10000.0000001 1e-07 -5999.9999999 0 2 6 -17 
47 4999.9999999 -1.000000471382193e-07 -6000.0000001 7510.0000001 1.000000310399854e-07 -5999.9999999 0 2 24 -16 
49 -9.999996564147295e-08 -1e-07 -6000.0000001 1424.50146494375 1.000003508304758e-07 -5999.9999999 0 2 21 -11 
50 9999.999999899999 9999.999999899999 -10000.0000001 10000.0000001 10000.0000001 -5999.9999999 0 2 8 -25 
51 8999.999999899999 9999.999999899999 -6000.0000001 10000.0000001 10000.0000001 -5999.9999999 0 2 25 -26 
52 4999.9999999 9999.999999899999 -6000.0000001 9000.000000100001 10000.0000001 -5999.9999999 0 2 26 -20 
54 -9.999976668950694e-08 9999.999999899999 -6000.0000001 490.0000001 10000.0000001 -5999.9999999 0 2 27 -23 
55 9999.999999899999 2489.9999999 -6000.0000001 10000.0000001 6000.0000001 -5999.9999999 0 2 15 -28 
56 9999.999999899999 5999.9999999 -6000.0000001 10000.0000001 10000.0000001 -5999.9999999 0 2 28 -25 
57 -1e-07 -1e-07 -6000.0000001 1e-07 1e-07 9.999985195463523e-08 0 2 21 -1 
58 -1e-07 9999.999999899999 -6000.0000001 1e-07 10000.0000001 9.999985195463523e-08 0 2 23 -3 
59 9999.999999899999 -1e-07 -6000.0000001 10000.0000001 1e-07 9.999985195463523e-08 0 2 17 -5 
60 9999.999999899999 9999.999999899999 -6000.0000001 10000.0000001 10000.0000001 9.999985195463523e-08 0 2 25 -7 
61 4999.9999999 -9.999985195463523e-08 -6000.0000001 5000.0000001 6000.0000001 -5999.9999999 0 2 24 -9 
63 4999.999999899998 2489.999999899998 -6000.000000100002 10000.0000001 6000.000000100002 -5999.999999899998 0 2 15 -9 
64 4999.999999899999 -1.000009888230124e-07 -6000.000000100001 10000.0000001 2490.000000100001 -5999.999999899999 0 2 24 -15 
65 4999.9999999 5999.9999999 -6000.0000001 10000.0000001 6000.0000001 -5999.9999999 0 2 28 -9 
66 -1.000000509066012e-07 9509.999999899999 -6000.000000100001 490.0000001000004 10000.0000001 -5999.999999899999 0 2 27 -19 
67 4999.999999899997 5999.999999899997 -6000.000000100003 10000.0000001 10000.0000001 -5999.999999899997 0 2 25 -9 
68 4999.999999899997 5999.999999899997 -6000.000000100003 9000.000000100003 10000.0000001 -5999.999999899997 0 2 26 -9 
69 2999.9999999 -1.00000761449337e-07 -4000.0000001 3000.0000001 5000.000000100001 -3999.9999999 0 2 29 -30 
70 999.9999998999987 527.8641356421863 -4000.000000100001 3000.000000100001 5000.000000100002 1.000014435703633e-07 0 2 30 -31 
71 999.999999899999 -1.000012730401068e-07 -4000.000000100001 3000.000000100001 527.8641358421885 1.000012161966879e-07 0 2 31 -29 
75 999.9999998999994 4999.999999899999 -4000.000000100001 3000.000000100001 5000.000000100001 1.000005340756616e-07 0 2 30 -33 
76 999.9999998999998 1666.666625876562 -1.000004440892098e-07 1000.0000001 5000.0000001 1e-07 0 2 33 -34 
77 999.999999899999 1666.666625876562 -4000.000000100001 3000.000000100001 5000.000000100001 1.00000761449337e-07 0 2 34 -30 
81 4346.11279286875 -1.000004141131882e-07 -10000.0000001 6000.0000001 1e-07 -6692.2255858375 0 2 35 -36 
82 5999.9999999 -1.000003067019861e-07 -10000.0000001 6000.0000001 3698.204345803125 -9999.999999899999 0 2 36 -37 
83 4346.112792868749 -1.000012161966879e-07 -10000.0000001 6000.000000100001 3698.204345803126 -6692.225585837499 0 2 37 -35 
96 2999.9999999 4999.9999999 -4000.0000001 3000.0000001 10000.0000001 -3999.9999999 0 2 30 -40 
97 999.9999998999981 7534.530761618748 -4000.000000100002 3000.000000100002 10000.0000001 1.000016709440388e-07 0 2 40 -41 
98 999.9999998999989 4999.999999899999 -4000.000000100002 3000.000000100001 7534.530761818751 1.00000761449337e-07 0 2 41 -30 
102 1653.887084860937 9999.999999899999 -4000.0000001 3000.0000001 10000.0000001 -1307.774169821875 0 2 40 -43 
103 999.9999998999995 8537.864257712499 -1307.774170021876 1653.887085060938 10000.0000001 1.000005340756616e-07 0 2 43 -44 
104 999.9999998999981 8537.864257712497 -4000.000000100002 3000.000000100002 10000.0000001 1.000018983177142e-07 0 2 44 -40 
105 3999.9999999 -1.000004141131882e-07 -6692.2255860375 4346.11279306875 1e-07 -5999.9999999 0 2 45 -35 
106 1424.50146474375 -1.0000012764885e-07 -6000.0000001 4000.0000001 1.000003341308711e-07 -5999.9999999 0 2 11 -45 
107 -9.999985195463523e-08 -1e-07 -10000.0000001 6000.0000001 1e-07 -9999.999999899999 0 2 2 -36 
108 3999.999999849999 4999.99999985 -6000.000000149998 4000.000000149999 6000.00000015 -5999.999999849998 0 2 46 -47 
109 -1.000012161966879e-07 999.9999998999988 -6000.000000100002 4000.000000100001 5000.000000100002 -5999.999999899998 0 2 46 -10 
110 -1.000000793283107e-07 5999.9999999 -6000.0000001 4000.000000099999 6000.0000001 -5999.9999999 0 2 47 -22 
111 -1.000005340756616e-07 6701.999999899999 -6000.000000100001 4000.0000001 9510.000000100001 -5999.999999899999 0 2 19 -48 
112 3999.99999985 6395.7978514125 -6000.00000015 4000.00000015 6702.00000015 -5999.99999985 0 2 49 -48 
113 3999.999999849999 5999.99999985 -6000.00000015 4000.000000149999 6395.7978517125 -5999.99999985 0 2 47 -49 
114 5236.06787099375 9999.999999899999 -10000.0000001 6000.0000001 10000.0000001 -8472.135742087499 0 2 50 -51 
115 3999.9999999 9999.999999899999 -8472.135742287501 5236.06787119375 10000.0000001 -5999.9999999 0 2 51 -52 
116 489.9999998999999 9999.999999899999 -6000.0000001 4000.0000001 10000.0000001 -5999.9999999 0 2 52 -27 
117 -9.999985195463523e-08 9999.999999899999 -10000.0000001 6000.0000001 10000.0000001 -9999.999999899999 0 2 4 -50 
118 5999.9999999 9187.393554587499 -10000.0000001 6000.0000001 10000.0000001 -9999.999999899999 0 2 53 -50 
119 5999.9999999 4999.9999999 -10000.0000001 6000.0000001 9187.393554787501 -9999.999999899999 0 2 54 -53 
120 5999.9999999 4187.3935545875 -10000.0000001 6000.0000001 5000.0000001 -9999.999999899999 0 2 55 -54 
121 5999.9999999 3698.204345603125 -10000.0000001 6000.0000001 4187.3935547875 -9999.999999899999 0 2 37 -55 
122 3999.99999985 -1.500000053056283e-07 -6000.000000150001 4000.000000150001 1232.734782051042 -5999.999999850001 0 2 45 -56 
123 3999.999999899998 1232.73478180104 -10000.0000001 6000.000000100002 3698.204345803127 -5999.999999899998 0 2 37 -56 
124 1424.501464743749 -1.00000761449337e-07 -6000.000000100001 4000.000000100002 4321.91233176376 -5999.999999899999 0 2 11 -57 
125 3999.999999850001 1395.7978514125 -6000.000000150001 4000.000000150001 4321.91233181376 -5999.999999850001 0 2 58 -57 
126 3999.999999849999 1232.734781751042 -6000.000000150001 4000.000000150001 1395.7978517125 -5999.999999850001 0 2 56 -58 
127 3999.99999985 4729.131184745833 -6000.000000150001 4000.00000015 5000.00000015 -5999.999999850001 0 2 59 -46 
128 3999.999999850001 4321.912331513759 -6000.000000150001 4000.000000150001 4729.131185045833 -5999.999999850001 0 2 57 -59 
129 3999.999999899997 6395.797851462497 -10000.0000001 6000.000000100003 9187.393554787503 -5999.999999899997 0 2 53 -49 
130 3999.999999899998 4999.999999899998 -10000.0000001 6000.000000100002 5000.000000100002 -5999.999999899998 0 2 54 -46 
131 -1.000005340756616e-07 9509.999999899999 -6000.000000100001 4000.000000100001 9902.000000100001 -5999.999999899999 0 2 60 -19 
132 3999.99999985 7236.068083755835 -6000.00000015 4000.000000150001 9902.000000149999 -5999.99999985 0 2 61 -60 
133 3999.999999849998 6701.99999985 -6000.00000015 4000.000000149999 7236.068084055835 -5999.99999985 0 2 48 -61 
134 5236.06787099375 9187.393554587499 -10000.0000001 6000.0000001 10000.0000001 -8472.135742087499 0 2 53 -51 
135 3999.999999899997 7236.068083805832 -8472.135742287503 5236.067871193753 10000.0000001 -5999.999999899997 0 2 51 -61 
136 3999.999999850001 9901.999999850001 -6000.000000149999 4000.000000150001 10000.00000015 -5999.999999849999 0 2 60 -52 
137 3999.9999999 4187.393554587498 -10000.0000001 6000.000000100002 4729.131184995835 -5999.9999999 0 2 55 -59 
138 3999.9999999 1395.7978514625 -10000.0000001 6000.000000100002 4187.393554787502 -5999.9999999 0 2 58 -55 
139 3999.9999999 -1.000001836956513e-07 -6000.0000001 5000.0000001 1.000001897824165e-07 -5999.9999999 0 2 45 -24 
140 5999.9999999 -1e-07 -10000.0000001 10000.0000001 1e-07 -9999.999999899999 0 2 36 -6 
141 3999.999999899999 4321.912331563759 -6000.000000100001 5000.000000100001 6000.000000100001 -5999.999999899999 0 2 57 -9 
142 5999.9999999 9999.999999899999 -10000.0000001 10000.0000001 10000.0000001 -9999.999999899999 0 2 50 -8 
143 3999.9999999 9999.999999899999 -6000.0000001 5000.0000001 10000.0000001 -5999.9999999 0 2 20 -52 
144 3999.999999899999 4999.999999899998 -6000.000000100002 5000.000000100002 6000.000000100002 -5999.999999899998 0 2 9 -46 
145 3999.999999900001 9901.999999899999 -6000.000000100001 5000.000000100001 10000.0000001 -5999.999999899999 0 2 20 -60 
146 3999.999999899999 5999.9999999 -6000.0000001 5000.0000001 6000.0000001 -5999.9999999 0 2 9 -47 
147 3999.999999899998 5999.999999899999 -6000.000000100001 5000.000000100001 6702.000000100001 -5999.999999899999 0 2 48 -9 
148 -1.000000224848918e-07 -1e-07 -1e-07 1000.0000001 1e-07 1e-07 0 2 1 -62 
149 2999.9999999 -1.000004141131882e-07 -6000.0000001 4000.0000001 1e-07 -3999.9999999 0 2 29 -45 
150 999.9999998999998 -1.000003867081656e-07 -4000.0000001 3000.0000001 1.000003014552482e-07 1.000003067019861e-07 0 2 62 -29 
151 -1.000000224848918e-07 9999.999999899999 -1e-07 1000.0000001 10000.0000001 1e-07 0 2 3 -63 
152 999.9999998999999 8537.864257712499 -1e-07 1000.0000001 10000.0000001 1.000000618488008e-07 0 2 63 -44 
153 999.9999998999998 7534.53076161875 -1.000004230084594e-07 1000.0000001 8537.864257912501 1.000002318882549e-07 0 2 44 -41 
154 999.9999998999998 5867.86376943125 -1.000004440892098e-07 1000.0000001 7534.53076181875 1e-07 0 2 41 -64 
155 999.9999998999998 4999.9999999 -1.000004440892098e-07 1000.0000001 5867.86376963125 1e-07 0 2 64 -33 
156 999.9999998999998 527.8641356421873 -1.000004186133376e-07 1000.0000001 1666.666626076563 1.00000280234595e-07 0 2 34 -31 
157 999.9999998999999 -9.999996564147295e-08 -1e-07 1000.0000001 527.8641358421876 1.000001673317246e-07 0 2 31 -62 
158 2999.9999999 9999.999999899999 -6000.0000001 4000.0000001 10000.0000001 -3999.9999999 0 2 52 -40 
159 999.9999999 9999.999999899999 -1307.774170021875 1653.887085060938 10000.0000001 9.999996564147295e-08 0 2 43 -63 
160 2999.999999899999 -1.000012161966879e-07 -6000.000000100001 4000.000000100001 1232.734782001043 -3999.999999899999 0 2 56 -29 
161 2999.999999899999 4999.999999899999 -6000.000000100001 4000.000000100001 7236.068084005836 -3999.999999899999 0 2 61 -30 
162 2999.999999899999 4999.999999899999 -6000.000000100001 4000.000000100001 6395.797851662501 -3999.999999899999 0 2 49 -30 
163 2999.9999999 4999.9999999 -6000.0000001 4000.0000001 5000.0000001 -3999.9999999 0 2 46 -30 
164 2999.9999999 4729.131184795833 -6000.000000100002 4000.000000100001 5000.0000001 -3999.9999999 0 2 59 -30 
165 2999.999999899999 -1.000013298835256e-07 -6000.000000100003 4000.000000100002 1395.797851662502 -3999.999999899999 0 2 29 -58 
166 999.9999999000001 -1e-07 -1e-07 10000.0000001 1e-07 1e-07 0 2 62 -5 
167 999.9999999000001 9999.999999899999 -1e-07 10000.0000001 10000.0000001 1e-07 0 2 63 -7 
168 999.999999899999 4999.999999899999 -4000.000000100001 3000.000000100001 5867.863769631251 1.00000761449337e-07 0 2 64 -30 
9 -9.999996564147295e-08 -1.000000224848918e-07 -6000.0000001 1424.50146494375 1000.0000001 -5999.9999999 1 9 3 41 49 -14 
11 7509.999999899999 -1.000005340756616e-07 -6000.000000100001 10000.0000001 2490.0000001 -5999.999999899999 1 11 3 25 26 27 
12 4999.999999899998 -1.000021256913897e-07 -6000.000000100002 10000.0000001 6000.000000100002 -5999.999999899998 1 12 3 63 -61 64 
13 4999.999999899999 -1.000009888230124e-07 -6000.000000100001 10000.0000001 2490.000000100001 -5999.999999899999 1 13 3 47 -25 -64 
14 4999.999999899998 2489.999999899998 -6000.000000100002 10000.0000001 6000.000000100002 -5999.999999899998 1 14 3 55 65 -63 
18 -1.000001361717295e-07 9509.999999899999 -6000.000000100001 490.0000001000004 10000.0000001 -5999.999999899999 1 18 3 -66 54 44 
19 4999.999999899997 5999.999999899997 -6000.000000100003 10000.0000001 10000.0000001 -5999.999999899997 1 19 3 -65 56 67 
20 4999.999999899997 5999.999999899997 -6000.000000100003 10000.0000001 10000.0000001 -5999.999999899997 1 20 3 51 68 -67 
21 4999.999999899997 5999.999999899997 -6000.000000100003 9000.000000100003 10000.0000001 -5999.999999899997 1 21 3 -68 52 -38 
22 -1.000002153832668e-07 -9.999985195463523e-08 -10000.0000001 1.000004307665336e-07 10000.0000001 -5999.9999999 1 22 7 -40 4 45 44 43 42 41 
25 9999.999999899999 -9.999985195463523e-08 -10000.0000001 10000.0000001 10000.0000001 -5999.9999999 1 25 6 -46 8 50 -56 -55 -27 
26 -1.000002153832668e-07 -9.999985195463523e-08 -6000.0000001 1.000004307665336e-07 10000.0000001 1.000003067019861e-07 1 26 7 -57 -41 -42 -43 -44 58 -2 
29 9999.999999899999 -9.999985195463523e-08 -6000.0000001 10000.0000001 10000.0000001 9.999985195463523e-08 1 29 6 -59 27 55 56 60 -6 
30 999.9999998999987 -1.000016709440388e-07 -4000.000000100001 3000.000000100001 5000.000000100002 1.000014435703633e-07 1 30 3 69 70 71 
31 999.999999899999 -1.000012730401068e-07 -4000.000000100001 3000.000000100001 527.8641358421885 1.000012161966879e-07 1 31 3 157 150 -71 
32 999.999999899999 1666.666625876562 -4000.000000100001 3000.000000100001 5000.000000100001 1.000009888230124e-07 1 32 3 75 76 77 
33 999.9999998999987 527.8641356421863 -4000.000000100001 3000.000000100001 5000.000000100002 1.000014435703633e-07 1 33 3 -77 156 -70 
34 4346.112792868749 -1.000014435703633e-07 -10000.0000001 6000.000000100001 3698.204345803126 -6692.225585837499 1 34 3 81 82 83 
39 999.9999998999979 4999.999999899998 -4000.000000100003 3000.000000100002 10000.0000001 1.000018983177142e-07 1 39 3 96 97 98 
40 999.9999998999989 4999.999999899999 -4000.000000100002 3000.000000100001 7534.530761818751 1.00000761449337e-07 1 40 3 154 168 -98 
41 999.9999998999981 8537.864257712497 -4000.000000100002 3000.000000100002 10000.0000001 1.000018983177142e-07 1 41 3 102 103 104 
42 999.9999998999979 7534.530761618748 -4000.000000100002 3000.000000100002 10000.0000001 1.000021256913897e-07 1 42 3 153 -97 -104 
43 999.999999899999 4999.999999899999 -4000.000000100001 3000.000000100001 5867.863769631251 1.000009888230124e-07 1 43 3 -168 155 -75 
44 999.9999998999995 8537.864257712499 -1307.774170021876 1653.887085060938 10000.0000001 1.000005340756616e-07 1 44 3 159 152 -103 
47 5236.06787099375 9187.393554587499 -10000.0000001 6000.0000001 10000.0000001 -8472.135742087499 1 47 3 118 114 -134 
48 -1.000003067019861e-07 -1.000004141131882e-07 -10000.0000001 6000.0000001 1.00000382471832e-07 -5999.9999999 1 48 6 81 -107 40 49 106 105 
49 -1.500000053056283e-07 999.9999998499998 -6000.00000015 4000.00000015 6000.00000015 -5999.999999849998 1 49 4 108 110 42 -109 
50 -1.500000053056283e-07 5999.99999985 -6000.00000015 4000.00000015 9510.000000149999 -5999.99999985 1 50 5 -111 43 -110 113 112 
51 -9.999985195463523e-08 9999.999999899999 -10000.0000001 6000.0000001 10000.0000001 -5999.9999999 1 51 6 -114 -117 45 -54 -116 -115 
52 -9.999985195463523e-08 -9.999985195463523e-08 -10000.0000001 6000.0000001 10000.0000001 -9999.999999899999 1 52 8 -117 -4 107 82 121 120 119 118 
53 3999.99999985 -1.500002326793037e-07 -10000.00000015 6000.00000015 3698.204345853125 -5999.99999985 1 53 4 -122 105 -83 123 
54 1424.50146469375 -1.499997779319528e-07 -6000.000000150001 4000.000000150001 4321.91233181376 -5999.99999985 1 54 5 -124 106 122 126 125 
55 -1.500000053056283e-07 -1.499997779319528e-07 -6000.000000150001 4000.000000150001 5000.00000015 -5999.99999985 1 55 5 127 109 14 124 128 
56 3999.999999849999 4999.99999985 -10000.00000015 6000.00000015 9187.393554837499 -5999.999999849998 1 56 5 -108 -130 119 129 -113 
57 -1.500000053056283e-07 6701.99999985 -6000.00000015 4000.000000150001 9902.000000149999 -5999.99999985 1 57 4 131 111 133 132 
58 3999.999999849998 6395.7978514125 -10000.00000015 6000.00000015 10000.00000015 -5999.99999985 1 58 5 134 135 -133 -112 -129 
59 -1.500000053056283e-07 9509.999999850001 -6000.00000015 4000.000000150001 10000.00000015 -5999.999999849999 1 59 4 136 116 66 -131 
60 3999.99999985 7236.068083755835 -8472.135742337499 5236.06787124375 10000.00000015 -5999.999999849999 1 60 4 -132 -135 115 -136 
61 3999.99999985 4187.3935545375 -10000.00000015 6000.00000015 5000.00000015 -5999.99999985 1 61 4 -137 120 130 -127 
62 3999.999999849999 1232.734781751042 -10000.00000015 6000.00000015 4187.3935548375 -5999.99999985 1 62 4 -123 121 -138 -126 
63 3999.999999850001 1395.7978514125 -10000.00000015 6000.00000015 4729.131185045833 -5999.999999850001 1 63 4 -125 138 137 -128 
64 3999.9999999 -1.000004141131882e-07 -10000.0000001 10000.0000001 1.000002381233773e-07 -5999.9999999 1 64 7 -46 -140 -81 -105 139 47 26 
65 3999.999999849999 -1.500002326793037e-07 -6000.000000150001 5000.00000015 6000.00000015 -5999.99999985 1 65 6 -122 139 61 -141 -125 -126 
66 5999.9999999 -9.999985195463523e-08 -10000.0000001 10000.0000001 10000.0000001 -9999.999999899999 1 66 8 -142 -118 -119 -120 -121 -82 140 8 
67 3999.9999999 9999.999999899999 -10000.0000001 10000.0000001 10000.0000001 -5999.9999999 1 67 7 -50 -142 114 115 -143 -52 -51 
68 3999.99999985 4321.912331513759 -6000.000000150001 5000.00000015 6000.00000015 -5999.99999985 1 68 4 141 144 -127 -128 
69 3999.99999985 9901.999999850001 -6000.00000015 5000.00000015 10000.00000015 -5999.999999849999 1 69 3 -145 143 -136 
70 3999.999999849999 4999.99999985 -6000.00000015 5000.00000015 6000.00000015 -5999.999999849998 1 70 3 -144 146 -108 
71 3999.999999849999 5999.99999985 -6000.00000015 5000.00000015 6702.00000015 -5999.99999985 1 71 4 -147 -112 -113 -146 
72 3999.999999849998 5999.99999985 -6000.00000015 5000.00000015 10000.00000015 -5999.99999985 1 72 5 -133 147 38 145 -132 
73 -1.000003067019861e-07 -1.000004141131882e-07 -6000.0000001 4000.0000001 1.00000382471832e-07 1.000003067019861e-07 1 73 6 148 150 149 -106 -49 57 
74 -1.000002498585673e-07 -9.999985195463523e-08 -1.000004440892098e-07 1000.0000001 10000.0000001 1.000003057104672e-07 1 74 10 -151 -2 148 -157 -156 -76 -155 -154 -153 -152 
75 -1.000000793283107e-07 9999.999999899999 -6000.0000001 4000.0000001 10000.0000001 9.999985195463523e-08 1 75 7 151 -159 -102 -158 116 54 58 
76 2999.99999985 -1.500002326793037e-07 -6000.000000150001 4000.000000150001 1232.734782051042 -3999.99999985 1 76 3 160 149 122 
77 2999.99999985 4999.99999985 -6000.00000015 4000.000000150001 10000.00000015 -3999.99999985 1 77 5 -161 132 136 158 -96 
78 2999.99999985 4999.99999985 -6000.00000015 4000.00000015 7236.068084055835 -3999.99999985 1 78 4 133 161 -162 112 
79 2999.99999985 4999.99999985 -6000.00000015 4000.00000015 6395.7978517125 -3999.99999985 1 79 4 -163 108 113 162 
80 2999.99999985 -1.500002326793037e-07 -6000.000000150002 4000.000000150001 5000.00000015 -3999.99999985 1 80 5 -69 165 125 128 164 
81 2999.99999985 -1.500002326793037e-07 -6000.000000150002 4000.000000150001 1395.797851712501 -3999.99999985 1 81 3 -160 126 -165 
82 2999.99999985 4729.131184745833 -6000.000000150002 4000.000000150001 5000.00000015 -3999.99999985 1 82 3 -164 127 163 
83 999.9999999000001 -1.000004141131882e-07 -6000.0000001 10000.0000001 1.000003288602707e-07 1.000003067019861e-07 1 83 7 -59 -26 -47 -139 -149 -150 166 
84 999.9999999000001 -9.999985195463523e-08 -1.000004440892098e-07 10000.0000001 10000.0000001 1.000003057104672e-07 1 84 10 -167 152 153 154 155 76 156 157 166 6 
85 999.9999999000001 9999.999999899999 -6000.0000001 10000.0000001 10000.0000001 9.999985195463523e-08 1 85 8 -60 51 52 143 158 102 159 167 
1 -1.499997779319528e-07 -1.500002326793037e-07 -10000.00000015 6000.00000015 10000.00000015 -5999.999999849998 1 1 21 -22 -48 9 49 50 18 51 -52 34 53 54 55 56 57 58 59 47 60 61 62 63 
2 3999.999999849998 -1.500002326793037e-07 -10000.00000015 10000.00000015 10000.00000015 -5999.999999849998 1 2 26 -64 25 11 13 65 -53 -34 -66 14 19 67 12 -62 -63 68 -61 -56 -47 20 21 69 -60 70 71 -58 72 
3 -1.500000053056283e-07 -1.500002326793037e-07 -6000.000000150002 4000.000000150001 10000.00000015 1.500002326793037e-07 1 3 29 -26 -73 74 75 -18 -50 -49 -9 -54 76 31 44 42 40 43 32 33 -59 77 41 -57 78 79 -55 80 81 30 39 82 
4 999.9999998499998 -1.500002326793037e-07 -6000.000000150002 10000.00000015 10000.00000015 1.500002326793037e-07 1 4 34 -83 29 84 -31 -76 -65 -13 -11 85 -19 -14 -33 -32 -43 -40 -42 -44 -30 -81 -80 -68 -12 -41 -77 -69 -21 -20 -39 -82 -70 -78 -72 -79 -71 
$EndEntities
$Nodes
211 1218 1 1218
0 1 0 1
1
0 0 0
0 2 0 1
2
0 0 -10000
0 3 0 1
3
0 10000 0
0 4 0 1
4
0 10000 -10000
0 5 0 1
5
10000 0 0
0 6 0 1
6
10000 0 -10000
0 7 0 1
7
10000 10000 0
0 8 0 1
8
10000 10000 -10000
0 9 0 1
9
5000 6000 -6000
0 10 0 1
10
2.153832667772804e-13 1000 -6000
0 11 0 1
11
1424.50146484375 1.754152378907747e-13 -6000
0 15 0 1
12
10000 2490 -6000
0 16 0 1
13
7510 8.881784197001252e-15 -6000
0 17 0 1
14
10000 8.881784197001252e-15 -6000
0 19 0 1
15
2.153832667772804e-13 9510 -6000
0 20 0 1
16
5000 10000 -6000
0 21 0 1
17
2.153832667772804e-13 1.754152378907747e-13 -6000
0 22 0 1
18
2.153832667772804e-13 6000 -6000
0 23 0 1
19
2.153832667772804e-13 10000 -6000
0 24 0 1
20
5000 -2.498001805406602e-14 -6000
0 25 0 1
21
10000 10000 -6000
0 26 0 1
22
9000 10000 -6000
0 27 0 1
23
490 10000 -6000
0 28 0 1
24
10000 6000 -6000
0 29 0 1
25
3000 -2.070565940925917e-13 -4000
0 30 0 1
26
3000 5000 -4000
0 31 0 1
27
1000 527.8641357421875 8.366586232416012e-14
0 33 0 1
28
1000 5000 -2.220446049250313e-13
0 34 0 1
29
1000 1666.666625976562 -2.220446049250313e-13
0 35 0 1
30
4346.11279296875 -2.070565940925917e-13 -6692.2255859375
0 36 0 1
31
6000 -2.070565940925917e-13 -10000
0 37 0 1
32
6000 3698.204345703125 -10000
0 40 0 1
33
3000 10000 -4000
0 41 0 1
34
1000 7534.53076171875 -2.220446049250313e-13
0 43 0 1
35
1653.887084960938 10000 -1307.774169921875
0 44 0 1
36
1000 8537.8642578125 3.092440041020661e-14
0 45 0 1
37
4000 -8.799490542381867e-14 -6000
0 46 0 1
38
4000 5000 -6000
0 47 0 1
39
3999.999999999999 6000 -6000
0 48 0 1
40
3999.999999999999 6702 -6000
0 49 0 1
41
4000 6395.7978515625 -6000
0 50 0 1
42
6000 10000 -10000
0 51 0 1
43
5236.06787109375 10000 -8472.1357421875
0 52 0 1
44
4000 10000 -6000
0 53 0 1
45
6000 9187.3935546875 -10000
0 54 0 1
46
6000 5000 -10000
0 55 0 1
47
6000 4187.3935546875 -10000
0 56 0 1
48
4000 1232.734781901042 -6000.000000000001
0 57 0 1
49
4000 4321.91233166376 -6000
0 58 0 1
50
4000.000000000001 1395.7978515625 -6000.000000000002
0 59 0 1
51
4000.000000000001 4729.131184895833 -6000.000000000002
0 60 0 1
52
4000.000000000001 9902 -6000
0 61 0 1
53
4000 7236.068083905835 -6000
0 62 0 1
54
1000 1.218036766283473e-13 8.366586232416012e-14
0 63 0 1
55
1000 10000 3.092440041020661e-14
0 64 0 1
56
1000 5867.86376953125 -2.220446049250313e-13
1 2 0 9
57
58
59
60
61
62
63
64
65
0 1000 0
0 2000 0
0 3000 0
0 4000 0
0 5000 0
0 6000 0
0 7000 0
0 8000 0
0 9000 0
1 4 0 9
66
67
68
69
70
71
72
73
74
0 1000 -10000
0 2000 -10000
0 3000 -10000
0 4000 -10000
0 5000 -10000
0 6000 -10000
0 7000 -10000
0 8000 -10000
0 9000 -10000
1 6 0 9
75
76
77
78
79
80
81
82
83
10000 1000 0
10000 2000 0
10000 3000 0
10000 4000 0
10000 5000 0
10000 6000 0
10000 7000 0
10000 8000 0
10000 9000 0
1 8 0 9
84
85
86
87
88
89
90
91
92
10000 1000 -10000
10000 2000 -10000
10000 3000 -10000
10000 4000 -10000
10000 5000 -10000
10000 6000 -10000
10000 7000 -10000
10000 8000 -10000
10000 9000 -10000
1 14 0 1
93
712.250732421873 500.0000000000016 -6000
1 25 0 3
94
95
96
9377.499999999998 1867.499999999998 -6000
8754.999999999996 1244.999999999996 -6000
8132.499999999997 622.499999999997 -6000
1 26 0 2
97
98
8340.000000000002 8.881784197001252e-15 -6000
9170.000000000002 8.881784197001252e-15 -6000
1 27 0 2
99
100
10000 830.0000000000019 -6000
10000 1660.000000000001 -6000
1 38 0 3
101
102
103
5000 7000 -6000
5000 8000 -6000
5000 9000 -6000
1 40 0 3
104
105
106
0 0 -9000
0 0 -8000
0 0 -7000
1 42 0 4
107
108
109
110
2.153832667772804e-13 5000 -6000
2.153832667772804e-13 4000 -6000
2.153832667772804e-13 3000 -6000
2.153832667772804e-13 2000 -6000
1 43 0 3
111
112
113
2.153832667772804e-13 8632.500000000002 -6000
2.153832667772804e-13 7755.000000000002 -6000
2.153832667772804e-13 6877.500000000001 -6000
1 45 0 3
114
115
116
0 10000 -9000
0 10000 -8000
0 10000 -7000
1 46 0 3
117
118
119
10000 0 -9000
10000 0 -8000
10000 0 -7000
1 47 0 2
120
121
5836.666666666664 -1.369275063704363e-14 -6000
6673.333333333332 -2.40548322002119e-15 -6000
1 49 0 1
122
712.250732421876 1.754152378907747e-13 -6000
1 50 0 3
123
124
125
10000 10000 -9000
10000 10000 -8000
10000 10000 -7000
1 52 0 3
126
127
128
8000 10000 -6000
7000 10000 -6000
6000 10000 -6000
1 55 0 3
129
130
131
10000 3367.499999999998 -6000
10000 4244.999999999998 -6000
10000 5122.499999999999 -6000
1 56 0 3
132
133
134
10000 7000 -6000
10000 8000 -6000
10000 9000 -6000
1 57 0 5
135
136
137
138
139
0 0 -5000
0 0 -4000
0 0 -3000
0 0 -2000
0 0 -1000
1 58 0 5
140
141
142
143
144
0 10000 -5000
0 10000 -4000
0 10000 -3000
0 10000 -2000
0 10000 -1000
1 59 0 5
145
146
147
148
149
10000 0 -5000
10000 0 -4000
10000 0 -3000
10000 0 -2000
10000 0 -1000
1 60 0 5
150
151
152
153
154
10000 10000 -5000
10000 10000 -4000
10000 10000 -3000
10000 10000 -2000
10000 10000 -1000
1 61 0 5
155
156
157
158
159
5000 1000 -6000
5000 2000 -6000
5000 3000 -6000
5000 4000 -6000
5000 5000 -6000
1 63 0 6
160
161
162
163
164
165
9285.714285714286 2991.428571428572 -6000
8571.428571428571 3492.857142857143 -6000
7857.142857142857 3994.285714285715 -6000
7142.857142857142 4495.714285714286 -6000
6428.571428571429 4997.142857142857 -6000
5714.285714285715 5498.571428571429 -6000
1 64 0 5
166
167
168
169
170
5833.333333333334 415.0000000000002 -6000
6666.666666666667 830.0000000000001 -6000
7500 1245 -6000
8333.333333333332 1660 -6000
9166.666666666668 2075 -6000
1 65 0 4
171
172
173
174
9000 6000 -6000
8000 6000 -6000
7000 6000 -6000
6000 6000 -6000
1 67 0 6
175
176
177
178
179
180
9285.714285714286 9428.571428571428 -6000
8571.428571428571 8857.142857142857 -6000
7857.142857142857 8285.714285714286 -6000
7142.857142857143 7714.285714285714 -6000
6428.571428571428 7142.857142857143 -6000
5714.285714285714 6571.428571428571 -6000
1 68 0 5
181
182
183
184
185
8333.333333333332 9333.333333333332 -6000
7666.666666666662 8666.666666666662 -6000
6999.999999999996 7999.999999999996 -6000
6333.333333333332 7333.333333333332 -6000
5666.666666666666 6666.666666666666 -6000
1 69 0 4
186
187
188
189
3000 999.9999999999998 -4000
3000 2000 -4000
3000 3000 -4000
3000 4000 -4000
1 70 0 6
190
191
192
193
194
195
2714.285714285715 4361.12344796317 -3428.571428571429
2428.571428571429 3722.24689592634 -2857.142857142858
2142.857142857144 3083.370343889512 -2285.714285714289
1857.14285714286 2444.493791852685 -1714.28571428572
1571.428571428574 1805.617239815854 -1142.857142857148
1285.714285714287 1166.740687779021 -571.4285714285738
1 71 0 4
196
197
198
199
1400.000000000001 422.2913085937498 -800.0000000000013
1800 316.7184814453123 -1600.000000000001
2200 211.1456542968748 -2400
2600 105.5728271484373 -3200
1 75 0 4
200
201
202
203
2600 5000 -3200.000000000001
2200.000000000001 5000 -2400.000000000002
1800.000000000002 5000 -1600.000000000003
1400.000000000002 5000 -800.0000000000041
1 76 0 3
204
205
206
1000 4166.666656494142 -2.220446049250313e-13
1000 3333.333312988283 -2.220446049250313e-13
1000 2499.999969482423 -2.220446049250313e-13
1 77 0 5
207
208
209
210
211
1333.333333333333 2222.222188313801 -666.6666666666662
1666.666666666665 2777.777750651039 -1333.333333333331
1999.999999999999 3333.333312988279 -1999.999999999998
2333.333333333333 3888.88887532552 -2666.666666666666
2666.666666666666 4444.44443766276 -3333.333333333333
1 81 0 3
212
213
214
4759.584594726562 -2.070565940925917e-13 -7519.169189453124
5173.056396484373 -2.070565940925917e-13 -8346.112792968746
5586.528198242186 -2.070565940925917e-13 -9173.056396484371
1 82 0 3
215
216
217
6000 924.5510864257802 -10000
6000 1849.102172851562 -10000
6000 2773.653259277343 -10000
1 83 0 5
218
219
220
221
222
5724.352132161458 3081.836954752603 -9448.704264322916
5448.704264322916 2465.469563802081 -8897.408528645832
5173.056396484373 1849.102172851559 -8346.112792968746
4897.408528645831 1232.734781901038 -7794.817057291662
4621.76066080729 616.3673909505178 -7243.52132161458
1 96 0 4
223
224
225
226
3000 6000 -4000
3000 7000 -4000
3000 8000 -4000
3000 9000 -4000
1 97 0 5
227
228
229
230
231
2666.666666666667 9589.088460286459 -3333.333333333333
2333.333333333333 9178.176920572916 -2666.666666666667
2000 8767.265380859375 -2000
1666.666666666667 8356.353841145834 -1333.333333333334
1333.333333333333 7945.442301432291 -666.6666666666665
1 98 0 5
232
233
234
235
236
1333.333333333333 7112.108968098958 -666.6666666666669
1666.666666666667 6689.687174479167 -1333.333333333333
2000 6267.265380859375 -2000
2333.333333333333 5844.843587239584 -2666.666666666666
2666.666666666667 5422.421793619791 -3333.333333333333
1 102 0 2
237
238
2551.295694986979 10000 -3102.591389973958
2102.591389973958 10000 -2205.182779947917
1 103 0 2
239
240
1435.924723307292 9512.621419270834 -871.8494466145845
1217.962361653646 9025.242838541668 -435.9247233072929
1 104 0 4
241
242
243
244
1400 8830.29140625 -799.9999999999991
1799.999999999998 9122.718554687499 -1599.999999999996
2199.999999999999 9415.145703124999 -2399.999999999997
2600 9707.5728515625 -3199.999999999999
1 106 0 2
245
246
2283.0009765625 1.272990863421679e-13 -6000
3141.500488281253 7.918293479356098e-14 -6000
1 107 0 5
247
248
249
250
251
1000 0 -10000
2000 0 -10000
3000 0 -10000
4000 0 -10000
5000 0 -10000
1 109 0 5
252
253
254
255
256
3333.333333333331 4333.333333333331 -6000
2666.666666666662 3666.666666666662 -6000
1999.999999999997 2999.999999999997 -6000
1333.333333333331 2333.333333333331 -6000
666.6666666666652 1666.666666666665 -6000
1 110 0 3
257
258
259
2999.999999999999 6000 -6000
2000 6000 -6000
1000 6000 -6000
1 111 0 4
260
261
262
263
800.0000000000014 8948.4 -6000
1600.000000000004 8386.799999999997 -6000
2400.000000000003 7825.199999999998 -6000
3200 7263.599999999999 -6000
1 114 0 1
264
5618.033935546875 10000 -9236.06787109375
1 115 0 2
265
266
4824.045247395834 10000 -7648.090494791668
4412.022623697918 10000 -6824.045247395835
1 116 0 3
267
268
269
3122.500000000002 10000 -6000
2245.000000000001 10000 -6000
1367.500000000001 10000 -6000
1 117 0 5
270
271
272
273
274
1000 10000 -10000
2000 10000 -10000
3000 10000 -10000
4000 10000 -10000
5000 10000 -10000
1 119 0 4
275
276
277
278
6000 5837.478710937499 -10000
6000 6674.957421874999 -10000
6000 7512.4361328125 -10000
6000 8349.914843749999 -10000
1 122 0 1
279
4000 616.3673909505219 -6000.000000000001
1 123 0 5
280
281
282
283
284
5666.666666666668 3287.292751736112 -9333.333333333336
5333.333333333335 2876.381157769099 -8666.66666666667
5000.000000000002 2465.469563802086 -8000.000000000005
4666.66666666667 2054.557969835073 -7333.333333333339
4333.333333333336 1643.646375868059 -6666.666666666672
1 124 0 5
285
286
287
288
289
1853.751220703125 720.3187219439593 -6000
2283.0009765625 1440.637443887919 -6000
2712.250732421875 2160.956165831879 -6000
3141.50048828125 2881.274887775839 -6000
3570.750244140625 3601.5936097198 -6000
1 125 0 2
290
291
4000.000000000001 2371.169344929587 -6000.000000000001
4000.000000000001 3346.540838296673 -6000.000000000001
1 129 0 5
292
293
294
295
296
5666.666666666666 8722.127604166666 -9333.333333333332
5333.333333333332 8256.861653645832 -8666.666666666664
4999.999999999998 7791.595703124998 -7999.999999999996
4666.666666666666 7326.329752604165 -7333.333333333331
4333.333333333333 6861.063802083333 -6666.666666666666
1 130 0 4
297
298
299
300
5600 5000 -9200
5200.000000000001 5000 -8400.000000000002
4800.000000000002 5000 -7600.000000000004
4400.000000000002 5000 -6800.000000000004
1 131 0 4
301
302
303
304
3200.000000000002 9823.6 -6000
2400.000000000002 9745.200000000001 -6000
1600.000000000001 9666.799999999999 -6000
800.0000000000009 9588.4 -6000
1 132 0 2
305
306
4000 8124.712055937223 -6000
4000 9013.356027968612 -6000
1 134 0 1
307
5618.033935546875 9593.69677734375 -9236.06787109375
1 135 0 3
308
309
310
4927.050903320312 9309.017020976456 -7854.101806640623
4618.033935546873 8618.034041952913 -7236.067871093747
4309.016967773437 7927.051062929375 -6618.033935546873
1 137 0 4
311
312
313
314
5600 4295.741080729166 -9200
5200.000000000002 4404.088606770832 -8400.000000000004
4800.000000000001 4512.4361328125 -7600.000000000002
4400 4620.783658854167 -6800
1 138 0 5
315
316
317
318
319
4333.333333333335 1861.063802083335 -6666.66666666667
4666.666666666669 2326.32975260417 -7333.333333333338
5000.000000000002 2791.595703125002 -8000.000000000004
5333.333333333335 3256.861653645835 -8666.66666666667
5666.666666666668 3722.127604166667 -9333.333333333336
1 140 0 3
320
321
322
7000 0 -10000
8000 0 -10000
9000 0 -10000
1 141 0 1
323
4500 5160.956165831879 -6000
1 142 0 3
324
325
326
7000 10000 -10000
8000 10000 -10000
9000 10000 -10000
1 144 0 1
327
4499.999999999999 5499.999999999999 -6000
1 147 0 1
328
4500 6351 -6000
1 149 0 2
329
330
3333.333333333333 -2.070565940925917e-13 -4666.666666666666
3666.666666666666 -2.070565940925917e-13 -5333.333333333332
1 150 0 4
331
332
333
334
1400 5.603162248415954e-14 -799.9999999999992
1799.999999999999 -9.740431660028152e-15 -1599.999999999998
2199.999999999998 -7.551248580421582e-14 -2399.999999999997
2599.999999999998 -1.412845399484035e-13 -3199.999999999996
1 152 0 1
335
1000 9268.932128906248 3.092440041020661e-14
1 154 0 1
336
1000 6701.197265625003 -2.220446049250313e-13
1 156 0 1
337
1000 1097.265380859376 -6.918937130043579e-14
1 158 0 2
338
339
3666.666666666667 10000 -5333.333333333334
3333.333333333334 10000 -4666.666666666669
1 159 0 1
340
1326.943542480468 10000 -653.8870849609368
1 160 0 2
341
342
3666.666666666667 821.8231879340287 -5333.333333333335
3333.333333333335 410.9115939670164 -4666.66666666667
1 161 0 3
343
344
345
3750.000000000001 6677.051062929377 -5500.000000000002
3500.000000000001 6118.034041952918 -5000.000000000002
3250 5559.017020976459 -4500.000000000001
1 162 0 2
346
347
3666.666666666666 5930.531901041666 -5333.333333333332
3333.333333333333 5465.265950520834 -4666.666666666666
1 163 0 2
348
349
3666.666666666667 5000 -5333.333333333334
3333.333333333334 5000 -4666.666666666668
1 164 0 2
350
351
3666.666666666667 4819.420789930556 -5333.333333333335
3333.333333333333 4909.710394965277 -4666.666666666667
1 165 0 2
352
353
3333.333333333334 465.2659505208345 -4666.666666666669
3666.666666666668 930.5319010416679 -5333.333333333336
1 166 0 8
354
355
356
357
358
359
360
361
2000 0 0
3000 0 0
4000 0 0
5000 0 0
6000 0 0
7000 0 0
8000 0 0
9000 0 0
1 167 0 8
362
363
364
365
366
367
368
369
2000 10000 0
3000 10000 0
4000 10000 0
5000 10000 0
6000 10000 0
7000 10000 0
8000 10000 0
9000 10000 0
1 168 0 4
370
371
372
373
1400 5694.291015625 -799.9999999999998
1800 5520.71826171875 -1600.000000000001
2200.000000000001 5347.1455078125 -2400.000000000002
2600.000000000002 5173.572753906249 -3200.000000000003
2 9 0 1
374
356.1253662109377 313.7755102040813 -6000
2 11 0 3
375
376
377
8755.000000000002 484.1666666666708 -6000
9515.833333333336 1245.000000000002 -6000
9365.972222222223 634.0277777777784 -6000
2 12 0 12
378
379
380
381
382
383
384
385
386
387
388
389
7081.103378690003 3620.951049662523 -6000
6715.415778118554 1795.869111510709 -6000
5750.353899010393 3566.639214514837 -6000
8449.131103081592 2590.950218173706 -6000
5950.11001807611 2524.010881378933 -6000
7593.615177970692 2187.948390095089 -6000
6796.835153585858 2682.793507814918 -6000
5860.920966032444 1427.47999881494 -6000
5713.288571428571 4500 -6000
7724.876040316595 3094.964337148182 -6000
6435.340055557171 4076.523112213759 -6000
6461.930995948175 3284.33714338688 -6000
2 13 0 2
390
391
7290.8598937583 620.7799991466529 -5999.999999999999
8054.466578131917 1175.793350471384 -5999.999999999999
2 14 0 8
392
393
394
395
396
397
398
399
9253.254868914993 4688.72040182256 -6000
7934.249881040482 4863.589574131742 -6000
9292.459380876804 3829.395375886853 -6000
8568.089259900618 4378.302009796877 -6000
7127.8855243911 5312.542125370582 -6000
6454.148533449649 5561.651282216973 -6000
8683.135261810559 5218.865423267601 -6000
9387.278026145112 5406.017165018032 -6000
2 18 0 0
2 19 0 8
400
401
402
403
404
405
406
407
8553.905614526733 6882.762652021667 -5999.999999999999
8623.180515228672 7906.024719392251 -5999.999999999999
7352.390611811194 6823.21974464866 -5999.999999999999
9283.052537755939 8413.853297757601 -5999.999999999999
6499.049550933667 6507.501091786875 -5999.999999999999
7905.89534831332 7522.401423212516 -5999.999999999999
9284.220102945103 7416.407713975195 -5999.999999999999
9394.627299363156 6612.520560042753 -5999.999999999999
2 20 0 0
2 21 0 5
408
409
410
411
412
6725.310715068288 9084.213094455517 -6000.000000000001
5914.543709583087 8296.340644158408 -6000.000000000001
7545.062143013656 9416.842618891102 -6000.000000000001
5582.908741916616 7459.268128831681 -6000.000000000001
5732.050807568878 9267.949192431122 -6000.000000000001
2 22 0 42
413
414
415
416
417
418
419
420
421
422
423
424
425
426
427
428
429
430
431
432
433
434
435
436
437
438
439
440
441
442
443
444
445
446
447
448
449
450
451
452
453
454
0 6424.124220472409 -6774.447972061547
0 2508.173017612776 -9138.69329013439
0 4463.715423776867 -9178.764712471091
0 8193.750000000002 -6759.937291820845
0 7466.671321764537 -9104.903063606191
0 3389.554487751148 -6844.693769300489
0 1595.130509386482 -6845.238557516785
0 9137.782527123247 -8409.487617644865
0 959.2788101974329 -8409.868821244954
0 9032.580118257341 -6740.15275844768
0 8604.492182075566 -7546.072748781868
0 7716.09918652904 -7545.732958778617
0 5491.562079272937 -6806.493369584081
0 5985.736547019301 -7590.58046576121
0 5049.604384512118 -7589.642918372072
0 5647.964163573062 -8427.713540681412
0 6525.80617108761 -8384.049899255966
0 8169.932776012026 -8366.581956155329
0 3500 -9133.974596215561
0 2960.979457475344 -8296.704152268645
0 2012.269818137872 -8338.555885078407
0 2500 -7401.923788646684
0 3826.851667519326 -8338.526202386627
0 7302.960172909165 -6764.788078370066
0 4487.85663424991 -6786.655231494397
0 1535.295408919493 -9192.511198148146
0 825.4964208317592 -7490.771783458793
0 8508.117885154019 -9192.548887238449
0 6883.619647587887 -7558.714411096067
0 6500.000000000001 -9269.1727654606
0 5500 -9297.78691827812
0 7352.42582059622 -8191.996457778434
0 4747.425748890772 -8385.25593731651
0 9398.52046505601 -7377.281970510543
0 4062.786500764533 -7533.514675448226
0 2500 -6611.798702278027
0 732.0508075688772 -6732.050807568876
0 732.0508075688774 -9267.949192431122
0 9274.320686024306 -9274.320686024306
0 1589.693830491003 -7649.341468105363
0 3303.790816761117 -7627.560192455614
0 9616.267962879914 -6567.978698188842
2 25 0 41
455
456
457
458
459
460
461
462
463
464
465
466
467
468
469
470
471
472
473
474
475
476
477
478
479
480
481
482
483
484
485
486
487
488
489
490
491
492
493
494
495
10000 2075.000000000001 -6718.801085141083
10000 5687.459034112996 -6717.102595743814
10000 3849.543506749362 -6735.584598661546
10000 7456.649239232293 -9120.75506637384
10000 4489.205401701246 -9139.439601007291
10000 2510.197956162241 -9141.23995616357
10000 7444.903660339956 -6871.242367519122
10000 757.8309598042257 -8502.845077076921
10000 9021.612378422557 -8391.284257167614
10000 3503.940186661352 -9144.321485303011
10000 3002.544930609547 -8318.140265241707
10000 2118.063670600314 -8280.896988268147
10000 3974.04826551918 -8315.602936553361
10000 4959.315989607479 -8316.677864298472
10000 4384.317933252491 -7528.971928083658
10000 5468.979026506179 -9132.004457269972
10000 5935.661356729795 -8299.603203959548
10000 6460.388399400899 -9120.126304882922
10000 6926.865166733002 -8299.22810701804
10000 7938.643230283929 -8367.925096509474
10000 6474.990679431076 -7433.304055663515
10000 811.2029211216854 -7486.327280582797
10000 9171.273671499879 -7447.470247985617
10000 2541.481783834975 -7510.110446418656
10000 2944.209296442369 -6742.36071698561
10000 1274.860085233219 -6717.619984547264
10000 1502.967898843657 -9039.283496320235
10000 8543.46047812926 -6774.744200190808
10000 8447.475673394983 -9191.318935413676
10000 3449.35761940132 -7525.128481990757
10000 1703.873393093356 -7465.968174209971
10000 4786.621942288141 -6761.977844975643
10000 5415.418496779506 -7569.226663895086
10000 6521.470674776806 -6604.32980378529
10000 732.0508075688774 -9267.949192431122
10000 7432.407816258516 -7713.880280956275
10000 9267.949192431126 -6732.050807568875
10000 9267.949192431122 -9267.949192431124
10000 8292.408150207757 -7595.360799726173
10000 583.2126012709814 -6640.789453026012
10000 1393.942346356934 -8108.660746814172
2 26 0 67
496
497
498
499
500
501
502
503
504
505
506
507
508
509
510
511
512
513
514
515
516
517
518
519
520
521
522
523
524
525
526
527
528
529
530
531
532
533
534
535
536
537
538
539
540
541
542
543
544
545
546
547
548
549
550
551
552
553
554
555
556
557
558
559
560
561
562
0 6442.866046490102 -5231.692418646877
0 4531.214868188894 -768.6100302471787
0 6502.741859371923 -839.2959885840264
0 3533.503547159886 -5168.916531067905
0 2500 -866.0254037844388
0 9184.324920554769 -3615.69459847126
0 805.1303883862468 -3492.062143510552
0 8240.66353696433 -5272.748864713523
0 8494.2772140382 -912.6727310246733
0 843.6547912775616 -1502.793160422283
0 1593.583296398665 -5033.889245564262
0 9046.651228936049 -5302.143024417179
0 8678.969628506371 -4451.177105700195
0 7822.049332931785 -4432.582336025172
0 5555.431730109495 -5236.703528491656
0 6000.934762553123 -4441.065723252158
0 5053.105502919392 -4422.376525038054
0 5541.508292170344 -3636.052426888857
0 4589.693543906169 -3628.072602557698
0 5068.50860763783 -2800.383774721325
0 4100.131678834091 -2798.393718542255
0 6027.166745881937 -2805.487151211316
0 3619.108918790479 -3645.754217798368
0 3120.785198529506 -2801.225824469252
0 2633.026251926819 -3658.14603088155
0 2197.683240065783 -2897.653292034991
0 5555.749649034129 -1969.218453025558
0 3610.892674138337 -1948.873042282209
0 6521.930585940857 -2001.756571587377
0 6977.637899697588 -2816.205714175992
0 7488.509837702191 -1988.442089273154
0 7861.450547334764 -2846.431696566618
0 8446.317321415665 -2007.114395359617
0 6907.891092178696 -4443.709622743811
0 5516.339554978318 -802.7974484337501
0 7501.025743002274 -865.4331907859541
0 3481.617584222387 -997.3048679149233
0 2605.740810271857 -5156.882659915617
0 790.8537645731615 -2495.14170496897
0 4587.56192653262 -1960.049420374015
0 2724.992186587714 -1924.494970072319
0 7333.925001019632 -5232.962350209447
0 6473.67952334831 -3630.539581890529
0 4542.710637908182 -5198.099521468768
0 7377.289896486145 -3632.211424983878
0 1459.43245409352 -846.1355717437164
0 807.0867801510213 -4465.830365731033
0 1689.200372736141 -3847.177660011464
0 1680.889125714683 -1975.944058686694
0 9249.480744306693 -2522.698756673157
0 9244.092564213955 -1528.000962922379
0 4088.948941906844 -4391.016572826757
0 8259.904016035583 -3665.246784659196
0 3142.128806703309 -4400.554614608961
0 732.0508075688774 -732.0508075688776
0 732.0508075688778 -5267.949192431123
0 9274.480105523184 -725.5198944768163
0 2332.735907607358 -4419.330042196371
0 7005.968567263139 -1426.352364712364
0 7928.5320946874 -1434.324499931801
0 9641.143836628595 -5444.210479948011
0 1415.448282060479 -3000.050867194286
0 6036.483004127364 -1421.517935605771
0 9425.181602437629 -4635.537534756108
0 5055.395026079987 -1395.057921446501
0 4105.021153618605 -1448.15424099273
0 8635.339770399672 -3013.383546208052
2 29 0 67
563
564
565
566
567
568
569
570
571
572
573
574
575
576
577
578
579
580
581
582
583
584
585
586
587
588
589
590
591
592
593
594
595
596
597
598
599
600
601
602
603
604
605
606
607
608
609
610
611
612
613
614
615
616
617
618
619
620
621
622
623
624
625
626
627
628
629
10000 5566.238643867609 -5222.60061893066
10000 2886.498349371223 -5283.954069775296
10000 4539.113040110929 -841.609309401807
10000 6495.003838258221 -858.9736747622828
10000 2565.548557685452 -790.97455906494
10000 9082.404466402775 -3480.980584715696
10000 866.0254037844386 -3500
10000 7588.262947681626 -5042.604496984749
10000 8437.264764146948 -842.6113362456126
10000 1245.000000000002 -5281.198914858916
10000 845.8759027748345 -1505.421380494718
10000 6516.755342119833 -5181.78913162863
10000 6013.83264737911 -4421.072405980625
10000 5089.712598847377 -4452.384070434895
10000 5523.143521791026 -3687.894304946242
10000 4595.191069267647 -3679.198769704012
10000 6444.848294274313 -3618.161534350516
10000 5052.448503231888 -2837.203722161345
10000 4096.976463179726 -2922.640843210196
10000 3670.215834693753 -3714.325016941004
10000 3153.887805428964 -2927.670015937793
10000 2728.932232097707 -3748.089107692303
10000 3626.101768822414 -2231.391792826838
10000 2244.33667390187 -2935.911460950631
10000 5506.708836455753 -858.5495763363397
10000 6029.372499366892 -1692.723313320839
10000 6977.900953046367 -1719.165272999193
10000 6533.368242810368 -2632.898597540986
10000 7454.727040630726 -2563.281295550171
10000 5085.287662997883 -1796.889273646815
10000 7951.080218638186 -1716.500085588887
10000 8431.550271246559 -2576.76298797661
10000 7991.81057396866 -3406.554914332356
10000 8473.822311030834 -4304.598802797333
10000 812.9905913874236 -2502.785241511071
10000 1686.311077835761 -2064.201513390233
10000 3569.333065047188 -791.0135378078194
10000 4171.57751850977 -4493.17283399422
10000 7479.326343017497 -856.6139179757884
10000 4666.879793537459 -5240.351867338707
10000 1703.673828319643 -3832.247001712847
10000 2344.75440434425 -4563.26863067267
10000 838.7067240622979 -4476.917235491157
10000 9053.877467608716 -1626.263313410285
10000 2675.986051571223 -2200.312617739618
10000 6903.281299067399 -4286.838183978916
10000 1583.750210036819 -947.0036108235454
10000 3783.425873076515 -5258.746465012505
10000 3264.234035348869 -4510.259354014666
10000 8500 -5225.82616574553
10000 2027.85990847783 -5290.129901283512
10000 9306.63255126492 -2530.834691298085
10000 9263.123083863862 -4524.322911036186
10000 5724.973759113431 -2421.917789257564
10000 4147.31413916274 -1591.791815690416
10000 7160.831172013834 -3330.076105561916
10000 7660.42566928783 -4120.164149126684
10000 1605.972608501005 -4666.925324115353
10000 1443.094378786119 -3001.58457288123
10000 9267.949192431122 -732.0508075688776
10000 732.0508075688774 -732.0508075688776
10000 9294.301615716202 -5294.258581596683
10000 3140.124784446971 -1523.643556395948
10000 4470.39652042399 -2285.260894021058
10000 582.7413448124603 -5351.623230070015
10000 5886.885850587819 -3057.333205242108
10000 2309.235847194549 -1514.127126843767
2 30 0 10
630
631
632
633
634
635
636
637
638
639
2220.158438591694 2270.107717796828 -2440.316877183388
2386.182673588184 866.1128466524954 -2772.365347176368
2031.557005208658 939.4110473836074 -2063.114010417316
2523.667594816596 2963.057360225575 -3047.335189633192
1656.069483439048 1048.09012681638 -1312.138966878095
2620.209252597494 2133.364962952163 -3240.418505194988
2733.304947534748 3609.285540823017 -3466.609895069496
1924.454962845681 1681.595498132731 -1848.909925691361
2315.727226840817 1536.243762097004 -2631.454453681633
2653.686525504416 1273.549066475017 -3307.373051008832
2 31 0 1
640
1200 229.9979448590965 -400.0000000000002
2 32 0 7
641
642
643
644
645
646
647
1322.748616123753 3749.999984741213 -645.4972322475069
2000.351020691793 4236.51064969358 -2000.702041383585
1578.001549011653 4322.690337732045 -1156.003098023305
1331.978737938827 3021.919549575874 -663.9574758776547
2360.070204138358 4513.968792536371 -2720.140408276717
1664.134732365861 3554.827461996898 -1328.269464731723
1275.785845745153 4401.447300678992 -551.5716914903076
2 33 0 1
648
1297.619047619048 1715.31168547131 -595.238095238097
2 34 0 5
649
650
651
652
653
5286.632675516751 846.6917729078673 -8573.2653510335
5621.861965509628 1575.120108676094 -9243.723931019254
4947.688571236162 539.1587891518842 -7895.377142472323
5758.983672398801 2349.036411871937 -9517.9673447976
5697.317635964908 676.8183498567212 -9394.635271929814
2 39 0 9
654
655
656
657
658
659
660
661
662
2607.90707545916 7491.459290607163 -3215.814150918319
1988.632995662597 7919.469738649351 -1977.265991325194
2309.060779452012 6745.266887103649 -2618.121558904024
2648.506413314404 8597.972467004205 -3297.012826628807
1660.176978693688 7521.873966124685 -1320.353957387375
1983.141916377071 7106.848402081254 -1966.283832754141
2652.827975818529 6417.331926428365 -3305.655951637057
2308.782315926159 8241.978510494051 -2617.564631852318
2265.252993548586 7498.43243512651 -2530.50598709717
2 40 0 2
663
664
1317.806427678163 6369.181868501561 -635.6128553563256
1638.499663790779 6051.118776540231 -1276.999327581558
2 41 0 1
665
1878.239237467448 9687.35222490651 -1756.478474934896
2 42 0 0
2 43 0 2
666
667
1600.000000000001 5276.172975056372 -1200.000000000003
1200.000000000001 5347.145507812497 -400.0000000000023
2 44 0 1
668
1199.79880871845 9553.236326486527 -399.5976174369007
2 47 0 0
2 48 0 19
669
670
671
672
673
674
675
676
677
678
679
680
681
682
683
684
685
686
687
3895.029138491147 0 -7434.607165373567
1915.702521736846 0 -6721.066396528453
2509.027983385191 0 -9144.16585135752
906.2185266590507 0 -8417.845218254206
4539.858842844952 0 -9169.558033299591
3506.475810390748 0 -9161.513513251701
3095.44598779294 0 -8158.903909702096
2037.406623155666 0 -8289.910292196391
2407.860945870989 0 -7430.624684662128
1091.025829912413 0 -6699.300548510604
1502.436857567836 0 -7509.791190025298
4112.574544161404 0 -8315.404710477709
3573.571453912932 0 -6645.855264254471
1530.783990128131 0 -9186.645092373206
2742.408304536501 0 -6677.766767265037
642.6344300583728 0 -7354.489492798351
3142.863166120902 0 -7269.55155825146
732.0508075688773 0 -9267.949192431122
489.1821984785323 0 -6610.758008261791
2 49 0 10
688
689
690
691
692
693
694
695
696
697
866.0254037844388 4500 -5999.999999999999
2422.64973081037 4577.350269189623 -5999.999999999999
1063.676638841354 3075.380667783202 -5999.999999999999
1600.092966366114 3976.876360387329 -5999.999999999999
1564.15974049581 5091.493251144896 -5999.999999999999
612.7353277682701 2415.07613355664 -5999.999999999999
3181.311843889915 5205.862731878839 -5999.999999999999
706.8166473660438 5290.593192004454 -5999.999999999999
2404.556759083954 5360.527404244789 -5999.999999999999
699.0085225588377 3741.573341725516 -5999.999999999999
2 50 0 8
698
699
700
701
702
703
704
705
759.9372918208455 7316.250000000001 -6000
3536.319092925081 6501.031694328938 -6000
2392.787893625476 6822.46633227494 -6000
725.2490175095131 8133.668146465888 -6000
1562.99570049264 7517.285478226884 -6000
1425.298014872821 6685.691594540065 -6000
656.7824389927391 6617.419446145572 -6000
3032.276746637639 6646.774506650969 -6000
2 51 0 20
706
707
708
709
710
711
712
713
714
715
716
717
718
719
720
721
722
723
724
725
2591.35211655398 10000 -6765.336610023418
2557.694358501878 10000 -9183.891177465537
773.1225911400704 10000 -7386.181902206359
4243.83102913841 10000 -8419.037865212709
1034.384430869928 10000 -6587.297999244174
1704.925906314237 10000 -7142.974260147475
2423.387711659881 10000 -7679.589364360823
3141.670651304757 10000 -7427.610349488271
3162.580871081494 10000 -8286.588125066068
799.6265968220885 10000 -8469.775971448089
1559.692244704252 10000 -9043.320653524519
3622.435981125456 10000 -9178.648268671603
4620.061469484081 10000 -9217.64829119426
1580.342065010702 10000 -8023.547906558208
3561.250000000001 10000 -6671.691456590934
3936.41005246653 10000 -7586.226222510907
2239.380048999172 10000 -8431.660674260476
738.1688305205522 10000 -9261.831169479448
459.5014044019998 10000 -6594.695980290106
1806.250000000001 10000 -6471.138716433495
2 52 0 80
726
727
728
729
730
731
732
733
734
735
736
737
738
739
740
741
742
743
744
745
746
747
748
749
750
751
752
753
754
755
756
757
758
759
760
761
762
763
764
765
766
767
768
769
770
771
772
773
774
775
776
777
778
779
780
781
782
783
784
785
786
787
788
789
790
791
792
793
794
795
796
797
798
799
800
801
802
803
804
805
5551.462566959986 3955.482817877748 -10000
5420.987626097562 5505.489468591182 -10000
866.0254037844386 3500 -10000
1069.18850398438 6587.183618530231 -10000
5155.889820377759 7084.830802275355 -10000
3473.833482147083 849.6922002555523 -10000
2515.63348844662 9183.543443912562 -10000
5198.92492678057 2224.118773919896 -10000
4528.471981789186 9172.385322603908 -10000
815.253542563381 1510.353710589985 -10000
866.0254037844386 8500 -10000
5532.667591523814 3436.112225826088 -10000
5043.356940654368 3687.3306546804 -10000
5083.084302780507 4274.602258900861 -10000
4511.089468239332 4035.407867419464 -10000
4447.444651972148 3331.540910705333 -10000
3870.83118091292 3726.069516792119 -10000
3938.525376445858 4467.731805417219 -10000
3239.802198396044 4149.585738555197 -10000
3319.96581240539 4945.297023323439 -10000
3235.42888072256 3350.150835891691 -10000
2570.025645732785 4600.824701343468 -10000
2646.175411674896 5429.629673955997 -10000
3423.85144295158 5772.553978259022 -10000
2730.589711110594 6280.951131676477 -10000
3527.897576608803 6626.128945882872 -10000
2835.828222301947 7200.096629718315 -10000
1863.547956709738 5079.541582846563 -10000
3671.890828668508 7545.34955165578 -10000
4193.431861661522 6100.54712859673 -10000
1624.661142608936 4152.628872681737 -10000
2001.241468556389 6789.50763545582 -10000
2132.490788451094 7678.406843163148 -10000
1060.774128372036 4772.35027674899 -10000
1779.764205115492 3215.533640543756 -10000
1024.814104002321 2521.187555019778 -10000
1944.849259893073 2384.267664413244 -10000
2520.547851691336 812.7499906959138 -10000
3032.302632400639 1596.005446418754 -10000
3878.596870451573 1678.541497479052 -10000
4497.402405801869 915.6709787111882 -10000
3381.771780409451 2470.887672607701 -10000
3485.444652860366 9171.08317951802 -10000
2927.941372386348 8237.074803541358 -10000
5324.5967443179 6196.061517945249 -10000
5252.260442593048 1400.132724762104 -10000
811.3774238137045 7562.422092852134 -10000
4349.732741855173 2511.917093312537 -10000
4020.301926295361 5265.37682339172 -10000
4326.402027460737 6950.113726699019 -10000
4494.133973182825 7727.707325514071 -10000
991.8743108522982 5560.396031451508 -10000
1514.479887121286 918.7265896921573 -10000
5285.492168139943 8768.654199218745 -10000
4561.642943473158 4749.967224646907 -10000
1883.769560481382 5954.534945652766 -10000
5267.844375962932 7986.542411941348 -10000
5095.354475464345 2994.112152953599 -10000
1519.831915282016 9242.245566178297 -10000
2499.007034375083 3729.296589992094 -10000
2604.578544842699 2906.005637406228 -10000
3862.513690109918 3061.419596424124 -10000
3963.23885049405 8388.218558485092 -10000
5558.947975203529 4453.442326035301 -10000
2210.503096419809 1643.647462169184 -10000
5198.308290883413 4908.31096060964 -10000
1948.806902033033 8486.552455602485 -10000
4742.037434449216 5601.212111943786 -10000
4629.274705583197 1762.858904977982 -10000
732.0508075688774 732.0508075688774 -10000
5317.363782685433 665.9284196952669 -10000
732.0508075688774 9267.949192431122 -10000
1457.225614987316 7905.110658178568 -10000
2678.186504435248 2224.658389284698 -10000
5362.792829985826 9425.686615302029 -10000
4707.836269913787 8408.701563552631 -10000
1464.188838871985 1864.237660806146 -10000
4714.039438631345 6466.661109950676 -10000
1503.768416214501 7302.710663818578 -10000
665.2817695681574 4152.301826241378 -10000
2 53 0 5
806
807
808
809
810
4295.518017656989 815.8996515041861 -6591.036035313979
5228.106132154613 2431.004761849774 -8456.212264309226
4621.989526349664 1380.475374726409 -7243.979052699327
4917.249950987862 1919.646078299583 -7834.499901975723
4164.021615178704 343.8144562884147 -6328.043230357407
2 54 0 8
811
812
813
814
815
816
817
818
3655.378422497364 1314.266316731771 -6000.000000000001
2712.250732421876 720.3187219439596 -6000.000000000001
2981.614158421161 1512.380226238098 -6000.000000000001
3584.816539707847 1780.014305150401 -6000.000000000001
3663.942016877277 928.3795130173858 -6000.000000000001
3247.41340723355 994.8340247871154 -6000.000000000001
3465.215072749836 502.8924080515899 -6000.000000000001
3285.532090144034 2222.121663685514 -6000.000000000001
2 55 0 3
819
820
821
1562.791160900386 1518.10395800207 -6000.000000000001
1978.275240643618 2090.606180211039 -6000.000000000001
1243.99224910716 881.0178693225394 -6000.000000000001
2 56 0 14
822
823
824
825
826
827
828
829
830
831
832
833
834
835
5011.388042283051 6904.542957499012 -8022.776084566103
5675.64588997358 6256.21806640625 -9351.291779947162
4590.386667499954 5707.380702724382 -7180.773334999908
4194.915279706373 6238.127647242963 -6389.830559412747
5002.959668644188 5922.967152072645 -8005.919337288378
5344.121191451322 7391.259345554103 -8688.242382902648
4272.862905066364 5705.440165095292 -6545.725810132729
5669.387619008361 7886.151751785924 -9338.775238016724
5423.844336721285 5725.054121570608 -8847.688673442572
5679.549311318287 7062.837011822688 -9359.098622636575
5352.00335459059 6550.92345983116 -8704.006709181182
4701.076939801182 6535.910964535827 -7402.153879602365
5723.077237472756 5602.440174421233 -9446.154474945513
4439.717881839665 6258.871713393021 -6879.435763679331
2 57 0 7
836
837
838
839
840
841
842
2717.771323869347 9161.363465874461 -6000
3182.04993908401 8067.350455659957 -6000
2054.643122899075 9056.989745263058 -6000
1429.27709828586 9052.280291441137 -6000
3595.512484771003 7672.932648875754 -6000
2560.766586343546 8534.255558198636 -6000
3276.764641549485 8787.439593939815 -6000
2 58 0 4
843
844
845
846
5299.570104201346 9074.114537615284 -8599.140208402694
4982.031919724179 8505.888531446835 -7964.063839448359
4148.7717846074 6969.034041952918 -6297.543569214802
4714.203241943215 7985.708231365527 -7428.406483886432
2 59 0 0
2 60 0 3
847
848
849
4288.43248192919 9317.073828309161 -6576.864963858378
4613.917038378026 9448.824978247707 -7227.83407675605
4243.0966770499 8600.045403419457 -6486.1933540998
2 61 0 4
850
851
852
853
4600.000000000001 4791.044056919641 -7200.000000000003
4996.809335366563 4736.870293898809 -7993.618670733127
5400 4692.172990881621 -8800.000000000002
5799.999999999999 4640.819602861872 -9600
2 62 0 0
2 63 0 6
854
855
856
857
858
859
4569.966186538703 3766.418128604539 -7139.932373077405
5000.077504669463 3671.103498379021 -8000.155009338923
4356.107568877836 2941.748259659803 -6712.215137755672
4236.717571936618 3834.226584980217 -6473.435143873235
5360.015500933893 3869.984488738305 -8720.031001867786
4718.563585350535 3099.439068474507 -7437.127170701068
2 64 0 20
860
861
862
863
864
865
866
867
868
869
870
871
872
873
874
875
876
877
878
879
7925.000000000001 0 -6718.801085141085
6080.278097324861 0 -8394.455220938873
9155.017842509695 0 -8496.112973645215
7432.598174067456 0 -9203.667706054595
6239.088451643112 0 -6758.935173900341
5682.474663747043 0 -7574.563907140146
6589.036140109009 0 -7638.122921156427
9139.096110934435 0 -7448.152063166563
8372.679842368985 0 -8092.227603777947
5395.777672931813 0 -6763.642137646682
7084.190289937686 0 -6903.155877388101
8723.937645034221 0 -6681.506442571881
7564.560229483945 0 -7640.064970004161
6507.727639815265 0 -9196.906208334907
8417.471288013157 0 -9069.257377803482
6946.961369257096 0 -8410.257926531602
8345.054765564317 0 -7316.150432932327
9267.949192431126 0 -9267.949192431124
7746.854180638127 0 -8483.095116834356
9406.606751193733 0 -6625.931701147689
2 65 0 4
880
881
882
883
4590.195035431731 4565.453507659082 -6000.000000000001
4414.240066079385 933.3098698769772 -6000.000000000001
4402.373344346564 1488.835308045018 -6000.000000000001
4503.452021767022 430.9165796807956 -6000.000000000001
2 66 0 49
884
885
886
887
888
889
890
891
892
893
894
895
896
897
898
899
900
901
902
903
904
905
906
907
908
909
910
911
912
913
914
915
916
917
918
919
920
921
922
923
924
925
926
927
928
929
930
931
932
6489.764080527761 3925.953435559423 -10000
6739.212194721968 5430.687707191821 -10000
6739.626775178172 7088.259990308818 -10000
9141.092932676947 3425.622803318044 -10000
6807.668320765077 2331.73431824397 -10000
9074.836376548508 6446.876293298617 -10000
7373.416787870214 9281.923326516422 -10000
9155.196884504312 1504.033774971435 -10000
9154.667780971491 8496.142904254259 -10000
7406.854803288143 787.6796760973091 -10000
6549.328430805531 3235.928802490234 -10000
7039.536813337443 3660.713311718353 -10000
6973.548811713665 4297.694686792878 -10000
7608.136752262549 4076.938549380785 -10000
7718.297188396337 3335.055992818765 -10000
7404.623744186887 4915.430176292797 -10000
8203.749401480542 4582.775773213905 -10000
8060.319359103247 5366.26631267493 -10000
8850.845586523399 5110.963436108656 -10000
9171.011271565958 2487.769757314657 -10000
8409.87972670305 2034.490718302337 -10000
9135.616411275554 7491.527792899085 -10000
8280.185850634032 7046.156430818737 -10000
8323.337504716419 8005.393674377477 -10000
8431.317953638432 2997.013016969659 -10000
6725.277838800519 6256.218066406248 -10000
6726.65880299381 7929.807151952935 -10000
7501.988494946798 7505.960995479186 -10000
6725.277838800511 8768.654199218747 -10000
8419.693312618743 9122.678981991718 -10000
7483.305970807082 6648.880258667233 -10000
8421.017375508502 910.1306079794867 -10000
6767.900871790874 1405.991303103496 -10000
7744.776500989083 2581.110530372483 -10000
8333.128723174194 3775.390370298787 -10000
7426.040178227189 5808.335603124729 -10000
8195.390566904514 6183.714943152 -10000
9088.136107309179 4315.792063823232 -10000
7475.006971500487 8380.916292335591 -10000
7593.016266507453 1675.18952568318 -10000
6463.24718823992 4454.264685817455 -10000
7157.841370285982 2947.735987459344 -10000
9271.907535077422 5738.906858146034 -10000
9267.949192431124 9267.949192431124 -10000
9267.949192431122 732.0508075688764 -10000
6634.951135015804 623.6444131253171 -10000
6852.923048958171 4860.281752047474 -10000
6627.505917205199 9436.786974399514 -10000
8690.659884831419 5769.345568676048 -10000
2 67 0 19
933
934
935
936
937
938
939
940
941
942
943
944
945
946
947
948
949
950
951
6047.690389177718 10000 -8539.751247252831
7490.407848667581 10000 -6859.016807205988
9133.974596215561 10000 -8500
7477.406758420089 10000 -9223.388504621926
5409.190059396481 10000 -6844.941204169523
6423.865622225098 10000 -7007.151589989936
7187.389614040619 10000 -7764.739760086968
7950.985500926006 10000 -7604.538163274576
8494.796161552071 10000 -6966.700933503895
6470.60159817338 10000 -9287.241620346904
5707.958440410068 10000 -7737.902775845598
8478.981440004094 10000 -9249.782746442397
9248.543095537389 10000 -7537.584784461445
6894.09518527424 10000 -8598.037246230067
7994.558092957794 10000 -8507.358781601331
9249.105580538499 10000 -6750.8944194615
9267.949192431126 10000 -9267.949192431124
6425.681408609105 10000 -7923.118153575962
8578.517416717888 10000 -7876.0013386354
2 68 0 0
2 69 0 0
2 70 0 0
2 71 0 0
2 72 0 4
952
953
954
955
4398.215173620033 6968.327287565262 -6000
4491.075868100165 7552.568353920477 -6000
4506.023568613845 9457.678013984305 -6000
4494.154814869255 8569.034041952917 -6000
2 73 0 16
956
957
958
959
960
961
962
963
964
965
966
967
968
969
970
971
1865.159242023379 0 -5340.582154394521
2187.46385810446 0 -4033.156231974161
750.7584137497195 0 -4579.314851940763
1469.698339490537 0 -2298.097739242334
2757.369290205473 0 -5219.162026779076
1107.102366763896 0 -5353.378825750166
770.5055800860162 0 -3582.508105033286
1655.501634961197 0 -3176.450466609059
895.7216027061484 0 -1558.215562945365
2225.094842101079 0 -4763.822321712189
1533.818981333714 0 -4700.375948165706
1430.963046286134 0 -3971.655243561055
666.6666666666664 0 -666.6666666666661
739.5905448518354 0 -2713.78430790961
514.0223025870982 0 -5386.538735538185
2740.330913282502 0 -4531.307799379592
2 74 0 6
972
973
974
975
976
977
517.7157626244664 1443.305010477702 0
586.2859604374109 678.0724211798774 0
499.9999999999999 9634.466064453121 0
562.5632983595422 2093.397079345966 0
625.1796331913471 8036.197509765625 0
500 4583.333328247072 0
2 75 0 16
978
979
980
981
982
983
984
985
986
987
988
989
990
991
992
993
1886.636790343978 10000 -5217.117709896836
2181.702818660559 10000 -3874.32596642712
977.1501404437158 10000 -5299.40696010739
1310.253591854615 10000 -4687.057409741608
1175.793576396517 10000 -2083.230445499916
716.4340635902669 10000 -3529.364635101434
2564.306554313847 10000 -4611.881455667055
793.7350815397187 10000 -1275.11299763052
2803.073890776305 10000 -5304.833194260649
1593.854627212814 10000 -3033.781390995191
605.7862854003904 10000 -605.7862854003906
1889.866333548756 10000 -4517.848278139887
697.2164534399195 10000 -2729.275294319307
635.7730038765064 10000 -4542.221797266337
420.5846288640445 10000 -5368.325751474746
1394.02810516371 10000 -3993.036399383231
2 76 0 1
994
3833.333333333333 334.3897920292793 -5666.666666666666
2 77 0 9
995
996
997
998
999
1000
1001
1002
1003
3481.047261108328 9339.809139579451 -4962.094522216655
3684.069392575517 7512.61041221043 -5368.138785151033
3660.932623659361 8569.412568540771 -5321.865247318719
3418.884373957882 6913.794190343745 -4837.768747915764
3761.729310286872 9364.915547217766 -5523.458620573741
3346.185556207279 7787.863974667882 -4692.371112414557
3313.226947050912 8731.366676912348 -4626.453894101823
3235.378086846621 6368.71397177672 -4470.756173693241
3225.521508298516 9414.235163298359 -4451.043016597028
2 78 0 0
2 79 0 2
1004
1005
3779.655010949508 5479.159570312499 -5559.310021899018
3555.931002189901 5374.991484374999 -5111.862004379804
2 80 0 8
1006
1007
1008
1009
1010
1011
1012
1013
3716.680183736787 3834.226584980217 -5433.360367473573
3339.054495535988 2485.241419719699 -4678.108991071977
3337.523558483071 1460.753811588041 -4675.04711696614
3345.724218216788 3483.402281877923 -4691.448436433576
3667.993933746719 1945.243208152275 -5335.987867493437
3481.51781189295 4262.046968338962 -4963.035623785899
3678.242138539381 2910.970612992729 -5356.484277078761
3772.972932459281 4393.347571961865 -5545.945864918562
2 81 0 0
2 82 0 0
2 83 0 52
1014
1015
1016
1017
1018
1019
1020
1021
1022
1023
1024
1025
1026
1027
1028
1029
1030
1031
1032
1033
1034
1035
1036
1037
1038
1039
1040
1041
1042
1043
1044
1045
1046
1047
1048
1049
1050
1051
1052
1053
1054
1055
1056
1057
1058
1059
1060
1061
1062
1063
1064
1065
3719.372637556059 0 -3955.711135499069
7078.439351645732 0 -5315.980496429927
6611.072967293593 0 -870.3280031652776
4468.360314384841 0 -820.7477562519998
9033.679705011788 0 -2421.355299948831
5417.037414780403 0 -5278.927607341782
2978.559160626679 0 -2606.975531505923
9114.270954406809 0 -4522.13303142264
8419.720867315098 0 -839.6436439786467
4543.758143018487 0 -5305.824173646124
4968.948015336701 0 -4594.950165985203
5824.463459747371 0 -4561.079660575494
5394.220341026412 0 -3844.903838567207
6252.171376950266 0 -3818.12664023718
5801.655092196781 0 -3091.56859905501
6688.596242148659 0 -3068.746004156204
4926.287273895438 0 -3104.358133503079
7117.923173116587 0 -3814.68155236919
5373.33852882803 0 -2370.583773170445
7580.729102005374 0 -3039.945814551668
7144.415526362111 0 -2285.299395108271
4491.290856968795 0 -2390.947747826888
8141.90376059156 0 -3916.289000314288
8033.13838561929 0 -2300.844172245942
4131.855943594128 0 -3195.120349590077
7573.155217496132 0 -1394.753867362819
2446.543467327898 0 -806.5319512351198
3482.641516160935 0 -800.1346342438919
5486.359424965888 0 -835.3124189913433
9144.510578203905 0 -3518.248856111434
8275.269741460315 0 -4771.70025392868
4536.339080099727 0 -3901.061414758304
6250.236945729354 0 -5284.002726147543
4113.578395484055 0 -4650.56268653109
5983.420497271984 0 -1646.879935754665
6660.568049915419 0 -4564.27305164362
9183.987248768619 0 -1464.610719134467
4013.395344496651 0 -1621.812551044992
2956.573493820092 0 -1763.669878171146
4969.360827819364 0 -1614.38069717339
8709.67750033574 0 -5357.709531252327
8409.030782206733 0 -3055.198763619136
3353.701848786378 0 -3272.002986406314
7487.628084387421 0 -4618.167716936718
6240.327813453096 0 -2388.270486875155
7500 0 -609.6738916329687
6718.473780381172 0 -1679.385165906107
9267.949192431124 0 -732.0508075688758
7912.331180087517 0 -5409.667914300622
3774.874968128485 0 -2510.234479168086
9398.78969094851 0 -5375.968512534993
8441.839280780663 0 -1639.056542203554
2 84 0 104
1066
1067
1068
1069
1070
1071
1072
1073
1074
1075
1076
1077
1078
1079
1080
1081
1082
1083
1084
1085
1086
1087
1088
1089
1090
1091
1092
1093
1094
1095
1096
1097
1098
1099
1100
1101
1102
1103
1104
1105
1106
1107
1108
1109
1110
1111
1112
1113
1114
1115
1116
1117
1118
1119
1120
1121
1122
1123
1124
1125
1126
1127
1128
1129
1130
1131
1132
1133
1134
1135
1136
1137
1138
1139
1140
1141
1142
1143
1144
1145
1146
1147
1148
1149
1150
1151
1152
1153
1154
1155
1156
1157
1158
1159
1160
1161
1162
1163
1164
1165
1166
1167
1168
1169
1798.035514741027 5377.297114945251 0
9158.617746274653 4465.723730333679 0
5534.750887786542 9017.359148291158 0
5390.690008863457 948.5295877241215 0
1721.687845296698 2916.666641235353 0
1724.932295712685 7151.212734559032 0
9142.239470174427 6465.386006672627 0
9187.233583034642 2533.035038216907 0
7500 9133.974596215561 0
3481.879123780875 824.5204131745907 0
3559.686638512143 9138.330884033669 0
1514.292550736597 1383.69656695872 0
7472.475955605822 854.546219002046 0
9153.380023114074 8495.78058065199 0
1683.666951870412 8839.259211769591 0
1677.405662849739 8036.197509765625 0
2443.644080697224 7618.329568660728 0
2501.007462061556 6752.753902468799 0
3222.879560893915 7227.479306853582 0
3299.458110597919 6346.27461997005 0
4036.514166871209 6844.763394755741 0
4117.015807432524 5945.530912664734 0
4882.082572241552 6489.505353604515 0
4962.52792814261 5561.414635533337 0
4187.839926777282 5023.045688870299 0
5032.677241893571 4628.411738727016 0
5815.127386455353 5159.941092289764 0
5886.940377803165 4210.478718765009 0
4258.709739177735 4099.923633044825 0
6678.481659725846 4746.6676497764 0
6606.802237811184 5702.770227617519 0
6751.066934913416 3786.864863804758 0
5952.887419892055 3259.100467962752 0
3425.100381156576 4495.598300577051 0
3501.475168861218 3599.309750673629 0
6820.396579171374 2820.778046885251 0
4319.653957167186 3177.918737175103 0
7465.877913147754 5288.119947866449 0
7414.203617640247 6284.60857408644 0
6534.10450173348 6664.311120132105 0
7324.625556866144 7216.280449693543 0
3487.001354848228 2545.943281841604 0
4716.682773698572 7541.142034340908 0
7600.404366855568 3382.986141494618 0
4420.504971208517 2258.228389805141 0
6426.191182297383 7581.467610549847 0
2690.885649964734 4014.259373991732 0
7693.588957052076 2471.15565391556 0
6002.688607045091 2340.802331123095 0
2616.298168826393 4920.239906407418 0
3162.541462653139 8218.870920263002 0
8292.730540805816 5893.861382016017 0
2547.741778685177 5844.366300613789 0
1850.905661253919 4517.369504656228 0
1509.832183632835 1980.320626245232 0
2163.787737063369 1663.110476584904 0
2608.252048191359 864.8202845849999 0
2468.807321875841 9175.264299204808 0
4107.257088704367 8361.519603083225 0
3001.624593978378 1620.390977586075 0
2585.862480081852 2375.257304682355 0
4372.493983304505 827.4129920873329 0
3365.575695579311 5429.175954850555 0
6585.823269538958 9122.345316760915 0
9188.913043750585 3494.864888228844 0
6497.047485272842 864.320768611928 0
9141.912787842042 7493.576513831402 0
8158.234569930669 8098.771547634002 0
9048.384236232654 1554.032950350148 0
1761.952841866741 6282.448514623853 0
5744.014612251632 6103.36051827395 0
8285.574817878283 7000.292156010165 0
5099.892007725244 3690.827064832747 0
7525.836398749132 4340.25617839165 0
7098.419640638985 8238.151352993118 0
6926.120299201587 1772.895888862062 0
5642.976816805745 7060.506982308252 0
5554.785258611852 7983.255256948187 0
1419.418897510355 681.6209872874522 0
5166.853900112219 2765.304710960986 0
9147.344662335994 5448.559738877962 0
4565.646540518808 9171.875644055464 0
8464.234074715598 786.2478203928056 0
8495.46099188713 9164.995730985851 0
8326.519093734081 4901.172021774663 0
5251.678518606378 1893.163220265209 0
2664.521188840682 3179.531721420584 0
8369.868380244516 3930.820394647284 0
2287.213095989272 8377.584301932749 0
3832.639945881325 1627.595549840478 0
8412.577782652828 3001.858823024067 0
1908.948693634886 3657.497458598265 0
7997.065707156314 1576.386302303449 0
4895.009067315395 8421.704007245125 0
3893.855325775777 7624.942764428523 0
1958.598986021821 965.0068565349909 0
6239.994047774744 8388.515737108644 0
6004.704962251288 1512.041542731072 0
9267.478549298807 732.5214507011914 0
9267.949192431124 9267.949192431124 0
8467.770053225702 2227.293753562026 0
1630.49485474925 9456.691127976128 0
1990.530066396204 2271.711355118817 0
4653.601485572837 1510.985947944457 0
2 85 0 49
1170
1171
1172
1173
1174
1175
1176
1177
1178
1179
1180
1181
1182
1183
1184
1185
1186
1187
1188
1189
1190
1191
1192
1193
1194
1195
1196
1197
1198
1199
1200
1201
1202
1203
1204
1205
1206
1207
1208
1209
1210
1211
1212
1213
1214
1215
1216
1217
1218
3763.371041145306 10000 -4123.963475404564
6314.870060676905 10000 -1045.223454350355
6458.428111835502 10000 -5133.897336808482
4513.904249257777 10000 -870.4834444121043
9198.664844527229 10000 -2480.639793010248
8380.691967792556 10000 -5133.281782186712
3072.434780314448 10000 -2225.126664710533
8483.828467418794 10000 -1014.151186008176
2564.062821106411 10000 -1429.259792532899
3638.694525011561 10000 -1397.698455350512
4066.225968132488 10000 -2224.720179556132
3665.027701179527 10000 -2951.78520946922
4598.178772177084 10000 -2934.256113950453
4982.54128588518 10000 -2157.428241123003
5498.611115075717 10000 -2904.291692711275
5102.140241947358 10000 -3712.787564894814
5987.304957252368 10000 -3696.958644764656
6440.177534136295 10000 -2853.446150806722
6955.357322606504 10000 -3639.382796900102
7397.042299320042 10000 -2815.107743483666
7920.731148421928 10000 -3609.691414896383
7437.610978514201 10000 -4507.364187428676
6907.837527101432 10000 -1927.561373706236
7864.226724687164 10000 -1909.518781608475
5641.951783761513 10000 -4445.69074299539
4633.983674695931 10000 -4469.170327260208
5445.964498032754 10000 -696.109929403714
4413.281154576876 10000 -5298.088912829704
7428.460463314049 10000 -982.7424659455428
8978.118241742359 10000 -3533.927450564023
5924.180950517435 10000 -2075.46561015895
9257.127560932538 10000 -1539.135542577489
9155.040070367344 10000 -4501.876599038716
8325.184353319466 10000 -2726.14277540674
2259.703749240603 10000 -696.1219344565907
5357.940787478303 10000 -5224.474553315631
3962.127174083622 10000 -4778.244543098896
7455.346211628454 10000 -5354.908661284773
3013.329046895798 10000 -785.8105593238306
4265.668092076592 10000 -3632.322109456781
6496.130630794018 10000 -4284.658741779462
8374.438481367679 10000 -4257.228286822902
9308.888995104156 10000 -721.1357760118663
9267.949192431121 10000 -5267.949192431123
4520.482841703218 10000 -1643.034613739572
3665.69734476848 10000 -634.7542300433852
5341.154881308908 10000 -1488.200639723036
8625.806390177037 10000 -1933.917615722227
3424.600643150403 10000 -3566.390195127421
3 1 0 0
3 2 0 0
3 3 0 0
3 4 0 0
$EndNodes
$Elements
63 2554 1 2554
2 9 2 5
1 17 374 10 
2 10 374 93 
3 122 374 17 
4 93 374 122 
5 93 122 11 
2 11 2 14
6 100 12 94 
7 96 13 97 
8 95 376 94 
9 96 375 95 
10 14 377 98 
11 99 377 14 
12 95 377 376 
13 375 377 95 
14 98 375 97 
15 100 376 99 
16 97 375 96 
17 94 376 100 
18 98 377 375 
19 376 377 99 
2 12 2 41
20 382 385 379 
21 156 385 382 
22 383 387 384 
23 379 384 382 
24 384 387 378 
25 165 9 159 
26 161 381 160 
27 160 381 170 
28 155 385 156 
29 155 20 166 
30 159 386 165 
31 165 386 164 
32 157 382 380 
33 381 387 383 
34 160 170 12 
35 157 380 158 
36 156 382 157 
37 168 383 379 
38 170 381 169 
39 383 384 379 
40 166 385 155 
41 381 383 169 
42 169 383 168 
43 168 379 167 
44 380 386 158 
45 379 385 167 
46 161 387 381 
47 167 385 166 
48 163 378 162 
49 158 386 159 
50 162 387 161 
51 382 389 380 
52 380 388 386 
53 164 388 163 
54 378 387 162 
55 384 389 382 
56 386 388 164 
57 163 388 378 
58 378 389 384 
59 388 389 378 
60 380 389 388 
2 13 2 15
61 168 391 169 
62 95 391 96 
63 169 391 95 
64 13 390 121 
65 121 390 167 
66 96 390 13 
67 167 390 168 
68 96 391 168 
69 168 390 96 
70 94 12 170 
71 166 20 120 
72 95 94 170 
73 169 95 170 
74 120 121 166 
75 166 121 167 
2 14 2 30
76 174 397 173 
77 392 398 395 
78 164 397 165 
79 395 398 393 
80 172 396 393 
81 396 397 164 
82 12 129 160 
83 173 397 396 
84 393 398 172 
85 131 392 130 
86 392 394 130 
87 130 394 129 
88 162 393 163 
89 160 394 161 
90 392 399 398 
91 392 395 394 
92 129 394 160 
93 173 396 172 
94 171 399 24 
95 162 395 393 
96 163 396 164 
97 394 395 161 
98 24 399 131 
99 161 395 162 
100 172 398 171 
101 393 396 163 
102 165 397 174 
103 131 399 392 
104 398 399 171 
105 174 9 165 
2 18 2 1
106 15 23 19 
2 19 2 30
107 180 9 174 
108 179 404 402 
109 402 404 173 
110 401 406 403 
111 403 406 133 
112 179 402 178 
113 175 134 21 
114 173 404 174 
115 175 403 134 
116 176 403 175 
117 401 405 400 
118 171 400 172 
119 180 404 179 
120 400 406 401 
121 172 402 173 
122 400 402 172 
123 134 403 133 
124 177 401 176 
125 133 406 132 
126 402 405 178 
127 178 405 177 
128 401 403 176 
129 171 407 400 
130 177 405 401 
131 400 405 402 
132 174 404 180 
133 132 407 24 
134 24 407 171 
135 400 407 406 
136 406 407 132 
2 20 2 12
137 22 175 21 
138 185 9 180 
139 181 175 22 
140 176 175 181 
141 177 176 182 
142 176 181 182 
143 177 183 178 
144 177 182 183 
145 178 184 179 
146 178 183 184 
147 179 185 180 
148 184 185 179 
2 21 2 22
149 182 408 183 
150 182 410 408 
151 102 409 103 
152 409 412 103 
153 408 409 183 
154 101 9 185 
155 126 181 22 
156 408 410 127 
157 102 411 409 
158 183 409 184 
159 128 408 127 
160 101 411 102 
161 127 410 126 
162 408 412 409 
163 409 411 184 
164 181 410 182 
165 184 411 185 
166 103 412 16 
167 16 412 128 
168 126 410 181 
169 185 411 101 
170 128 412 408 
2 22 2 111
171 19 116 454 
172 111 15 422 
173 428 429 442 
174 428 442 443 
175 429 417 442 
176 417 429 444 
177 427 445 447 
178 422 15 454 
179 433 421 452 
180 445 435 447 
181 421 433 438 
182 443 415 445 
183 428 443 445 
184 423 420 430 
185 420 423 446 
186 15 19 454 
187 107 18 425 
188 434 419 448 
189 418 434 448 
190 425 427 437 
191 107 425 437 
192 18 413 425 
193 73 72 417 
194 417 430 440 
195 431 432 435 
196 415 431 435 
197 115 114 420 
198 68 414 431 
199 10 110 419 
200 109 108 418 
201 104 105 421 
202 68 67 414 
203 69 68 431 
204 70 69 415 
205 415 69 431 
206 431 414 432 
207 432 414 433 
208 432 433 434 
209 425 413 426 
210 428 426 429 
211 421 439 452 
212 108 107 437 
213 115 420 446 
214 18 113 413 
215 427 426 428 
216 434 418 453 
217 73 417 440 
218 419 434 452 
219 113 112 436 
220 418 108 437 
221 433 414 438 
222 67 66 438 
223 105 106 439 
224 112 111 416 
225 424 423 430 
226 417 72 442 
227 425 426 427 
228 416 423 424 
229 413 113 436 
230 416 111 422 
231 437 427 447 
232 112 416 436 
233 416 424 436 
234 430 420 440 
235 70 415 443 
236 414 67 438 
237 421 105 439 
238 416 422 423 
239 429 426 441 
240 109 418 448 
241 419 110 448 
242 66 2 450 
243 2 104 450 
244 17 10 449 
245 106 17 449 
246 74 73 440 
247 4 74 451 
248 114 4 451 
249 426 413 441 
250 413 436 441 
251 435 432 453 
252 430 417 444 
253 429 441 444 
254 436 424 441 
255 72 71 442 
256 442 71 443 
257 441 424 444 
258 71 70 443 
259 434 433 452 
260 424 430 444 
261 446 422 454 
262 415 435 445 
263 447 435 453 
264 116 115 446 
265 439 106 449 
266 438 66 450 
267 420 114 451 
268 110 109 448 
269 427 428 445 
270 10 419 449 
271 104 421 450 
272 432 434 453 
273 418 437 447 
274 440 420 451 
275 423 422 446 
276 421 438 450 
277 419 439 449 
278 116 446 454 
279 439 419 452 
280 74 440 451 
281 418 447 453 
2 25 2 109
282 486 487 456 
283 474 483 463 
284 469 487 486 
285 461 488 475 
286 463 493 474 
287 475 490 461 
288 469 484 467 
289 457 484 469 
290 458 473 472 
291 458 474 473 
292 456 487 475 
293 464 465 460 
294 477 493 463 
295 458 472 90 
296 464 467 465 
297 86 464 460 
298 89 472 470 
299 458 483 474 
300 89 470 88 
301 459 467 464 
302 468 469 467 
303 90 472 89 
304 475 488 456 
305 462 476 118 
306 459 464 87 
307 459 468 467 
308 86 460 85 
309 473 475 471 
310 118 476 119 
311 465 466 460 
312 467 484 465 
313 470 472 471 
314 88 459 87 
315 87 464 86 
316 472 473 471 
317 490 493 461 
318 88 470 459 
319 466 481 460 
320 117 462 118 
321 125 477 124 
322 124 477 463 
323 132 461 133 
324 91 458 90 
325 124 463 123 
326 465 478 466 
327 479 484 457 
328 466 495 481 
329 461 493 482 
330 470 471 468 
331 459 470 468 
332 478 479 455 
333 12 479 129 
334 478 484 479 
335 129 457 130 
336 131 456 24 
337 469 486 457 
338 85 481 84 
339 100 455 12 
340 468 487 469 
341 475 487 471 
342 133 482 134 
343 92 483 91 
344 460 481 85 
345 129 479 457 
346 99 480 100 
347 455 479 12 
348 481 495 462 
349 132 488 461 
350 473 490 475 
351 455 485 478 
352 461 482 133 
353 456 488 24 
354 91 483 458 
355 100 480 455 
356 457 486 130 
357 131 486 456 
358 465 484 478 
359 119 494 14 
360 480 485 455 
361 84 489 6 
362 6 489 117 
363 134 491 21 
364 21 491 125 
365 123 492 8 
366 8 492 92 
367 478 485 466 
368 130 486 131 
369 24 488 132 
370 476 485 480 
371 471 487 468 
372 476 494 119 
373 14 494 99 
374 480 494 476 
375 474 490 473 
376 481 489 84 
377 462 495 476 
378 482 491 134 
379 92 492 483 
380 117 489 462 
381 125 491 477 
382 463 492 123 
383 462 489 481 
384 474 493 490 
385 477 491 482 
386 483 492 463 
387 99 494 480 
388 482 493 477 
389 476 495 485 
390 485 495 466 
2 26 2 165
391 532 523 536 
392 500 532 536 
393 541 500 544 
394 500 536 544 
395 140 19 556 
396 501 508 548 
397 521 520 543 
398 521 543 557 
399 15 111 507 
400 508 501 559 
401 506 543 553 
402 510 107 539 
403 529 509 537 
404 512 510 539 
405 508 509 548 
406 556 507 559 
407 506 542 543 
408 509 503 537 
409 505 541 544 
410 528 504 546 
411 509 529 540 
412 497 61 530 
413 533 506 553 
414 143 545 546 
415 18 107 510 
416 498 63 531 
417 60 497 532 
418 142 141 501 
419 62 498 530 
420 60 61 497 
421 62 63 498 
422 61 62 530 
423 64 504 531 
424 500 59 532 
425 63 64 531 
426 59 60 532 
427 517 524 525 
428 507 503 508 
429 110 506 533 
430 108 109 499 
431 525 527 540 
432 58 59 500 
433 64 65 504 
434 499 109 533 
435 138 505 534 
436 517 525 538 
437 502 137 534 
438 138 139 505 
439 136 137 502 
440 137 138 534 
441 109 110 533 
442 110 10 506 
443 19 15 556 
444 529 511 538 
445 513 515 517 
446 525 526 527 
447 511 513 538 
448 525 524 526 
449 504 528 555 
450 516 519 523 
451 519 520 521 
452 517 522 524 
453 517 515 522 
454 523 519 536 
455 519 521 536 
456 516 523 535 
457 545 528 546 
458 519 518 520 
459 113 18 496 
460 529 538 540 
461 515 516 535 
462 522 515 535 
463 527 526 528 
464 516 518 519 
465 107 108 539 
466 515 514 516 
467 516 514 518 
468 507 508 559 
469 513 514 515 
470 112 113 537 
471 513 517 538 
472 496 511 529 
473 111 112 503 
474 113 496 537 
475 57 58 541 
476 135 136 542 
477 511 512 513 
478 513 512 514 
479 143 142 545 
480 503 112 537 
481 496 18 510 
482 496 510 511 
483 496 529 537 
484 511 510 512 
485 538 525 540 
486 111 503 507 
487 108 499 539 
488 542 502 543 
489 501 141 559 
490 534 505 544 
491 58 500 541 
492 136 502 542 
493 508 503 509 
494 536 521 544 
495 499 533 549 
496 142 501 545 
497 514 512 547 
498 512 539 547 
499 547 499 549 
500 523 532 561 
501 1 57 550 
502 139 1 550 
503 17 135 551 
504 10 17 551 
505 539 499 547 
506 65 3 552 
507 3 144 552 
508 534 544 557 
509 527 528 562 
510 144 143 546 
511 543 502 557 
512 544 521 557 
513 540 527 548 
514 15 507 556 
515 528 545 562 
516 518 514 547 
517 518 547 549 
518 520 518 549 
519 509 540 548 
520 140 556 559 
521 497 530 560 
522 532 497 561 
523 57 541 550 
524 135 542 551 
525 498 531 554 
526 530 498 558 
527 504 65 552 
528 549 533 553 
529 505 139 550 
530 506 10 551 
531 531 504 555 
532 141 140 559 
533 497 560 561 
534 502 534 557 
535 543 520 553 
536 530 558 560 
537 526 524 554 
538 546 504 552 
539 554 524 558 
540 498 554 558 
541 528 526 555 
542 524 522 558 
543 541 505 550 
544 542 506 551 
545 526 554 555 
546 558 522 560 
547 522 535 560 
548 535 523 561 
549 560 535 561 
550 554 531 555 
551 501 548 562 
552 144 546 552 
553 545 501 562 
554 520 549 553 
555 548 527 562 
2 29 2 165
556 154 606 153 
557 594 595 568 
558 154 622 606 
559 570 612 596 
560 596 619 570 
561 595 596 568 
562 569 605 603 
563 598 609 573 
564 604 611 584 
565 580 616 592 
566 592 626 580 
567 568 614 594 
568 605 620 603 
569 564 611 604 
570 608 619 618 
571 598 629 609 
572 599 625 617 
573 608 618 579 
574 132 574 24 
575 24 574 563 
576 565 592 587 
577 587 592 588 
578 571 601 593 
579 617 625 585 
580 586 607 598 
581 565 587 79 
582 597 598 573 
583 574 575 563 
584 587 588 566 
585 78 599 565 
586 570 574 132 
587 146 569 147 
588 82 601 571 
589 148 597 573 
590 579 618 590 
591 80 587 566 
592 582 600 578 
593 588 590 589 
594 569 597 147 
595 578 600 576 
596 133 570 132 
597 152 568 151 
598 80 566 81 
599 78 565 79 
600 603 604 584 
601 588 589 566 
602 589 601 566 
603 79 587 80 
604 567 599 77 
605 575 576 563 
606 77 599 78 
607 593 601 589 
608 145 605 146 
609 590 591 589 
610 147 597 148 
611 581 582 578 
612 598 621 586 
613 76 567 77 
614 82 571 83 
615 583 584 582 
616 148 573 149 
617 591 595 594 
618 566 601 81 
619 81 601 82 
620 129 564 12 
621 591 594 593 
622 581 583 582 
623 593 606 571 
624 586 603 584 
625 591 593 589 
626 24 563 131 
627 600 602 576 
628 596 615 568 
629 577 578 576 
630 131 602 130 
631 583 586 584 
632 580 581 578 
633 570 608 574 
634 581 585 583 
635 577 580 578 
636 575 577 576 
637 146 605 569 
638 574 608 575 
639 575 579 577 
640 575 608 579 
641 584 611 582 
642 563 602 131 
643 133 612 570 
644 75 609 76 
645 594 606 593 
646 576 602 563 
647 606 614 153 
648 612 615 596 
649 592 616 588 
650 610 611 564 
651 100 572 99 
652 583 607 586 
653 599 617 565 
654 585 607 583 
655 602 610 130 
656 568 615 151 
657 130 610 129 
658 600 610 602 
659 76 609 567 
660 129 610 564 
661 597 621 598 
662 605 627 572 
663 152 614 568 
664 590 628 579 
665 604 613 564 
666 606 622 571 
667 600 611 610 
668 564 613 12 
669 590 618 591 
670 14 627 145 
671 7 622 154 
672 83 622 7 
673 5 623 75 
674 149 623 5 
675 145 627 605 
676 582 611 600 
677 134 612 133 
678 150 624 21 
679 21 624 134 
680 612 624 615 
681 581 626 585 
682 100 613 572 
683 12 613 100 
684 577 628 580 
685 570 619 608 
686 618 619 595 
687 613 620 572 
688 595 619 596 
689 99 627 14 
690 153 614 152 
691 151 615 150 
692 603 620 604 
693 609 629 567 
694 594 614 606 
695 567 625 599 
696 588 616 590 
697 565 617 592 
698 604 620 613 
699 586 621 603 
700 572 620 605 
701 603 621 569 
702 585 626 617 
703 591 618 595 
704 580 628 616 
705 75 623 609 
706 569 621 597 
707 571 622 83 
708 573 623 149 
709 580 626 581 
710 609 623 573 
711 585 625 607 
712 579 628 577 
713 572 627 99 
714 134 624 612 
715 607 629 598 
716 567 629 625 
717 615 624 150 
718 617 626 592 
719 625 629 607 
720 616 628 590 
2 30 2 35
721 186 639 199 
722 199 639 631 
723 25 186 199 
724 633 635 188 
725 188 635 187 
726 26 190 189 
727 195 27 196 
728 188 636 633 
729 189 636 188 
730 198 632 197 
731 199 631 198 
732 631 632 198 
733 193 630 192 
734 192 633 191 
735 195 634 194 
736 197 634 196 
737 630 633 192 
738 632 634 197 
739 196 634 195 
740 632 637 634 
741 638 639 635 
742 633 636 191 
743 193 637 630 
744 191 636 190 
745 631 639 638 
746 634 637 194 
747 630 635 633 
748 187 639 186 
749 637 638 630 
750 190 636 189 
751 630 638 635 
752 194 637 193 
753 635 639 187 
754 631 638 632 
755 632 638 637 
2 31 2 11
756 196 640 331 
757 54 640 27 
758 27 640 196 
759 331 640 54 
760 334 25 199 
761 331 197 196 
762 197 332 198 
763 331 332 197 
764 198 333 199 
765 198 332 333 
766 199 333 334 
2 32 2 27
767 26 200 211 
768 206 29 207 
769 211 645 210 
770 642 645 201 
771 210 645 642 
772 201 645 200 
773 202 642 201 
774 208 644 207 
775 644 646 641 
776 206 644 205 
777 207 644 206 
778 208 646 644 
779 205 641 204 
780 210 642 209 
781 203 643 202 
782 642 646 209 
783 28 647 203 
784 643 646 642 
785 204 647 28 
786 202 643 642 
787 200 645 211 
788 205 644 641 
789 209 646 208 
790 641 646 643 
791 641 647 204 
792 643 647 641 
793 203 647 643 
2 33 2 15
794 194 648 195 
795 29 337 195 
796 195 648 29 
797 207 648 194 
798 190 26 211 
799 195 337 27 
800 29 648 207 
801 211 191 190 
802 192 191 210 
803 210 191 211 
804 192 209 193 
805 210 209 192 
806 193 208 194 
807 193 209 208 
808 208 207 194 
2 34 2 22
809 221 649 220 
810 221 651 649 
811 216 650 215 
812 650 653 215 
813 649 650 220 
814 218 217 32 
815 30 212 222 
816 649 651 213 
817 216 652 650 
818 220 650 219 
819 214 649 213 
820 217 652 216 
821 213 651 212 
822 649 653 650 
823 650 652 219 
824 222 651 221 
825 219 652 218 
826 215 653 31 
827 31 653 214 
828 212 651 222 
829 218 652 217 
830 214 653 649 
2 39 2 33
831 656 660 654 
832 654 660 224 
833 228 657 227 
834 227 657 226 
835 657 661 654 
836 226 33 227 
837 26 223 236 
838 661 662 654 
839 226 657 225 
840 224 660 223 
841 225 657 654 
842 225 654 224 
843 231 34 232 
844 233 658 232 
845 231 658 230 
846 232 658 231 
847 230 655 229 
848 235 656 234 
849 228 661 657 
850 233 659 658 
851 230 658 655 
852 658 659 655 
853 654 662 656 
854 223 660 236 
855 234 659 233 
856 656 659 234 
857 236 660 235 
858 229 661 228 
859 235 660 656 
860 655 661 229 
861 656 662 659 
862 659 662 655 
863 655 662 661 
2 40 2 15
864 232 34 336 
865 232 663 233 
866 370 663 56 
867 56 663 336 
868 663 664 233 
869 234 664 371 
870 233 664 234 
871 336 663 232 
872 371 664 370 
873 370 664 663 
874 236 373 26 
875 372 235 234 
876 234 371 372 
877 235 373 236 
878 372 373 235 
2 41 2 11
879 241 239 240 
880 239 242 35 
881 243 665 242 
882 242 665 35 
883 238 665 243 
884 244 33 237 
885 35 665 238 
886 240 36 241 
887 237 238 243 
888 243 244 237 
889 241 242 239 
2 42 2 10
890 230 242 241 
891 229 242 230 
892 241 36 231 
893 231 36 34 
894 241 231 230 
895 227 33 244 
896 244 228 227 
897 228 243 229 
898 244 243 228 
899 229 243 242 
2 43 2 13
900 203 667 28 
901 56 667 370 
902 371 666 202 
903 203 666 370 
904 28 667 56 
905 370 667 203 
906 202 666 203 
907 370 666 371 
908 200 26 373 
909 200 373 201 
910 372 202 201 
911 373 372 201 
912 371 202 372 
2 44 2 7
913 239 35 340 
914 240 335 36 
915 239 668 240 
916 55 668 340 
917 335 668 55 
918 340 668 239 
919 240 668 335 
2 47 2 3
920 45 42 307 
921 307 42 264 
922 43 307 264 
2 48 2 56
923 213 212 680 
924 672 676 679 
925 675 669 685 
926 669 675 680 
927 673 213 680 
928 214 213 673 
929 672 679 684 
930 676 672 682 
931 212 669 680 
932 677 670 679 
933 251 214 673 
934 17 106 687 
935 676 677 679 
936 214 251 31 
937 250 673 674 
938 212 30 669 
939 671 674 675 
940 670 677 683 
941 677 675 685 
942 676 675 677 
943 675 674 680 
944 671 249 674 
945 250 251 673 
946 684 678 687 
947 248 249 671 
948 671 675 676 
949 249 250 674 
950 105 104 672 
951 674 673 680 
952 245 11 670 
953 671 676 682 
954 247 248 682 
955 11 122 678 
956 248 671 682 
957 669 30 681 
958 105 672 684 
959 37 246 681 
960 106 684 687 
961 30 37 681 
962 2 247 686 
963 104 2 686 
964 246 245 683 
965 670 11 678 
966 681 246 683 
967 245 670 683 
968 670 678 679 
969 679 678 684 
970 106 105 684 
971 247 682 686 
972 672 104 686 
973 681 683 685 
974 678 122 687 
975 682 672 686 
976 122 17 687 
977 669 681 685 
978 683 677 685 
2 49 2 34
979 689 692 691 
980 691 692 688 
981 39 694 38 
982 110 10 256 
983 257 694 39 
984 109 693 690 
985 690 697 109 
986 110 693 109 
987 688 697 691 
988 108 688 107 
989 252 689 253 
990 253 691 254 
991 254 690 255 
992 689 696 692 
993 689 691 253 
994 254 691 690 
995 691 697 690 
996 259 692 258 
997 38 694 252 
998 690 693 255 
999 109 697 108 
1000 255 693 256 
1001 18 695 259 
1002 107 695 18 
1003 252 694 689 
1004 258 696 257 
1005 256 693 110 
1006 688 695 107 
1007 257 696 694 
1008 108 697 688 
1009 692 696 258 
1010 692 695 688 
1011 259 695 692 
1012 694 696 689 
2 50 2 29
1013 39 699 257 
1014 263 699 40 
1015 701 702 261 
1016 698 702 701 
1017 260 15 111 
1018 257 700 258 
1019 257 705 700 
1020 260 701 261 
1021 112 701 111 
1022 111 701 260 
1023 113 698 112 
1024 261 702 262 
1025 262 700 263 
1026 698 703 702 
1027 259 704 18 
1028 698 704 703 
1029 18 704 113 
1030 698 701 112 
1031 262 702 700 
1032 258 703 259 
1033 700 703 258 
1034 702 703 700 
1035 113 704 698 
1036 263 705 699 
1037 699 705 257 
1038 700 705 263 
1039 703 704 259 
1040 40 699 41 
1041 41 699 39 
2 51 2 58
1042 19 724 116 
1043 709 717 714 
1044 709 718 717 
1045 714 721 709 
1046 717 718 273 
1047 269 710 23 
1048 708 724 710 
1049 266 721 720 
1050 706 712 711 
1051 713 721 714 
1052 715 719 716 
1053 719 722 716 
1054 42 274 264 
1055 720 721 713 
1056 273 718 274 
1057 711 725 706 
1058 116 724 708 
1059 706 713 712 
1060 714 717 707 
1061 116 708 115 
1062 708 715 115 
1063 271 707 272 
1064 115 715 114 
1065 707 717 272 
1066 23 724 19 
1067 710 711 708 
1068 43 709 265 
1069 267 706 268 
1070 270 716 271 
1071 713 714 712 
1072 271 716 707 
1073 272 717 273 
1074 274 718 264 
1075 266 720 44 
1076 712 719 711 
1077 114 723 4 
1078 4 723 270 
1079 706 720 713 
1080 264 718 43 
1081 267 720 706 
1082 265 721 266 
1083 43 718 709 
1084 708 719 715 
1085 716 722 707 
1086 710 725 711 
1087 706 725 268 
1088 44 720 267 
1089 710 724 23 
1090 711 719 708 
1091 707 722 714 
1092 714 722 712 
1093 269 725 710 
1094 270 723 716 
1095 715 723 114 
1096 709 721 265 
1097 716 723 715 
1098 268 725 269 
1099 712 722 719 
2 52 2 192
1100 70 71 777 
1101 729 757 781 
1102 67 68 761 
1103 759 70 777 
1104 735 67 761 
1105 728 756 760 
1106 32 217 737 
1107 752 758 769 
1108 777 729 781 
1109 730 775 776 
1110 756 728 805 
1111 754 752 769 
1112 68 728 761 
1113 71 729 777 
1114 737 217 783 
1115 773 741 783 
1116 791 780 793 
1117 730 776 782 
1118 746 767 786 
1119 46 47 789 
1120 757 729 804 
1121 759 756 805 
1122 251 250 766 
1123 217 733 783 
1124 733 773 783 
1125 760 756 785 
1126 769 758 792 
1127 250 249 731 
1128 70 759 805 
1129 731 763 764 
1130 732 768 769 
1131 735 761 802 
1132 731 249 763 
1133 728 760 761 
1134 250 731 766 
1135 275 46 727 
1136 68 69 728 
1137 743 745 774 
1138 764 790 799 
1139 731 764 765 
1140 732 272 768 
1141 727 791 793 
1142 780 774 793 
1143 273 274 734 
1144 765 764 767 
1145 217 216 733 
1146 765 767 773 
1147 730 276 770 
1148 273 734 768 
1149 745 749 774 
1150 741 773 787 
1151 46 789 791 
1152 749 755 774 
1153 73 736 772 
1154 71 72 729 
1155 736 784 792 
1156 736 792 798 
1157 749 751 755 
1158 275 727 770 
1159 729 72 772 
1160 790 762 799 
1161 733 216 771 
1162 767 746 787 
1163 249 248 763 
1164 761 760 762 
1165 248 247 778 
1166 66 67 735 
1167 760 785 786 
1168 786 767 799 
1169 272 273 768 
1170 271 272 732 
1171 770 727 793 
1172 72 73 772 
1173 251 766 796 
1174 727 46 791 
1175 73 74 736 
1176 276 275 770 
1177 755 751 775 
1178 216 215 771 
1179 763 248 778 
1180 277 276 730 
1181 768 734 788 
1182 775 754 776 
1183 751 754 775 
1184 731 765 766 
1185 775 730 803 
1186 745 748 749 
1187 770 793 803 
1188 743 774 780 
1189 754 769 788 
1190 751 752 754 
1191 270 271 784 
1192 749 750 751 
1193 732 769 792 
1194 45 278 779 
1195 753 747 756 
1196 277 730 782 
1197 278 277 782 
1198 751 750 752 
1199 752 757 758 
1200 752 750 757 
1201 749 748 750 
1202 47 32 726 
1203 753 759 777 
1204 785 746 786 
1205 745 747 748 
1206 271 732 784 
1207 764 763 790 
1208 69 70 805 
1209 753 756 759 
1210 748 747 753 
1211 745 744 747 
1212 729 772 804 
1213 743 744 745 
1214 274 42 800 
1215 740 742 743 
1216 756 747 785 
1217 744 742 746 
1218 779 278 782 
1219 750 748 781 
1220 753 777 781 
1221 31 251 796 
1222 2 66 795 
1223 247 2 795 
1224 757 750 781 
1225 776 754 788 
1226 748 753 781 
1227 4 270 797 
1228 74 4 797 
1229 215 31 796 
1230 743 742 744 
1231 771 766 794 
1232 730 770 803 
1233 766 771 796 
1234 747 744 785 
1235 762 760 786 
1236 769 768 788 
1237 744 746 785 
1238 740 743 780 
1239 726 738 739 
1240 740 741 742 
1241 766 765 794 
1242 778 735 802 
1243 746 742 787 
1244 734 274 800 
1245 788 734 801 
1246 740 738 741 
1247 739 740 780 
1248 773 767 787 
1249 42 45 800 
1250 778 247 795 
1251 739 738 740 
1252 742 741 787 
1253 773 733 794 
1254 790 778 802 
1255 738 737 783 
1256 726 737 738 
1257 779 734 800 
1258 763 778 790 
1259 741 738 783 
1260 733 771 794 
1261 728 69 805 
1262 793 755 803 
1263 774 755 793 
1264 772 736 798 
1265 726 32 737 
1266 765 773 794 
1267 270 784 797 
1268 779 782 801 
1269 735 778 795 
1270 66 735 795 
1271 761 762 802 
1272 767 764 799 
1273 47 726 789 
1274 771 215 796 
1275 736 74 797 
1276 755 775 803 
1277 782 776 801 
1278 784 732 792 
1279 739 780 791 
1280 784 736 797 
1281 776 788 801 
1282 762 786 799 
1283 45 779 800 
1284 758 757 804 
1285 726 739 789 
1286 734 779 801 
1287 789 739 791 
1288 792 758 798 
1289 762 790 802 
1290 798 758 804 
1291 772 798 804 
2 53 2 23
1292 806 810 30 
1293 222 806 30 
1294 48 806 284 
1295 279 806 48 
1296 808 809 283 
1297 30 810 37 
1298 221 809 808 
1299 220 809 221 
1300 281 807 219 
1301 279 810 806 
1302 283 809 282 
1303 220 807 282 
1304 284 808 283 
1305 222 808 806 
1306 221 808 222 
1307 806 808 284 
1308 282 809 220 
1309 37 810 279 
1310 219 807 220 
1311 282 807 281 
1312 218 32 280 
1313 281 219 218 
1314 281 218 280 
2 54 2 29
1315 811 814 813 
1316 48 815 279 
1317 814 818 813 
1318 37 817 246 
1319 813 816 811 
1320 812 813 286 
1321 245 285 11 
1322 285 812 286 
1323 245 812 285 
1324 288 818 290 
1325 246 812 245 
1326 812 816 813 
1327 279 817 37 
1328 286 813 287 
1329 813 818 287 
1330 246 817 812 
1331 812 817 816 
1332 50 814 811 
1333 811 816 815 
1334 287 818 288 
1335 816 817 815 
1336 811 815 48 
1337 815 817 279 
1338 290 818 814 
1339 50 811 48 
1340 290 814 50 
1341 291 49 289 
1342 289 288 291 
1343 291 288 290 
2 55 2 20
1344 254 287 288 
1345 256 10 93 
1346 288 253 254 
1347 93 821 256 
1348 252 253 289 
1349 254 820 287 
1350 289 253 288 
1351 286 819 285 
1352 256 819 255 
1353 256 821 819 
1354 11 821 93 
1355 285 821 11 
1356 255 820 254 
1357 286 820 819 
1358 819 820 255 
1359 287 820 286 
1360 819 821 285 
1361 51 38 252 
1362 49 51 252 
1363 49 252 289 
2 56 2 44
1364 826 832 822 
1365 41 825 296 
1366 822 833 826 
1367 830 832 826 
1368 824 828 300 
1369 828 835 825 
1370 824 835 828 
1371 826 833 824 
1372 45 292 278 
1373 292 829 278 
1374 278 829 277 
1375 300 828 38 
1376 299 826 824 
1377 299 824 300 
1378 294 827 293 
1379 298 826 299 
1380 822 827 294 
1381 295 822 294 
1382 827 829 293 
1383 276 823 275 
1384 293 829 292 
1385 297 830 298 
1386 831 832 823 
1387 277 831 276 
1388 827 832 831 
1389 829 831 277 
1390 827 831 829 
1391 298 830 826 
1392 296 833 295 
1393 276 831 823 
1394 823 832 830 
1395 822 832 827 
1396 46 834 297 
1397 275 834 46 
1398 295 833 822 
1399 297 834 830 
1400 296 835 833 
1401 830 834 823 
1402 823 834 275 
1403 825 835 296 
1404 39 828 825 
1405 833 835 824 
1406 39 825 41 
1407 38 828 39 
2 57 2 26
1408 304 15 260 
1409 301 842 306 
1410 306 52 301 
1411 836 842 301 
1412 261 839 260 
1413 260 839 304 
1414 304 839 303 
1415 305 840 53 
1416 263 837 262 
1417 302 836 301 
1418 53 840 263 
1419 303 838 302 
1420 302 838 836 
1421 262 841 261 
1422 306 842 305 
1423 841 842 836 
1424 837 842 841 
1425 261 841 838 
1426 305 842 837 
1427 303 839 838 
1428 263 840 837 
1429 838 841 836 
1430 837 841 262 
1431 838 839 261 
1432 837 840 305 
1433 263 40 53 
2 58 2 20
1434 310 845 296 
1435 310 296 295 
1436 292 45 307 
1437 308 843 43 
1438 43 843 307 
1439 40 845 53 
1440 295 846 310 
1441 292 843 293 
1442 307 843 292 
1443 308 844 843 
1444 309 844 308 
1445 843 844 293 
1446 310 846 309 
1447 293 844 294 
1448 309 846 844 
1449 844 846 294 
1450 294 846 295 
1451 41 845 40 
1452 296 845 41 
1453 53 845 310 
2 59 2 9
1454 304 23 15 
1455 269 23 304 
1456 52 44 301 
1457 301 44 267 
1458 302 267 268 
1459 301 267 302 
1460 303 268 269 
1461 302 268 303 
1462 303 269 304 
2 60 2 15
1463 847 849 309 
1464 309 848 847 
1465 310 305 53 
1466 308 43 265 
1467 52 847 266 
1468 306 847 52 
1469 309 849 310 
1470 308 848 309 
1471 266 848 265 
1472 305 849 306 
1473 265 848 308 
1474 310 849 305 
1475 306 849 847 
1476 847 848 266 
1477 44 52 266 
2 61 2 18
1478 297 853 46 
1479 299 850 313 
1480 47 853 311 
1481 314 850 300 
1482 298 851 312 
1483 313 851 299 
1484 297 852 311 
1485 312 852 298 
1486 46 853 47 
1487 311 853 297 
1488 298 852 297 
1489 299 851 298 
1490 300 850 299 
1491 311 852 312 
1492 312 851 313 
1493 313 850 314 
1494 38 51 300 
1495 300 51 314 
2 62 2 12
1496 50 48 284 
1497 319 32 47 
1498 280 32 319 
1499 284 315 50 
1500 318 281 280 
1501 318 280 319 
1502 317 282 281 
1503 317 281 318 
1504 283 282 316 
1505 316 282 317 
1506 283 315 284 
1507 316 315 283 
2 63 2 25
1508 319 47 311 
1509 49 857 314 
1510 291 857 49 
1511 854 857 856 
1512 318 858 855 
1513 855 858 312 
1514 316 856 315 
1515 315 856 290 
1516 290 50 315 
1517 312 858 311 
1518 318 855 317 
1519 319 858 318 
1520 856 859 854 
1521 854 855 313 
1522 314 854 313 
1523 313 855 312 
1524 856 857 291 
1525 290 856 291 
1526 314 857 854 
1527 855 859 317 
1528 854 859 855 
1529 316 859 856 
1530 317 859 316 
1531 311 858 319 
1532 49 314 51 
2 64 2 58
1533 20 30 869 
1534 30 212 869 
1535 30 20 37 
1536 13 121 870 
1537 860 870 872 
1538 864 865 866 
1539 860 872 876 
1540 862 868 874 
1541 860 13 870 
1542 121 864 870 
1543 874 868 878 
1544 865 864 869 
1545 864 866 870 
1546 212 865 869 
1547 862 867 868 
1548 865 861 866 
1549 120 20 869 
1550 213 861 865 
1551 862 118 867 
1552 320 321 863 
1553 118 119 867 
1554 212 213 865 
1555 864 120 869 
1556 213 214 861 
1557 117 118 862 
1558 320 863 873 
1559 873 863 875 
1560 121 120 864 
1561 861 214 873 
1562 31 320 873 
1563 321 322 874 
1564 97 13 860 
1565 214 31 873 
1566 863 321 874 
1567 98 97 871 
1568 870 866 872 
1569 863 874 878 
1570 861 873 875 
1571 97 860 871 
1572 866 861 875 
1573 119 14 879 
1574 872 868 876 
1575 322 6 877 
1576 6 117 877 
1577 872 866 875 
1578 867 119 879 
1579 14 98 879 
1580 868 867 876 
1581 871 867 879 
1582 874 322 877 
1583 867 871 876 
1584 117 862 877 
1585 862 874 877 
1586 875 863 878 
1587 871 860 876 
1588 868 872 878 
1589 98 871 879 
1590 872 875 878 
2 65 2 21
1591 20 883 37 
1592 49 880 323 
1593 159 880 158 
1594 48 882 50 
1595 291 158 49 
1596 157 158 291 
1597 291 290 157 
1598 157 290 156 
1599 290 882 156 
1600 158 880 49 
1601 279 881 48 
1602 881 882 48 
1603 323 880 159 
1604 156 882 155 
1605 155 883 20 
1606 37 883 279 
1607 881 883 155 
1608 279 883 881 
1609 155 882 881 
1610 159 9 323 
1611 50 882 290 
2 66 2 126
1612 913 907 922 
1613 904 915 923 
1614 915 893 923 
1615 890 913 922 
1616 902 88 921 
1617 88 87 921 
1618 217 32 894 
1619 32 884 894 
1620 899 885 919 
1621 892 907 913 
1622 904 891 915 
1623 885 899 930 
1624 47 46 924 
1625 901 899 919 
1626 894 884 895 
1627 887 86 903 
1628 87 887 921 
1629 88 902 926 
1630 903 904 908 
1631 87 86 887 
1632 888 217 894 
1633 907 906 911 
1634 905 906 907 
1635 905 889 906 
1636 888 894 925 
1637 887 903 908 
1638 90 889 905 
1639 85 891 903 
1640 903 891 904 
1641 86 85 903 
1642 892 905 907 
1643 324 325 890 
1644 90 89 889 
1645 321 320 893 
1646 892 91 905 
1647 91 90 905 
1648 906 889 920 
1649 92 91 892 
1650 216 217 888 
1651 85 84 891 
1652 908 904 917 
1653 909 886 914 
1654 46 275 885 
1655 278 45 912 
1656 325 326 913 
1657 275 276 909 
1658 890 325 913 
1659 911 906 914 
1660 276 277 886 
1661 322 321 915 
1662 886 911 914 
1663 888 917 923 
1664 894 895 925 
1665 917 888 925 
1666 898 908 917 
1667 215 216 916 
1668 277 278 910 
1669 321 893 915 
1670 924 46 930 
1671 276 886 909 
1672 885 275 909 
1673 216 888 916 
1674 908 898 918 
1675 895 898 925 
1676 895 884 896 
1677 886 277 910 
1678 89 88 926 
1679 886 910 911 
1680 910 278 912 
1681 32 47 884 
1682 898 897 918 
1683 42 324 931 
1684 920 889 932 
1685 907 911 922 
1686 887 908 918 
1687 900 901 902 
1688 320 31 929 
1689 897 900 918 
1690 8 92 927 
1691 326 8 927 
1692 84 6 928 
1693 6 322 928 
1694 900 899 901 
1695 31 215 929 
1696 909 914 919 
1697 46 885 930 
1698 901 919 920 
1699 895 897 898 
1700 885 909 919 
1701 919 914 920 
1702 324 890 931 
1703 897 899 900 
1704 893 916 923 
1705 45 42 931 
1706 910 912 922 
1707 916 888 923 
1708 914 906 920 
1709 887 918 921 
1710 897 896 899 
1711 911 910 922 
1712 890 912 931 
1713 900 902 921 
1714 912 890 922 
1715 895 896 897 
1716 918 900 921 
1717 893 320 929 
1718 889 89 926 
1719 913 326 927 
1720 898 917 925 
1721 322 915 928 
1722 92 892 927 
1723 884 47 924 
1724 891 84 928 
1725 917 904 923 
1726 889 926 932 
1727 892 913 927 
1728 215 916 929 
1729 915 891 928 
1730 916 893 929 
1731 912 45 931 
1732 896 884 924 
1733 899 896 930 
1734 902 901 932 
1735 901 920 932 
1736 896 924 930 
1737 926 902 932 
2 67 2 55
1738 939 947 946 
1739 940 947 939 
1740 938 943 937 
1741 938 950 943 
1742 266 937 265 
1743 16 937 266 
1744 266 44 16 
1745 128 938 937 
1746 934 939 938 
1747 22 941 126 
1748 324 942 936 
1749 934 938 127 
1750 937 943 265 
1751 128 937 16 
1752 324 936 325 
1753 944 947 935 
1754 126 934 127 
1755 947 951 935 
1756 127 938 128 
1757 941 951 940 
1758 126 941 934 
1759 934 940 939 
1760 123 935 124 
1761 945 951 941 
1762 946 947 936 
1763 265 943 43 
1764 939 950 938 
1765 934 941 940 
1766 42 942 324 
1767 124 945 125 
1768 325 944 326 
1769 936 944 325 
1770 43 933 264 
1771 935 945 124 
1772 125 948 21 
1773 21 948 22 
1774 43 943 933 
1775 264 942 42 
1776 942 946 936 
1777 326 949 8 
1778 8 949 123 
1779 933 942 264 
1780 22 948 941 
1781 944 949 326 
1782 945 948 125 
1783 933 946 942 
1784 946 950 939 
1785 123 949 935 
1786 936 947 944 
1787 941 948 945 
1788 935 949 944 
1789 933 950 946 
1790 935 951 945 
1791 943 950 933 
1792 940 951 947 
2 68 2 4
1793 323 9 327 
1794 51 49 323 
1795 51 323 38 
1796 38 323 327 
2 69 2 1
1797 16 44 52 
2 70 2 2
1798 327 9 39 
1799 327 39 38 
2 71 2 3
1800 41 39 328 
1801 39 9 328 
1802 328 40 41 
2 72 2 17
1803 53 953 305 
1804 101 952 328 
1805 102 953 101 
1806 305 953 102 
1807 328 952 40 
1808 102 955 305 
1809 40 952 53 
1810 52 954 16 
1811 103 955 102 
1812 16 954 103 
1813 101 953 952 
1814 952 953 53 
1815 306 954 52 
1816 305 955 306 
1817 306 955 954 
1818 954 955 103 
1819 101 328 9 
2 73 2 50
1820 330 329 960 
1821 961 958 970 
1822 246 330 960 
1823 964 138 969 
1824 959 964 969 
1825 11 245 956 
1826 135 17 970 
1827 958 135 970 
1828 136 958 962 
1829 330 246 37 
1830 965 957 966 
1831 960 329 971 
1832 139 138 964 
1833 11 956 961 
1834 962 963 969 
1835 136 135 958 
1836 963 959 969 
1837 25 334 957 
1838 137 136 962 
1839 966 957 967 
1840 245 246 960 
1841 956 245 960 
1842 961 956 966 
1843 333 959 963 
1844 956 960 965 
1845 958 961 966 
1846 25 957 971 
1847 334 333 963 
1848 333 332 959 
1849 332 331 964 
1850 122 11 961 
1851 962 958 967 
1852 139 964 968 
1853 957 334 963 
1854 959 332 964 
1855 138 137 969 
1856 54 1 968 
1857 963 962 967 
1858 957 963 967 
1859 957 965 971 
1860 1 139 968 
1861 964 331 968 
1862 956 965 966 
1863 965 960 971 
1864 137 962 969 
1865 331 54 968 
1866 122 961 970 
1867 329 25 971 
1868 17 122 970 
1869 958 966 967 
2 74 2 35
1870 62 61 56 
1871 335 65 36 
1872 336 62 56 
1873 204 60 205 
1874 34 976 63 
1875 65 976 36 
1876 63 62 336 
1877 60 59 205 
1878 336 34 63 
1879 205 59 206 
1880 36 976 34 
1881 59 975 206 
1882 63 976 64 
1883 3 974 55 
1884 64 976 65 
1885 335 974 65 
1886 58 975 59 
1887 1 973 57 
1888 206 975 29 
1889 61 977 28 
1890 204 977 60 
1891 57 972 58 
1892 65 974 3 
1893 337 973 27 
1894 60 977 61 
1895 29 972 337 
1896 29 975 972 
1897 55 974 335 
1898 28 977 204 
1899 972 975 58 
1900 972 973 337 
1901 57 973 972 
1902 56 61 28 
1903 54 973 1 
1904 27 973 54 
2 75 2 50
1905 984 986 978 
1906 140 992 19 
1907 978 986 268 
1908 143 985 982 
1909 144 985 143 
1910 23 980 269 
1911 980 992 991 
1912 338 44 267 
1913 982 990 143 
1914 978 989 984 
1915 33 979 237 
1916 268 986 267 
1917 238 982 35 
1918 33 984 979 
1919 980 981 978 
1920 55 988 3 
1921 269 978 268 
1922 269 980 978 
1923 980 991 981 
1924 142 983 141 
1925 983 993 991 
1926 19 992 23 
1927 339 984 33 
1928 983 991 141 
1929 982 985 35 
1930 267 986 338 
1931 991 993 981 
1932 979 987 237 
1933 338 986 339 
1934 979 993 987 
1935 143 990 142 
1936 23 992 980 
1937 339 986 984 
1938 237 987 238 
1939 238 987 982 
1940 35 985 340 
1941 340 988 55 
1942 3 988 144 
1943 987 990 982 
1944 144 988 985 
1945 991 992 140 
1946 987 993 983 
1947 984 989 979 
1948 983 990 987 
1949 142 990 983 
1950 985 988 340 
1951 141 991 140 
1952 981 989 978 
1953 981 993 989 
1954 989 993 979 
2 76 2 8
1955 48 341 279 
1956 330 994 341 
1957 341 994 279 
1958 37 994 330 
1959 279 994 37 
1960 342 25 329 
1961 329 330 342 
1962 330 341 342 
2 77 2 32
1963 306 999 997 
1964 997 999 995 
1965 26 345 223 
1966 306 997 305 
1967 305 997 996 
1968 305 996 53 
1969 998 1000 224 
1970 52 999 306 
1971 223 1002 224 
1972 226 1003 33 
1973 224 1000 225 
1974 338 999 52 
1975 995 1001 997 
1976 345 1002 223 
1977 344 1002 345 
1978 53 996 343 
1979 1000 1001 225 
1980 343 998 344 
1981 225 1001 226 
1982 996 1000 998 
1983 997 1000 996 
1984 339 995 338 
1985 996 998 343 
1986 224 1002 998 
1987 997 1001 1000 
1988 995 1003 1001 
1989 339 1003 995 
1990 998 1002 344 
1991 33 1003 339 
1992 995 999 338 
1993 1001 1003 226 
1994 338 52 44 
2 78 2 7
1995 345 26 347 
1996 41 40 343 
1997 343 40 53 
1998 41 343 346 
1999 346 343 344 
2000 344 345 347 
2001 346 344 347 
2 79 2 10
2002 349 1005 347 
2003 348 1005 349 
2004 346 1004 39 
2005 38 1004 348 
2006 1004 1005 348 
2007 346 1005 1004 
2008 39 1004 38 
2009 347 1005 346 
2010 347 26 349 
2011 41 346 39 
2 80 2 29
2012 189 1011 351 
2013 350 1013 51 
2014 49 1006 291 
2015 353 1008 352 
2016 290 1012 1010 
2017 352 1008 186 
2018 352 186 25 
2019 1010 1012 1007 
2020 49 1013 1006 
2021 1009 1011 189 
2022 187 1007 188 
2023 187 1008 1007 
2024 50 1010 353 
2025 186 1008 187 
2026 1007 1009 188 
2027 353 1010 1008 
2028 1011 1013 350 
2029 1008 1010 1007 
2030 290 1010 50 
2031 291 1012 290 
2032 1006 1013 1011 
2033 188 1009 189 
2034 1007 1012 1009 
2035 351 1011 350 
2036 1009 1012 1006 
2037 1006 1011 1009 
2038 1006 1012 291 
2039 51 1013 49 
2040 26 189 351 
2 81 2 5
2041 352 25 342 
2042 48 50 353 
2043 341 48 353 
2044 342 341 352 
2045 352 341 353 
2 82 2 5
2046 349 26 351 
2047 350 51 38 
2048 38 348 350 
2049 351 348 349 
2050 350 348 351 
2 83 2 132
2051 1021 1036 1044 
2052 332 333 1052 
2053 1036 1021 1043 
2054 37 20 1023 
2055 1052 1020 1063 
2056 1051 1052 1063 
2057 330 37 1023 
2058 1040 332 1052 
2059 1024 1045 1047 
2060 331 332 1040 
2061 333 1020 1052 
2062 354 331 1040 
2063 1038 1014 1045 
2064 1045 1014 1047 
2065 1048 1042 1053 
2066 1039 1016 1060 
2067 330 1023 1047 
2068 1016 1039 1059 
2069 1032 1048 1053 
2070 1023 1024 1047 
2071 1037 1018 1065 
2072 331 354 54 
2073 1017 356 1041 
2074 1044 1036 1057 
2075 1030 1038 1045 
2076 1057 1015 1062 
2077 1016 358 1042 
2078 1014 1038 1056 
2079 1036 1043 1055 
2080 355 1040 1041 
2081 20 1019 1023 
2082 1018 1037 1055 
2083 1021 1044 1054 
2084 147 1018 1043 
2085 355 354 1040 
2086 145 146 1021 
2087 357 1017 1042 
2088 357 356 1017 
2089 1030 1035 1038 
2090 1021 146 1043 
2091 356 355 1041 
2092 1023 1019 1024 
2093 359 358 1016 
2094 358 357 1042 
2095 20 120 1019 
2096 1036 1031 1057 
2097 1018 1050 1065 
2098 146 147 1043 
2099 1016 1042 1048 
2100 147 148 1018 
2101 361 360 1022 
2102 1019 120 1046 
2103 1024 1026 1045 
2104 1026 1030 1045 
2105 120 121 1046 
2106 333 334 1020 
2107 1017 1041 1051 
2108 1039 1022 1059 
2109 1026 1028 1030 
2110 1042 1017 1053 
2111 121 13 1015 
2112 1025 1019 1046 
2113 1029 1027 1031 
2114 1033 1031 1036 
2115 1030 1032 1035 
2116 148 149 1050 
2117 121 1015 1046 
2118 329 330 1047 
2119 1025 1046 1049 
2120 1034 1037 1039 
2121 25 329 1014 
2122 1030 1028 1032 
2123 1024 1019 1025 
2124 1044 1057 1062 
2125 1029 1033 1034 
2126 1029 1031 1033 
2127 1024 1025 1026 
2128 1051 1041 1052 
2129 1034 1033 1037 
2130 1020 1056 1063 
2131 1026 1027 1028 
2132 1028 1027 1029 
2133 1046 1015 1049 
2134 1031 1027 1049 
2135 1026 1025 1027 
2136 1027 1025 1049 
2137 25 1014 1056 
2138 1018 148 1050 
2139 1020 334 1056 
2140 1014 329 1047 
2141 1041 1040 1052 
2142 334 25 1056 
2143 359 1016 1059 
2144 1022 360 1059 
2145 14 145 1064 
2146 5 361 1061 
2147 149 5 1061 
2148 1043 1018 1055 
2149 1056 1038 1063 
2150 1048 1032 1058 
2151 1029 1034 1058 
2152 1037 1033 1055 
2153 1022 1039 1065 
2154 1032 1028 1058 
2155 1021 1054 1064 
2156 1051 1035 1053 
2157 1058 1034 1060 
2158 97 98 1054 
2159 1035 1051 1063 
2160 145 1021 1064 
2161 1035 1032 1053 
2162 1015 13 1062 
2163 1017 1051 1053 
2164 98 14 1064 
2165 1033 1036 1055 
2166 1031 1049 1057 
2167 1048 1058 1060 
2168 1028 1029 1058 
2169 1049 1015 1057 
2170 1034 1039 1060 
2171 97 1054 1062 
2172 1050 149 1061 
2173 1039 1037 1065 
2174 360 359 1059 
2175 1038 1035 1063 
2176 361 1022 1061 
2177 13 97 1062 
2178 1054 1044 1062 
2179 1016 1048 1060 
2180 1022 1050 1061 
2181 1050 1022 1065 
2182 1054 98 1064 
2 84 2 247
2183 205 1157 204 
2184 1133 1149 1074 
2185 1074 1140 1133 
2186 28 1119 1066 
2187 1076 1123 1116 
2188 1066 1119 1115 
2189 1123 1167 1080 
2190 204 1157 1119 
2191 1107 1126 1125 
2192 1123 1154 1116 
2193 1115 1118 1066 
2194 1125 1155 1107 
2195 204 1119 28 
2196 34 1081 36 
2197 354 1161 1144 
2198 1126 1152 1070 
2199 1117 1137 1104 
2200 1070 1168 1126 
2201 1133 1140 1106 
2202 1106 1137 1133 
2203 1072 1137 1117 
2204 1152 1157 1070 
2205 1108 1159 1124 
2206 1129 1140 1074 
2207 1124 1160 1108 
2208 1078 1141 1131 
2209 362 1167 1123 
2210 1078 1158 1141 
2211 1129 1162 1140 
2212 1104 1137 1106 
2213 1070 1157 205 
2214 1151 1169 1069 
2215 1120 1168 1070 
2216 1116 1124 1076 
2217 1122 1125 1121 
2218 1079 1149 1133 
2219 206 1120 1070 
2220 1118 1135 1066 
2221 1069 1169 1127 
2222 1122 1161 354 
2223 1143 1162 1068 
2224 55 1167 362 
2225 1076 1147 364 
2226 1083 1135 1118 
2227 1115 1128 1118 
2228 1117 1146 1072 
2229 1085 1128 1087 
2230 29 1120 206 
2231 1068 1159 1143 
2232 1124 1147 1076 
2233 1071 1081 34 
2234 1071 1082 1081 
2235 36 1081 1080 
2236 1118 1128 1085 
2237 1087 1128 1090 
2238 1141 1158 1113 
2239 1107 1152 1126 
2240 356 1127 1075 
2241 1107 1155 1110 
2242 1080 1154 1123 
2243 1072 1146 80 
2244 1121 1161 1122 
2245 362 1123 363 
2246 1115 1119 1112 
2247 1125 1126 1121 
2248 355 1122 354 
2249 363 1123 1076 
2250 1099 1115 1112 
2251 1099 1112 1100 
2252 28 1066 56 
2253 363 1076 364 
2254 1134 1158 1148 
2255 1071 1135 1083 
2256 1090 1099 1094 
2257 356 1075 355 
2258 1117 1150 1146 
2259 1075 1122 355 
2260 1068 1129 366 
2261 1081 1154 1080 
2262 1067 1130 78 
2263 1099 1100 1094 
2264 1069 1127 357 
2265 1090 1128 1099 
2266 365 1068 366 
2267 357 1127 356 
2268 1134 1166 1158 
2269 79 1067 78 
2270 367 1129 1074 
2271 81 1132 1072 
2272 366 1129 367 
2273 77 1130 1073 
2274 1079 1133 1132 
2275 1078 1131 359 
2276 1133 1137 1132 
2277 56 1135 336 
2278 78 1130 77 
2279 81 1072 80 
2280 358 1069 357 
2281 358 1131 1069 
2282 1083 1118 1085 
2283 1136 1142 1088 
2284 1111 1142 1105 
2285 1079 1132 82 
2286 82 1132 81 
2287 1089 1136 1088 
2288 1099 1128 1115 
2289 77 1073 76 
2290 367 1074 368 
2291 1073 1134 76 
2292 359 1131 358 
2293 360 1078 359 
2294 1075 1125 1122 
2295 1087 1090 1089 
2296 83 1079 82 
2297 76 1134 75 
2298 1092 1136 1089 
2299 1090 1094 1091 
2300 1105 1136 1096 
2301 1104 1105 1096 
2302 1111 1143 1142 
2303 1132 1137 1072 
2304 1127 1155 1075 
2305 1106 1111 1105 
2306 1095 1096 1092 
2307 1146 1150 1067 
2308 1098 1145 1114 
2309 1088 1142 1108 
2310 1066 1135 56 
2311 1100 1107 1102 
2312 336 1135 1071 
2313 1093 1138 1098 
2314 1093 1098 1097 
2315 1096 1136 1092 
2316 1101 1109 1097 
2317 1095 1103 1096 
2318 1098 1114 1101 
2319 1104 1106 1105 
2320 1103 1104 1096 
2321 1093 1095 1092 
2322 1100 1102 1094 
2323 1098 1101 1097 
2324 1071 1083 1082 
2325 1101 1113 1109 
2326 1093 1097 1095 
2327 1106 1140 1111 
2328 1090 1091 1089 
2329 1103 1117 1104 
2330 1091 1093 1092 
2331 336 1071 34 
2332 1095 1139 1103 
2333 1109 1139 1097 
2334 1105 1142 1136 
2335 1094 1138 1091 
2336 1114 1141 1101 
2337 1097 1139 1095 
2338 1142 1143 1108 
2339 1091 1092 1089 
2340 1088 1108 1086 
2341 80 1146 79 
2342 1091 1138 1093 
2343 1101 1141 1113 
2344 1087 1089 1088 
2345 206 1070 205 
2346 1107 1110 1102 
2347 364 1147 365 
2348 1102 1138 1094 
2349 1087 1088 1086 
2350 1083 1085 1084 
2351 1085 1087 1086 
2352 361 1148 360 
2353 368 1149 369 
2354 1083 1084 1082 
2355 1085 1086 1084 
2356 1143 1159 1108 
2357 79 1146 1067 
2358 1084 1116 1082 
2359 1100 1152 1107 
2360 1138 1145 1098 
2361 1068 1162 1129 
2362 1103 1150 1117 
2363 1102 1145 1138 
2364 1110 1145 1102 
2365 365 1147 1068 
2366 1140 1162 1111 
2367 360 1148 1078 
2368 1074 1149 368 
2369 1145 1151 1114 
2370 1141 1163 1131 
2371 1109 1153 1139 
2372 36 1080 335 
2373 1067 1153 1130 
2374 1139 1150 1103 
2375 337 1077 29 
2376 75 1164 5 
2377 5 1164 361 
2378 7 1165 83 
2379 369 1165 7 
2380 1112 1152 1100 
2381 1116 1160 1124 
2382 1109 1156 1153 
2383 1112 1157 1152 
2384 1110 1151 1145 
2385 1113 1156 1109 
2386 1108 1160 1086 
2387 1069 1163 1151 
2388 1082 1154 1081 
2389 27 1144 337 
2390 1150 1153 1067 
2391 1073 1166 1134 
2392 1084 1160 1116 
2393 1119 1157 1112 
2394 1114 1163 1141 
2395 1116 1154 1082 
2396 1153 1156 1130 
2397 1130 1156 1073 
2398 1139 1153 1150 
2399 1075 1155 1125 
2400 1147 1159 1068 
2401 1127 1169 1155 
2402 1077 1120 29 
2403 1126 1168 1121 
2404 1148 1158 1078 
2405 1086 1160 1084 
2406 1077 1121 1120 
2407 1131 1163 1069 
2408 1149 1165 369 
2409 361 1164 1148 
2410 1124 1159 1147 
2411 1111 1162 1143 
2412 337 1144 1077 
2413 1151 1163 1114 
2414 1134 1164 75 
2415 83 1165 1079 
2416 1080 1167 335 
2417 1148 1164 1134 
2418 1079 1165 1149 
2419 1113 1166 1156 
2420 335 1167 55 
2421 1121 1168 1120 
2422 1110 1169 1151 
2423 1077 1161 1121 
2424 1156 1166 1073 
2425 1144 1161 1077 
2426 1158 1166 1113 
2427 1155 1169 1110 
2428 54 1144 27 
2429 354 1144 54 
2 85 2 125
2430 1200 1216 1171 
2431 1192 1200 1171 
2432 1171 1198 1192 
2433 128 1205 1172 
2434 1172 1205 1194 
2435 1171 1216 1196 
2436 1192 1198 1193 
2437 1193 1198 1177 
2438 55 362 340 
2439 1199 1211 1190 
2440 1177 1217 1193 
2441 1170 1209 1195 
2442 1190 1203 1199 
2443 1195 1206 1170 
2444 1202 1211 1199 
2445 35 1178 238 
2446 1176 1181 237 
2447 1181 1218 237 
2448 1175 1207 1191 
2449 1191 1211 1175 
2450 237 1218 33 
2451 363 1204 362 
2452 1173 1214 1179 
2453 1173 1216 1214 
2454 1196 1216 1173 
2455 1178 1179 1176 
2456 1191 1207 1172 
2457 44 1197 16 
2458 1180 1181 1176 
2459 1172 1210 1191 
2460 1194 1195 1185 
2461 1171 1196 366 
2462 1180 1182 1181 
2463 1179 1215 1173 
2464 1179 1180 1176 
2465 367 1198 1171 
2466 365 1196 1173 
2467 1195 1209 1185 
2468 365 1173 364 
2469 363 1208 1204 
2470 238 1178 1176 
2471 16 1205 128 
2472 362 1204 340 
2473 367 1171 366 
2474 1194 1210 1172 
2475 340 1204 35 
2476 366 1196 365 
2477 1177 1198 368 
2478 368 1198 367 
2479 1183 1200 1184 
2480 238 1176 237 
2481 152 1199 1174 
2482 1199 1203 1174 
2483 1184 1185 1182 
2484 1184 1200 1187 
2485 152 1174 153 
2486 151 1199 152 
2487 128 1172 127 
2488 369 1177 368 
2489 1201 1217 1177 
2490 126 1175 22 
2491 1187 1192 1189 
2492 1192 1193 1189 
2493 1187 1200 1192 
2494 1190 1191 1188 
2495 1189 1190 1188 
2496 1187 1189 1188 
2497 1186 1194 1185 
2498 1180 1183 1182 
2499 1187 1188 1186 
2500 1179 1214 1180 
2501 1209 1218 1181 
2502 1184 1186 1185 
2503 153 1201 154 
2504 150 1202 151 
2505 1170 1218 1209 
2506 1183 1184 1182 
2507 1184 1187 1186 
2508 35 1204 1178 
2509 33 1170 339 
2510 1174 1201 153 
2511 151 1202 1199 
2512 1193 1203 1189 
2513 1182 1209 1181 
2514 1172 1207 127 
2515 338 1197 44 
2516 126 1207 1175 
2517 7 1212 369 
2518 154 1212 7 
2519 21 1213 150 
2520 22 1213 21 
2521 1191 1210 1188 
2522 364 1215 363 
2523 1195 1205 1197 
2524 1194 1205 1195 
2525 1189 1203 1190 
2526 1186 1210 1194 
2527 1178 1208 1179 
2528 1170 1206 339 
2529 1197 1206 1195 
2530 338 1206 1197 
2531 1185 1209 1182 
2532 363 1215 1208 
2533 339 1206 338 
2534 127 1207 126 
2535 1175 1211 1202 
2536 1173 1215 364 
2537 1188 1210 1186 
2538 1193 1217 1203 
2539 1201 1212 154 
2540 150 1213 1202 
2541 1190 1211 1191 
2542 369 1212 1177 
2543 1175 1213 22 
2544 1183 1216 1200 
2545 1197 1205 16 
2546 1180 1214 1183 
2547 1204 1208 1178 
2548 1177 1212 1201 
2549 1202 1213 1175 
2550 1214 1216 1183 
2551 1203 1217 1174 
2552 1174 1217 1201 
2553 33 1218 1170 
2554 1208 1215 1179 
$EndElements
