$MeshFormat
4.1 0 8
$EndMeshFormat
$Entities
508 1544 506 1
1 0 0 1 0 
2 0 0 0 0 
3 0 1 1 0 
4 0 1 0 0 
5 1 0 1 0 
6 1 0 0 0 
7 1 1 1 0 
8 1 1 0 0 
9 -0.1000000238418579 -0.1000000238418579 0.25 0 
10 0.01999998092651367 -0.1000000238418579 0.25 0 
11 0.1399999856948853 -0.1000000238418579 0.25 0 
12 0.2599999904632568 -0.1000000238418579 0.25 0 
13 0.3799999952316284 -0.1000000238418579 0.25 0 
14 0.5 -0.1000000238418579 0.25 0 
15 0.6200000047683716 -0.1000000238418579 0.25 0 
16 0.7400000095367432 -0.1000000238418579 0.25 0 
17 0.8600000143051147 -0.1000000238418579 0.25 0 
18 0.9800000190734863 -0.1000000238418579 0.25 0 
19 1.100000023841858 -0.1000000238418579 0.25 0 
20 -0.1000000238418579 0.01999998092651367 0.25 0 
21 0.01999998092651367 0.01999998092651367 0.25 0 
22 0.1399999856948853 0.01999998092651367 0.25 0 
23 0.2599999904632568 0.01999998092651367 0.25 0 
24 0.3799999952316284 0.01999998092651367 0.25 0 
25 0.5 0.01999998092651367 0.25 0 
26 0.6200000047683716 0.01999998092651367 0.25 0 
27 0.7400000095367432 0.01999998092651367 0.25 0 
28 0.8600000143051147 0.01999998092651367 0.25 0 
29 0.9800000190734863 0.01999998092651367 0.25 0 
30 1.100000023841858 0.01999998092651367 0.25 0 
31 -0.1000000238418579 0.1399999856948853 0.25 0 
32 0.01999998092651367 0.1399999856948853 0.25 0 
33 0.1399999856948853 0.1399999856948853 0.25 0 
34 0.2599999904632568 0.1399999856948853 0.25 0 
35 0.3799999952316284 0.1399999856948853 0.25 0 
36 0.5 0.1399999856948853 0.25 0 
37 0.6200000047683716 0.1399999856948853 0.25 0 
38 0.7400000095367432 0.1399999856948853 0.25 0 
39 0.8600000143051147 0.1399999856948853 0.25 0 
40 0.9800000190734863 0.1399999856948853 0.25 0 
41 1.100000023841858 0.1399999856948853 0.25 0 
42 -0.1000000238418579 0.2599999904632568 0.25 0 
43 0.01999998092651367 0.2599999904632568 0.25 0 
44 0.1399999856948853 0.2599999904632568 0.25 0 
45 0.2599999904632568 0.2599999904632568 0.25 0 
46 0.3799999952316284 0.2599999904632568 0.25 0 
47 0.5 0.2599999904632568 0.25 0 
48 0.6200000047683716 0.2599999904632568 0.25 0 
49 0.7400000095367432 0.2599999904632568 0.25 0 
50 0.8600000143051147 0.2599999904632568 0.25 0 
51 0.9800000190734863 0.2599999904632568 0.25 0 
52 1.100000023841858 0.2599999904632568 0.25 0 
53 -0.1000000238418579 0.3799999952316284 0.25 0 
54 0.01999998092651367 0.3799999952316284 0.25 0 
55 0.1399999856948853 0.3799999952316284 0.25 0 
56 0.2599999904632568 0.3799999952316284 0.25 0 
57 0.3799999952316284 0.3799999952316284 0.25 0 
58 0.5 0.3799999952316284 0.25 0 
59 0.6200000047683716 0.3799999952316284 0.25 0 
60 0.7400000095367432 0.3799999952316284 0.25 0 
61 0.8600000143051147 0.3799999952316284 0.25 0 
62 0.9800000190734863 0.3799999952316284 0.25 0 
63 1.100000023841858 0.3799999952316284 0.25 0 
64 -0.1000000238418579 0.5 0.25 0 
65 0.01999998092651367 0.5 0.25 0 
66 0.1399999856948853 0.5 0.25 0 
67 0.2599999904632568 0.5 0.25 0 
68 0.3799999952316284 0.5 0.25 0 
69 0.5 0.5 0.25 0 
70 0.6200000047683716 0.5 0.25 0 
71 0.7400000095367432 0.5 0.25 0 
72 0.8600000143051147 0.5 0.25 0 
73 0.9800000190734863 0.5 0.25 0 
74 1.100000023841858 0.5 0.25 0 
75 -0.1000000238418579 0.6200000047683716 0.25 0 
76 0.01999998092651367 0.6200000047683716 0.25 0 
77 0.1399999856948853 0.6200000047683716 0.25 0 
78 0.2599999904632568 0.6200000047683716 0.25 0 
79 0.3799999952316284 0.6200000047683716 0.25 0 
80 0.5 0.6200000047683716 0.25 0 
81 0.6200000047683716 0.6200000047683716 0.25 0 
82 0.7400000095367432 0.6200000047683716 0.25 0 
83 0.8600000143051147 0.6200000047683716 0.25 0 
84 0.9800000190734863 0.6200000047683716 0.25 0 
85 1.100000023841858 0.6200000047683716 0.25 0 
86 -0.1000000238418579 0.7400000095367432 0.25 0 
87 0.01999998092651367 0.7400000095367432 0.25 0 
88 0.1399999856948853 0.7400000095367432 0.25 0 
89 0.2599999904632568 0.7400000095367432 0.25 0 
90 0.3799999952316284 0.7400000095367432 0.25 0 
91 0.5 0.7400000095367432 0.25 0 
92 0.6200000047683716 0.7400000095367432 0.25 0 
93 0.7400000095367432 0.7400000095367432 0.25 0 
94 0.8600000143051147 0.7400000095367432 0.25 0 
95 0.9800000190734863 0.7400000095367432 0.25 0 
96 1.100000023841858 0.7400000095367432 0.25 0 
97 -0.1000000238418579 0.8600000143051147 0.25 0 
98 0.01999998092651367 0.8600000143051147 0.25 0 
99 0.1399999856948853 0.8600000143051147 0.25 0 
100 0.2599999904632568 0.8600000143051147 0.25 0 
101 0.3799999952316284 0.8600000143051147 0.25 0 
102 0.5 0.8600000143051147 0.25 0 
103 0.6200000047683716 0.8600000143051147 0.25 0 
104 0.7400000095367432 0.8600000143051147 0.25 0 
105 0.8600000143051147 0.8600000143051147 0.25 0 
106 0.9800000190734863 0.8600000143051147 0.25 0 
107 1.100000023841858 0.8600000143051147 0.25 0 
108 -0.1000000238418579 0.9800000190734863 0.25 0 
109 0.01999998092651367 0.9800000190734863 0.25 0 
110 0.1399999856948853 0.9800000190734863 0.25 0 
111 0.2599999904632568 0.9800000190734863 0.25 0 
112 0.3799999952316284 0.9800000190734863 0.25 0 
113 0.5 0.9800000190734863 0.25 0 
114 0.6200000047683716 0.9800000190734863 0.25 0 
115 0.7400000095367432 0.9800000190734863 0.25 0 
116 0.8600000143051147 0.9800000190734863 0.25 0 
117 0.9800000190734863 0.9800000190734863 0.25 0 
118 1.100000023841858 0.9800000190734863 0.25 0 
119 -0.1000000238418579 1.100000023841858 0.25 0 
120 0.01999998092651367 1.100000023841858 0.25 0 
121 0.1399999856948853 1.100000023841858 0.25 0 
122 0.2599999904632568 1.100000023841858 0.25 0 
123 0.3799999952316284 1.100000023841858 0.25 0 
124 0.5 1.100000023841858 0.25 0 
125 0.6200000047683716 1.100000023841858 0.25 0 
126 0.7400000095367432 1.100000023841858 0.25 0 
127 0.8600000143051147 1.100000023841858 0.25 0 
128 0.9800000190734863 1.100000023841858 0.25 0 
129 1.100000023841858 1.100000023841858 0.25 0 
130 0.1399999856948853 -0.1000000238418579 0.25 0 
131 0.5 -0.1000000238418579 0.25 0 
132 0.9800000190734863 -0.1000000238418579 0.25 0 
133 0.1399999856948853 0.1399999856948853 0.25 0 
134 -0.1000000238418579 -0.1000000238418579 0.6000000238418579 0 
135 0.01999998092651367 -0.1000000238418579 0.6000000238418579 0 
136 0.1399999856948853 -0.1000000238418579 0.6000000238418579 0 
137 0.2599999904632568 -0.1000000238418579 0.6000000238418579 0 
138 0.3799999952316284 -0.1000000238418579 0.6000000238418579 0 
139 0.5 -0.1000000238418579 0.6000000238418579 0 
140 0.6200000047683716 -0.1000000238418579 0.6000000238418579 0 
141 0.7400000095367432 -0.1000000238418579 0.6000000238418579 0 
142 0.8600000143051147 -0.1000000238418579 0.6000000238418579 0 
143 0.9800000190734863 -0.1000000238418579 0.6000000238418579 0 
144 1.100000023841858 -0.1000000238418579 0.6000000238418579 0 
145 -0.1000000238418579 0.01999998092651367 0.6000000238418579 0 
146 0.01999998092651367 0.01999998092651367 0.6000000238418579 0 
147 0.1399999856948853 0.01999998092651367 0.6000000238418579 0 
148 0.2599999904632568 0.01999998092651367 0.6000000238418579 0 
149 0.3799999952316284 0.01999998092651367 0.6000000238418579 0 
150 0.5 0.01999998092651367 0.6000000238418579 0 
151 0.6200000047683716 0.01999998092651367 0.6000000238418579 0 
152 0.7400000095367432 0.01999998092651367 0.6000000238418579 0 
153 0.8600000143051147 0.01999998092651367 0.6000000238418579 0 
154 0.9800000190734863 0.01999998092651367 0.6000000238418579 0 
155 1.100000023841858 0.01999998092651367 0.6000000238418579 0 
156 -0.1000000238418579 0.1399999856948853 0.6000000238418579 0 
157 0.01999998092651367 0.1399999856948853 0.6000000238418579 0 
158 0.1399999856948853 0.1399999856948853 0.6000000238418579 0 
159 0.2599999904632568 0.1399999856948853 0.6000000238418579 0 
160 0.3799999952316284 0.1399999856948853 0.6000000238418579 0 
161 0.5 0.1399999856948853 0.6000000238418579 0 
162 0.6200000047683716 0.1399999856948853 0.6000000238418579 0 
163 0.7400000095367432 0.1399999856948853 0.6000000238418579 0 
164 0.8600000143051147 0.1399999856948853 0.6000000238418579 0 
165 0.9800000190734863 0.1399999856948853 0.6000000238418579 0 
166 1.100000023841858 0.1399999856948853 0.6000000238418579 0 
167 -0.1000000238418579 0.2599999904632568 0.6000000238418579 0 
168 0.01999998092651367 0.2599999904632568 0.6000000238418579 0 
169 0.1399999856948853 0.2599999904632568 0.6000000238418579 0 
170 0.2599999904632568 0.2599999904632568 0.6000000238418579 0 
171 0.3799999952316284 0.2599999904632568 0.6000000238418579 0 
172 0.5 0.2599999904632568 0.6000000238418579 0 
173 0.6200000047683716 0.2599999904632568 0.6000000238418579 0 
174 0.7400000095367432 0.2599999904632568 0.6000000238418579 0 
175 0.8600000143051147 0.2599999904632568 0.6000000238418579 0 
176 0.9800000190734863 0.2599999904632568 0.6000000238418579 0 
177 1.100000023841858 0.2599999904632568 0.6000000238418579 0 
178 -0.1000000238418579 0.3799999952316284 0.6000000238418579 0 
179 0.01999998092651367 0.3799999952316284 0.6000000238418579 0 
180 0.1399999856948853 0.3799999952316284 0.6000000238418579 0 
181 0.2599999904632568 0.3799999952316284 0.6000000238418579 0 
182 0.3799999952316284 0.3799999952316284 0.6000000238418579 0 
183 0.5 0.3799999952316284 0.6000000238418579 0 
184 0.6200000047683716 0.3799999952316284 0.6000000238418579 0 
185 0.7400000095367432 0.3799999952316284 0.6000000238418579 0 
186 0.8600000143051147 0.3799999952316284 0.6000000238418579 0 
187 0.9800000190734863 0.3799999952316284 0.6000000238418579 0 
188 1.100000023841858 0.3799999952316284 0.6000000238418579 0 
189 -0.1000000238418579 0.5 0.6000000238418579 0 
190 0.01999998092651367 0.5 0.6000000238418579 0 
191 0.1399999856948853 0.5 0.6000000238418579 0 
192 0.2599999904632568 0.5 0.6000000238418579 0 
193 0.3799999952316284 0.5 0.6000000238418579 0 
194 0.5 0.5 0.6000000238418579 0 
195 0.6200000047683716 0.5 0.6000000238418579 0 
196 0.7400000095367432 0.5 0.6000000238418579 0 
197 0.8600000143051147 0.5 0.6000000238418579 0 
198 0.9800000190734863 0.5 0.6000000238418579 0 
199 1.100000023841858 0.5 0.6000000238418579 0 
200 -0.1000000238418579 0.6200000047683716 0.6000000238418579 0 
201 0.01999998092651367 0.6200000047683716 0.6000000238418579 0 
202 0.1399999856948853 0.6200000047683716 0.6000000238418579 0 
203 0.2599999904632568 0.6200000047683716 0.6000000238418579 0 
204 0.3799999952316284 0.6200000047683716 0.6000000238418579 0 
205 0.5 0.6200000047683716 0.6000000238418579 0 
206 0.6200000047683716 0.6200000047683716 0.6000000238418579 0 
207 0.7400000095367432 0.6200000047683716 0.6000000238418579 0 
208 0.8600000143051147 0.6200000047683716 0.6000000238418579 0 
209 0.9800000190734863 0.6200000047683716 0.6000000238418579 0 
210 1.100000023841858 0.6200000047683716 0.6000000238418579 0 
211 -0.1000000238418579 0.7400000095367432 0.6000000238418579 0 
212 0.01999998092651367 0.7400000095367432 0.6000000238418579 0 
213 0.1399999856948853 0.7400000095367432 0.6000000238418579 0 
214 0.2599999904632568 0.7400000095367432 0.6000000238418579 0 
215 0.3799999952316284 0.7400000095367432 0.6000000238418579 0 
216 0.5 0.7400000095367432 0.6000000238418579 0 
217 0.6200000047683716 0.7400000095367432 0.6000000238418579 0 
218 0.7400000095367432 0.7400000095367432 0.6000000238418579 0 
219 0.8600000143051147 0.7400000095367432 0.6000000238418579 0 
220 0.9800000190734863 0.7400000095367432 0.6000000238418579 0 
221 1.100000023841858 0.7400000095367432 0.6000000238418579 0 
222 -0.1000000238418579 0.8600000143051147 0.6000000238418579 0 
223 0.01999998092651367 0.8600000143051147 0.6000000238418579 0 
224 0.1399999856948853 0.8600000143051147 0.6000000238418579 0 
225 0.2599999904632568 0.8600000143051147 0.6000000238418579 0 
226 0.3799999952316284 0.8600000143051147 0.6000000238418579 0 
227 0.5 0.8600000143051147 0.6000000238418579 0 
228 0.6200000047683716 0.8600000143051147 0.6000000238418579 0 
229 0.7400000095367432 0.8600000143051147 0.6000000238418579 0 
230 0.8600000143051147 0.8600000143051147 0.6000000238418579 0 
231 0.9800000190734863 0.8600000143051147 0.6000000238418579 0 
232 1.100000023841858 0.8600000143051147 0.6000000238418579 0 
233 -0.1000000238418579 0.9800000190734863 0.6000000238418579 0 
234 0.01999998092651367 0.9800000190734863 0.6000000238418579 0 
235 0.1399999856948853 0.9800000190734863 0.6000000238418579 0 
236 0.2599999904632568 0.9800000190734863 0.6000000238418579 0 
237 0.3799999952316284 0.9800000190734863 0.6000000238418579 0 
238 0.5 0.9800000190734863 0.6000000238418579 0 
239 0.6200000047683716 0.9800000190734863 0.6000000238418579 0 
240 0.7400000095367432 0.9800000190734863 0.6000000238418579 0 
241 0.8600000143051147 0.9800000190734863 0.6000000238418579 0 
242 0.9800000190734863 0.9800000190734863 0.6000000238418579 0 
243 1.100000023841858 0.9800000190734863 0.6000000238418579 0 
244 -0.1000000238418579 1.100000023841858 0.6000000238418579 0 
245 0.01999998092651367 1.100000023841858 0.6000000238418579 0 
246 0.1399999856948853 1.100000023841858 0.6000000238418579 0 
247 0.2599999904632568 1.100000023841858 0.6000000238418579 0 
248 0.3799999952316284 1.100000023841858 0.6000000238418579 0 
249 0.5 1.100000023841858 0.6000000238418579 0 
250 0.6200000047683716 1.100000023841858 0.6000000238418579 0 
251 0.7400000095367432 1.100000023841858 0.6000000238418579 0 
252 0.8600000143051147 1.100000023841858 0.6000000238418579 0 
253 0.9800000190734863 1.100000023841858 0.6000000238418579 0 
254 1.100000023841858 1.100000023841858 0.6000000238418579 0 
255 0.1399999856948853 -0.1000000238418579 0.6000000238418579 0 
256 0.5 -0.1000000238418579 0.6000000238418579 0 
257 0.9800000190734863 -0.1000000238418579 0.6000000238418579 0 
258 0.1399999856948853 0.1399999856948853 0.6000000238418579 0 
259 1.100000023841858 0.300000011920929 1.100000023841858 0 
260 1.100000023841858 0.300000011920929 0.9800000190734863 0 
261 1.100000023841858 0.300000011920929 0.8600000143051147 0 
262 1.100000023841858 0.300000011920929 0.7400000095367432 0 
263 1.100000023841858 0.300000011920929 0.6200000047683716 0 
264 1.100000023841858 0.300000011920929 0.5 0 
265 1.100000023841858 0.300000011920929 0.3799999952316284 0 
266 1.100000023841858 0.300000011920929 0.2599999904632568 0 
267 1.100000023841858 0.300000011920929 0.1399999856948853 0 
268 1.100000023841858 0.300000011920929 0.01999998092651367 0 
269 1.100000023841858 0.300000011920929 -0.1000000238418579 0 
270 0.9800000190734863 0.300000011920929 1.100000023841858 0 
271 0.9800000190734863 0.300000011920929 0.9800000190734863 0 
272 0.9800000190734863 0.300000011920929 0.8600000143051147 0 
273 0.9800000190734863 0.300000011920929 0.7400000095367432 0 
274 0.9800000190734863 0.300000011920929 0.6200000047683716 0 
275 0.9800000190734863 0.300000011920929 0.5 0 
276 0.9800000190734863 0.300000011920929 0.3799999952316284 0 
277 0.9800000190734863 0.300000011920929 0.2599999904632568 0 
278 0.9800000190734863 0.300000011920929 0.1399999856948853 0 
279 0.9800000190734863 0.300000011920929 0.01999998092651367 0 
280 0.9800000190734863 0.300000011920929 -0.1000000238418579 0 
281 0.8600000143051147 0.300000011920929 1.100000023841858 0 
282 0.8600000143051147 0.300000011920929 0.9800000190734863 0 
283 0.8600000143051147 0.300000011920929 0.8600000143051147 0 
284 0.8600000143051147 0.300000011920929 0.7400000095367432 0 
285 0.8600000143051147 0.300000011920929 0.6200000047683716 0 
286 0.8600000143051147 0.300000011920929 0.5 0 
287 0.8600000143051147 0.300000011920929 0.3799999952316284 0 
288 0.8600000143051147 0.300000011920929 0.2599999904632568 0 
289 0.8600000143051147 0.300000011920929 0.1399999856948853 0 
290 0.8600000143051147 0.300000011920929 0.01999998092651367 0 
291 0.8600000143051147 0.300000011920929 -0.1000000238418579 0 
292 0.7400000095367432 0.300000011920929 1.100000023841858 0 
293 0.7400000095367432 0.300000011920929 0.9800000190734863 0 
294 0.7400000095367432 0.300000011920929 0.8600000143051147 0 
295 0.7400000095367432 0.300000011920929 0.7400000095367432 0 
296 0.7400000095367432 0.300000011920929 0.6200000047683716 0 
297 0.7400000095367432 0.300000011920929 0.5 0 
298 0.7400000095367432 0.300000011920929 0.3799999952316284 0 
299 0.7400000095367432 0.300000011920929 0.2599999904632568 0 
300 0.7400000095367432 0.300000011920929 0.1399999856948853 0 
301 0.7400000095367432 0.300000011920929 0.01999998092651367 0 
302 0.7400000095367432 0.300000011920929 -0.1000000238418579 0 
303 0.6200000047683716 0.300000011920929 1.100000023841858 0 
304 0.6200000047683716 0.300000011920929 0.9800000190734863 0 
305 0.6200000047683716 0.300000011920929 0.8600000143051147 0 
306 0.6200000047683716 0.300000011920929 0.7400000095367432 0 
307 0.6200000047683716 0.300000011920929 0.6200000047683716 0 
308 0.6200000047683716 0.300000011920929 0.5 0 
309 0.6200000047683716 0.300000011920929 0.3799999952316284 0 
310 0.6200000047683716 0.300000011920929 0.2599999904632568 0 
311 0.6200000047683716 0.300000011920929 0.1399999856948853 0 
312 0.6200000047683716 0.300000011920929 0.01999998092651367 0 
313 0.6200000047683716 0.300000011920929 -0.1000000238418579 0 
314 0.5 0.300000011920929 1.100000023841858 0 
315 0.5 0.300000011920929 0.9800000190734863 0 
316 0.5 0.300000011920929 0.8600000143051147 0 
317 0.5 0.300000011920929 0.7400000095367432 0 
318 0.5 0.300000011920929 0.6200000047683716 0 
319 0.5 0.300000011920929 0.5 0 
320 0.5 0.300000011920929 0.3799999952316284 0 
321 0.5 0.300000011920929 0.2599999904632568 0 
322 0.5 0.300000011920929 0.1399999856948853 0 
323 0.5 0.300000011920929 0.01999998092651367 0 
324 0.5 0.300000011920929 -0.1000000238418579 0 
325 0.3799999952316284 0.300000011920929 1.100000023841858 0 
326 0.3799999952316284 0.300000011920929 0.9800000190734863 0 
327 0.3799999952316284 0.300000011920929 0.8600000143051147 0 
328 0.3799999952316284 0.300000011920929 0.7400000095367432 0 
329 0.3799999952316284 0.300000011920929 0.6200000047683716 0 
330 0.3799999952316284 0.300000011920929 0.5 0 
331 0.3799999952316284 0.300000011920929 0.3799999952316284 0 
332 0.3799999952316284 0.300000011920929 0.2599999904632568 0 
333 0.3799999952316284 0.300000011920929 0.1399999856948853 0 
334 0.3799999952316284 0.300000011920929 0.01999998092651367 0 
335 0.3799999952316284 0.300000011920929 -0.1000000238418579 0 
336 0.2599999904632568 0.300000011920929 1.100000023841858 0 
337 0.2599999904632568 0.300000011920929 0.9800000190734863 0 
338 0.2599999904632568 0.300000011920929 0.8600000143051147 0 
339 0.2599999904632568 0.300000011920929 0.7400000095367432 0 
340 0.2599999904632568 0.300000011920929 0.6200000047683716 0 
341 0.2599999904632568 0.300000011920929 0.5 0 
342 0.2599999904632568 0.300000011920929 0.3799999952316284 0 
343 0.2599999904632568 0.300000011920929 0.2599999904632568 0 
344 0.2599999904632568 0.300000011920929 0.1399999856948853 0 
345 0.2599999904632568 0.300000011920929 0.01999998092651367 0 
346 0.2599999904632568 0.300000011920929 -0.1000000238418579 0 
347 0.1399999856948853 0.300000011920929 1.100000023841858 0 
348 0.1399999856948853 0.300000011920929 0.9800000190734863 0 
349 0.1399999856948853 0.300000011920929 0.8600000143051147 0 
350 0.1399999856948853 0.300000011920929 0.7400000095367432 0 
351 0.1399999856948853 0.300000011920929 0.6200000047683716 0 
352 0.1399999856948853 0.300000011920929 0.5 0 
353 0.1399999856948853 0.300000011920929 0.3799999952316284 0 
354 0.1399999856948853 0.300000011920929 0.2599999904632568 0 
355 0.1399999856948853 0.300000011920929 0.1399999856948853 0 
356 0.1399999856948853 0.300000011920929 0.01999998092651367 0 
357 0.1399999856948853 0.300000011920929 -0.1000000238418579 0 
358 0.01999998092651367 0.300000011920929 1.100000023841858 0 
359 0.01999998092651367 0.300000011920929 0.9800000190734863 0 
360 0.01999998092651367 0.300000011920929 0.8600000143051147 0 
361 0.01999998092651367 0.300000011920929 0.7400000095367432 0 
362 0.01999998092651367 0.300000011920929 0.6200000047683716 0 
363 0.01999998092651367 0.300000011920929 0.5 0 
364 0.01999998092651367 0.300000011920929 0.3799999952316284 0 
365 0.01999998092651367 0.300000011920929 0.2599999904632568 0 
366 0.01999998092651367 0.300000011920929 0.1399999856948853 0 
367 0.01999998092651367 0.300000011920929 0.01999998092651367 0 
368 0.01999998092651367 0.300000011920929 -0.1000000238418579 0 
369 -0.1000000238418579 0.300000011920929 1.100000023841858 0 
370 -0.1000000238418579 0.300000011920929 0.9800000190734863 0 
371 -0.1000000238418579 0.300000011920929 0.8600000143051147 0 
372 -0.1000000238418579 0.300000011920929 0.7400000095367432 0 
373 -0.1000000238418579 0.300000011920929 0.6200000047683716 0 
374 -0.1000000238418579 0.300000011920929 0.5 0 
375 -0.1000000238418579 0.300000011920929 0.3799999952316284 0 
376 -0.1000000238418579 0.300000011920929 0.2599999904632568 0 
377 -0.1000000238418579 0.300000011920929 0.1399999856948853 0 
378 -0.1000000238418579 0.300000011920929 0.01999998092651367 0 
379 -0.1000000238418579 0.300000011920929 -0.1000000238418579 0 
380 1.100000023841858 0.300000011920929 0.8600000143051147 0 
381 1.100000023841858 0.300000011920929 0.5 0 
382 1.100000023841858 0.300000011920929 0.01999998092651367 0 
383 0.8600000143051147 0.300000011920929 0.8600000143051147 0 
384 1.100000023841858 0.699999988079071 1.100000023841858 0 
385 1.100000023841858 0.699999988079071 0.9800000190734863 0 
386 1.100000023841858 0.699999988079071 0.8600000143051147 0 
387 1.100000023841858 0.699999988079071 0.7400000095367432 0 
388 1.100000023841858 0.699999988079071 0.6200000047683716 0 
389 1.100000023841858 0.699999988079071 0.5 0 
390 1.100000023841858 0.699999988079071 0.3799999952316284 0 
391 1.100000023841858 0.699999988079071 0.2599999904632568 0 
392 1.100000023841858 0.699999988079071 0.1399999856948853 0 
393 1.100000023841858 0.699999988079071 0.01999998092651367 0 
394 1.100000023841858 0.699999988079071 -0.1000000238418579 0 
395 0.9800000190734863 0.699999988079071 1.100000023841858 0 
396 0.9800000190734863 0.699999988079071 0.9800000190734863 0 
397 0.9800000190734863 0.699999988079071 0.8600000143051147 0 
398 0.9800000190734863 0.699999988079071 0.7400000095367432 0 
399 0.9800000190734863 0.699999988079071 0.6200000047683716 0 
400 0.9800000190734863 0.699999988079071 0.5 0 
401 0.9800000190734863 0.699999988079071 0.3799999952316284 0 
402 0.9800000190734863 0.699999988079071 0.2599999904632568 0 
403 0.9800000190734863 0.699999988079071 0.1399999856948853 0 
404 0.9800000190734863 0.699999988079071 0.01999998092651367 0 
405 0.9800000190734863 0.699999988079071 -0.1000000238418579 0 
406 0.8600000143051147 0.699999988079071 1.100000023841858 0 
407 0.8600000143051147 0.699999988079071 0.9800000190734863 0 
408 0.8600000143051147 0.699999988079071 0.8600000143051147 0 
409 0.8600000143051147 0.699999988079071 0.7400000095367432 0 
410 0.8600000143051147 0.699999988079071 0.6200000047683716 0 
411 0.8600000143051147 0.699999988079071 0.5 0 
412 0.8600000143051147 0.699999988079071 0.3799999952316284 0 
413 0.8600000143051147 0.699999988079071 0.2599999904632568 0 
414 0.8600000143051147 0.699999988079071 0.1399999856948853 0 
415 0.8600000143051147 0.699999988079071 0.01999998092651367 0 
416 0.8600000143051147 0.699999988079071 -0.1000000238418579 0 
417 0.7400000095367432 0.699999988079071 1.100000023841858 0 
418 0.7400000095367432 0.699999988079071 0.9800000190734863 0 
419 0.7400000095367432 0.699999988079071 0.8600000143051147 0 
420 0.7400000095367432 0.699999988079071 0.7400000095367432 0 
421 0.7400000095367432 0.699999988079071 0.6200000047683716 0 
422 0.7400000095367432 0.699999988079071 0.5 0 
423 0.7400000095367432 0.699999988079071 0.3799999952316284 0 
424 0.7400000095367432 0.699999988079071 0.2599999904632568 0 
425 0.7400000095367432 0.699999988079071 0.1399999856948853 0 
426 0.7400000095367432 0.699999988079071 0.01999998092651367 0 
427 0.7400000095367432 0.699999988079071 -0.1000000238418579 0 
428 0.6200000047683716 0.699999988079071 1.100000023841858 0 
429 0.6200000047683716 0.699999988079071 0.9800000190734863 0 
430 0.6200000047683716 0.699999988079071 0.8600000143051147 0 
431 0.6200000047683716 0.699999988079071 0.7400000095367432 0 
432 0.6200000047683716 0.699999988079071 0.6200000047683716 0 
433 0.6200000047683716 0.699999988079071 0.5 0 
434 0.6200000047683716 0.699999988079071 0.3799999952316284 0 
435 0.6200000047683716 0.699999988079071 0.2599999904632568 0 
436 0.6200000047683716 0.699999988079071 0.1399999856948853 0 
437 0.6200000047683716 0.699999988079071 0.01999998092651367 0 
438 0.6200000047683716 0.699999988079071 -0.1000000238418579 0 
439 0.5 0.699999988079071 1.100000023841858 0 
440 0.5 0.699999988079071 0.9800000190734863 0 
441 0.5 0.699999988079071 0.8600000143051147 0 
442 0.5 0.699999988079071 0.7400000095367432 0 
443 0.5 0.699999988079071 0.6200000047683716 0 
444 0.5 0.699999988079071 0.5 0 
445 0.5 0.699999988079071 0.3799999952316284 0 
446 0.5 0.699999988079071 0.2599999904632568 0 
447 0.5 0.699999988079071 0.1399999856948853 0 
448 0.5 0.699999988079071 0.01999998092651367 0 
449 0.5 0.699999988079071 -0.1000000238418579 0 
450 0.3799999952316284 0.699999988079071 1.100000023841858 0 
451 0.3799999952316284 0.699999988079071 0.9800000190734863 0 
452 0.3799999952316284 0.699999988079071 0.8600000143051147 0 
453 0.3799999952316284 0.699999988079071 0.7400000095367432 0 
454 0.3799999952316284 0.699999988079071 0.6200000047683716 0 
455 0.3799999952316284 0.699999988079071 0.5 0 
456 0.3799999952316284 0.699999988079071 0.3799999952316284 0 
457 0.3799999952316284 0.699999988079071 0.2599999904632568 0 
458 0.3799999952316284 0.699999988079071 0.1399999856948853 0 
459 0.3799999952316284 0.699999988079071 0.01999998092651367 0 
460 0.3799999952316284 0.699999988079071 -0.1000000238418579 0 
461 0.2599999904632568 0.699999988079071 1.100000023841858 0 
462 0.2599999904632568 0.699999988079071 0.9800000190734863 0 
463 0.2599999904632568 0.699999988079071 0.8600000143051147 0 
464 0.2599999904632568 0.699999988079071 0.7400000095367432 0 
465 0.2599999904632568 0.699999988079071 0.6200000047683716 0 
466 0.2599999904632568 0.699999988079071 0.5 0 
467 0.2599999904632568 0.699999988079071 0.3799999952316284 0 
468 0.2599999904632568 0.699999988079071 0.2599999904632568 0 
469 0.2599999904632568 0.699999988079071 0.1399999856948853 0 
470 0.2599999904632568 0.699999988079071 0.01999998092651367 0 
471 0.2599999904632568 0.699999988079071 -0.1000000238418579 0 
472 0.1399999856948853 0.699999988079071 1.100000023841858 0 
473 0.1399999856948853 0.699999988079071 0.9800000190734863 0 
474 0.1399999856948853 0.699999988079071 0.8600000143051147 0 
475 0.1399999856948853 0.699999988079071 0.7400000095367432 0 
476 0.1399999856948853 0.699999988079071 0.6200000047683716 0 
477 0.1399999856948853 0.699999988079071 0.5 0 
478 0.1399999856948853 0.699999988079071 0.3799999952316284 0 
479 0.1399999856948853 0.699999988079071 0.2599999904632568 0 
480 0.1399999856948853 0.699999988079071 0.1399999856948853 0 
481 0.1399999856948853 0.699999988079071 0.01999998092651367 0 
482 0.1399999856948853 0.699999988079071 -0.1000000238418579 0 
483 0.01999998092651367 0.699999988079071 1.100000023841858 0 
484 0.01999998092651367 0.699999988079071 0.9800000190734863 0 
485 0.01999998092651367 0.699999988079071 0.8600000143051147 0 
486 0.01999998092651367 0.699999988079071 0.7400000095367432 0 
487 0.01999998092651367 0.699999988079071 0.6200000047683716 0 
488 0.01999998092651367 0.699999988079071 0.5 0 
489 0.01999998092651367 0.699999988079071 0.3799999952316284 0 
490 0.01999998092651367 0.699999988079071 0.2599999904632568 0 
491 0.01999998092651367 0.699999988079071 0.1399999856948853 0 
492 0.01999998092651367 0.699999988079071 0.01999998092651367 0 
493 0.01999998092651367 0.699999988079071 -0.1000000238418579 0 
494 -0.1000000238418579 0.699999988079071 1.100000023841858 0 
495 -0.1000000238418579 0.699999988079071 0.9800000190734863 0 
496 -0.1000000238418579 0.699999988079071 0.8600000143051147 0 
497 -0.1000000238418579 0.699999988079071 0.7400000095367432 0 
498 -0.1000000238418579 0.699999988079071 0.6200000047683716 0 
499 -0.1000000238418579 0.699999988079071 0.5 0 
500 -0.1000000238418579 0.699999988079071 0.3799999952316284 0 
501 -0.1000000238418579 0.699999988079071 0.2599999904632568 0 
502 -0.1000000238418579 0.699999988079071 0.1399999856948853 0 
503 -0.1000000238418579 0.699999988079071 0.01999998092651367 0 
504 -0.1000000238418579 0.699999988079071 -0.1000000238418579 0 
505 1.100000023841858 0.699999988079071 0.8600000143051147 0 
506 1.100000023841858 0.699999988079071 0.5 0 
507 1.100000023841858 0.699999988079071 0.01999998092651367 0 
508 0.8600000143051147 0.699999988079071 0.8600000143051147 0 
1 -1e-07 -1e-07 -9.999999994736442e-08 1e-07 1e-07 1.0000001 0 2 2 -1 
2 -1e-07 -9.999999994736442e-08 0.9999999000000001 1e-07 1.0000001 1.0000001 0 2 1 -3 
3 -1e-07 0.9999999000000001 -9.999999994736442e-08 1e-07 1.0000001 1.0000001 0 2 4 -3 
4 -1e-07 -9.999999994736442e-08 -1e-07 1e-07 1.0000001 1e-07 0 2 2 -4 
5 0.9999999000000001 -1e-07 -9.999999994736442e-08 1.0000001 1e-07 1.0000001 0 2 6 -5 
6 0.9999999000000001 -9.999999994736442e-08 0.9999999000000001 1.0000001 1.0000001 1.0000001 0 2 5 -7 
7 0.9999999000000001 0.9999999000000001 -9.999999994736442e-08 1.0000001 1.0000001 1.0000001 0 2 8 -7 
8 0.9999999000000001 -9.999999994736442e-08 -1e-07 1.0000001 1.0000001 1e-07 0 2 6 -8 
9 -9.999999994736442e-08 -1e-07 -1e-07 1.0000001 1e-07 1e-07 0 2 2 -6 
10 -9.999999994736442e-08 -1e-07 0.9999999000000001 1.0000001 1e-07 1.0000001 0 2 1 -5 
11 -9.999999994736442e-08 0.9999999000000001 -1e-07 1.0000001 1.0000001 1e-07 0 2 4 -8 
12 -9.999999994736442e-08 0.9999999000000001 0.9999999000000001 1.0000001 1.0000001 1.0000001 0 2 3 -7 
13 -0.1000001238418579 -0.1000001238418579 0.2499999 0.02000008092651367 -0.09999992384185791 0.2500001 0 2 9 -10 
14 0.01999988092651367 -0.1000001238418579 0.2499999 0.02000008092651367 0.02000008092651367 0.2500001 0 2 10 -21 
15 -0.1000001238418579 -0.1000001238418579 0.2499999 0.02000008092651367 0.02000008092651367 0.2500001 0 2 21 -9 
16 0.01999988092651367 -0.1000001238418579 0.2499999 0.3800000952316284 -0.09999992384185791 0.2500001 0 2 13 -10 
17 0.01999988092651367 -0.1000001238418579 0.2499999 0.1400000856948853 -0.09999992384185791 0.2500001 0 2 10 -11 
18 0.1399998856948853 -0.1000001238418579 0.2499999 0.3800000952316284 -0.09999992384185791 0.2500001 0 2 11 -13 
19 0.01999988092651367 -0.1000001238418579 0.2499999 0.1400000856948853 -0.09999992384185791 0.2500001 0 2 10 -130 
20 0.01999988092651367 -0.1000001238418579 0.2499999 0.1400000856948853 -0.09999992384185791 0.2500001 0 2 130 -10 
21 0.01999988092651367 -0.1000001238418579 0.2499999 0.3800000952316284 0.02000008092651367 0.2500001 0 2 21 -13 
22 0.1399998856948853 -0.1000001238418579 0.2499999 0.3800000952316284 -0.09999992384185791 0.2500001 0 2 13 -11 
23 0.01999988092651367 -0.1000001238418579 0.2499999 0.1400000856948853 0.02000008092651367 0.2500001 0 2 11 -21 
24 0.1399998856948853 0.01999988092651367 0.2499999 0.2600000904632568 0.02000008092651367 0.2500001 0 2 23 -22 
25 0.1399998856948853 -0.1000001238418579 0.2499999 0.3800000952316284 0.02000008092651367 0.2500001 0 2 22 -13 
26 0.2599998904632568 -0.1000001238418579 0.2499999 0.3800000952316284 0.02000008092651367 0.2500001 0 2 13 -23 
27 0.3799998952316284 -0.1000001238418579 0.2499999 0.3800000952316284 0.02000008092651367 0.2500001 0 2 13 -24 
28 0.2599998904632568 0.01999988092651367 0.2499999 0.3800000952316284 0.02000008092651367 0.2500001 0 2 24 -23 
29 0.2599998904632568 -0.1000001238418579 0.2499999 0.3800000952316284 0.02000008092651367 0.2500001 0 2 23 -13 
30 0.3799998952316284 -0.1000001238418579 0.2499999 0.5000000999999999 -0.09999992384185791 0.2500001 0 2 13 -14 
31 0.4999999 -0.1000001238418579 0.2499999 0.5000000999999999 0.02000008092651367 0.2500001 0 2 14 -25 
32 0.3799998952316284 -0.1000001238418579 0.2499999 0.5000000999999999 0.02000008092651367 0.2500001 0 2 25 -13 
33 0.3799998952316284 -0.1000001238418579 0.2499999 0.5000000999999999 -0.09999992384185791 0.2500001 0 2 13 -14 
34 0.4999999 -0.1000001238418579 0.2499999 0.6200001047683715 -0.09999992384185791 0.2500001 0 2 14 -15 
35 0.3799998952316284 -0.1000001238418579 0.2499999 0.6200001047683715 -0.09999992384185791 0.2500001 0 2 15 -13 
36 0.4999999 -0.1000001238418579 0.2499999 0.6200001047683715 -0.09999992384185791 0.2500001 0 2 15 -131 
37 0.4999999 -0.1000001238418579 0.2499999 0.6200001047683715 -0.09999992384185791 0.2500001 0 2 131 -15 
38 0.3799998952316284 -0.1000001238418579 0.2499999 0.5000000999999999 0.02000008092651367 0.2500001 0 2 25 -13 
39 0.3799998952316284 -0.1000001238418579 0.2499999 0.6200001047683715 -0.09999992384185791 0.2500001 0 2 13 -15 
40 0.4999999 -0.1000001238418579 0.2499999 0.6200001047683715 0.02000008092651367 0.2500001 0 2 15 -25 
41 0.6199999047683716 0.01999988092651367 0.2499999 0.7400001095367431 0.02000008092651367 0.2500001 0 2 27 -26 
42 0.3799998952316284 -0.1000001238418579 0.2499999 0.6200001047683715 0.02000008092651367 0.2500001 0 2 26 -13 
43 0.3799998952316284 -0.1000001238418579 0.2499999 0.7400001095367431 0.02000008092651367 0.2500001 0 2 13 -27 
44 0.8599999143051148 -0.1000001238418579 0.2499999 0.8600001143051147 0.02000008092651367 0.2500001 0 2 17 -28 
45 0.7399999095367432 0.01999988092651367 0.2499999 0.8600001143051147 0.02000008092651367 0.2500001 0 2 28 -27 
46 0.7399999095367432 -0.1000001238418579 0.2499999 0.8600001143051147 0.02000008092651367 0.2500001 0 2 27 -17 
47 0.8599999143051148 -0.1000001238418579 0.2499999 0.9800001190734863 -0.09999992384185791 0.2500001 0 2 17 -18 
48 0.9799999190734864 -0.1000001238418579 0.2499999 0.9800001190734863 0.02000008092651367 0.2500001 0 2 18 -29 
49 0.8599999143051148 -0.1000001238418579 0.2499999 0.9800001190734863 0.02000008092651367 0.2500001 0 2 29 -17 
50 0.3799998952316284 -0.1000001238418579 0.2499999 0.9800001190734863 -0.09999992384185791 0.2500001 0 2 13 -18 
51 0.9799999190734864 -0.1000001238418579 0.2499999 1.100000123841858 -0.09999992384185791 0.2500001 0 2 18 -19 
52 0.3799998952316284 -0.1000001238418579 0.2499999 1.100000123841858 -0.09999992384185791 0.2500001 0 2 19 -13 
53 0.9799999190734864 -0.1000001238418579 0.2499999 1.100000123841858 -0.09999992384185791 0.2500001 0 2 19 -132 
54 0.9799999190734864 -0.1000001238418579 0.2499999 1.100000123841858 -0.09999992384185791 0.2500001 0 2 132 -19 
55 0.3799998952316284 -0.1000001238418579 0.2499999 0.9800001190734863 0.02000008092651367 0.2500001 0 2 29 -13 
56 -0.1000001238418579 -0.1000001238418579 0.2499999 0.3800000952316284 0.02000008092651367 0.2500001 0 2 13 -20 
57 -0.100000123841858 0.01999988092651367 0.2499999 0.9800001190734863 0.02000008092651367 0.2500001 0 2 20 -29 
58 -0.1000001238418579 0.1399998856948853 0.2499999 0.02000008092651367 0.1400000856948853 0.2500001 0 2 32 -31 
59 -0.1000001238418579 -0.1000001238418579 0.2499999 0.3800000952316284 0.1400000856948853 0.2500001 0 2 31 -13 
60 0.01999988092651367 -0.1000001238418579 0.2499999 0.3800000952316284 0.1400000856948853 0.2500001 0 2 13 -32 
61 0.1399998856948853 0.01999988092651367 0.2499999 0.1400000856948853 0.1400000856948853 0.2500001 0 2 22 -33 
62 0.01999988092651367 0.1399998856948853 0.2499999 0.1400000856948853 0.1400000856948853 0.2500001 0 2 33 -32 
63 0.01999988092651367 0.01999988092651367 0.2499999 0.1400000856948853 0.1400000856948853 0.2500001 0 2 32 -22 
64 0.1399998856948853 0.01999988092651367 0.2499999 0.2600000904632568 0.02000008092651367 0.2500001 0 2 22 -23 
65 0.2599998904632568 0.01999988092651367 0.2499999 0.2600000904632568 0.1400000856948853 0.2500001 0 2 23 -34 
66 0.1399998856948853 0.01999988092651367 0.2499999 0.2600000904632568 0.1400000856948853 0.2500001 0 2 34 -22 
67 0.2599998904632568 -0.1000001238418579 0.2499999 0.3800000952316284 0.02000008092651367 0.2500001 0 2 13 -23 
68 0.2599998904632568 0.01999988092651367 0.2499999 0.3800000952316284 0.02000008092651367 0.2500001 0 2 23 -24 
69 0.3799998952316284 -0.1000001238418579 0.2499999 0.3800000952316284 0.02000008092651367 0.2500001 0 2 24 -13 
70 0.2599998904632568 -0.1000001238418579 0.2499999 0.3800000952316284 0.1400000856948853 0.2500001 0 2 34 -13 
71 0.3799998952316284 -0.1000001238418579 0.2499999 0.3800000952316284 0.02000008092651367 0.2500001 0 2 13 -24 
72 0.2599998904632568 0.01999988092651367 0.2499999 0.3800000952316284 0.1400000856948853 0.2500001 0 2 24 -34 
73 0.3799998952316284 0.1399998856948853 0.2499999 0.5000000999999999 0.1400000856948853 0.2500001 0 2 36 -35 
74 0.3799998952316284 -0.1000001238418579 0.2499999 0.3800000952316284 0.1400000856948853 0.2500001 0 2 35 -13 
75 0.3799998952316284 -0.1000001238418579 0.2499999 0.5000000999999999 0.1400000856948853 0.2500001 0 2 13 -36 
76 0.6199999047683716 0.01999988092651367 0.2499999 0.6200001047683715 0.1400000856948853 0.2500001 0 2 26 -37 
77 0.4999999 0.1399998856948853 0.2499999 0.6200001047683715 0.1400000856948853 0.2500001 0 2 37 -36 
78 0.4999999 0.01999988092651367 0.2499999 0.6200001047683715 0.1400000856948853 0.2500001 0 2 36 -26 
79 0.6199999047683716 0.01999988092651367 0.2499999 0.7400001095367431 0.02000008092651367 0.2500001 0 2 26 -27 
80 0.7399999095367432 0.01999988092651367 0.2499999 0.7400001095367431 0.1400000856948853 0.2500001 0 2 27 -38 
81 0.6199999047683716 0.01999988092651367 0.2499999 0.7400001095367431 0.1400000856948853 0.2500001 0 2 38 -26 
82 0.3799998952316284 -0.1000001238418579 0.2499999 0.7400001095367431 0.02000008092651367 0.2500001 0 2 13 -27 
83 0.7399999095367432 0.01999988092651367 0.2499999 0.8600001143051147 0.02000008092651367 0.2500001 0 2 27 -28 
84 0.3799998952316284 -0.1000001238418579 0.2499999 0.8600001143051147 0.02000008092651367 0.2500001 0 2 28 -13 
85 0.3799998952316284 -0.1000001238418579 0.2499999 0.7400001095367431 0.1400000856948853 0.2500001 0 2 38 -13 
86 0.3799998952316284 -0.1000001238418579 0.2499999 0.8600001143051147 0.02000008092651367 0.2500001 0 2 13 -28 
87 0.7399999095367432 0.01999988092651367 0.2499999 0.8600001143051147 0.1400000856948853 0.2500001 0 2 28 -38 
88 0.8599999143051148 0.1399998856948853 0.2499999 0.9800001190734863 0.1400000856948853 0.2500001 0 2 40 -39 
89 0.3799998952316284 -0.1000001238418579 0.2499999 0.8600001143051147 0.1400000856948853 0.2500001 0 2 39 -13 
90 0.3799998952316284 -0.1000001238418579 0.2499999 0.9800001190734863 0.1400000856948853 0.2500001 0 2 13 -40 
91 1.099999923841858 0.01999988092651367 0.2499999 1.100000123841858 0.1400000856948853 0.2500001 0 2 30 -41 
92 0.9799999190734864 0.1399998856948853 0.2499999 1.100000123841858 0.1400000856948853 0.2500001 0 2 41 -40 
93 0.9799999190734864 0.01999988092651367 0.2499999 1.100000123841858 0.1400000856948853 0.2500001 0 2 40 -30 
94 -0.1000001238418579 0.1399998856948853 0.2499999 0.02000008092651367 0.1400000856948853 0.2500001 0 2 31 -32 
95 0.01999988092651367 0.1399998856948853 0.2499999 0.02000008092651367 0.2600000904632568 0.2500001 0 2 32 -43 
96 -0.1000001238418579 0.1399998856948853 0.2499999 0.02000008092651367 0.2600000904632568 0.2500001 0 2 43 -31 
97 0.01999988092651367 -0.1000001238418579 0.2499999 0.3800000952316284 0.1400000856948853 0.2500001 0 2 13 -32 
98 0.01999988092651367 0.1399998856948853 0.2499999 0.1400000856948853 0.1400000856948853 0.2500001 0 2 32 -33 
99 0.1399998856948853 -0.1000001238418579 0.2499999 0.3800000952316284 0.1400000856948853 0.2500001 0 2 33 -13 
100 0.01999988092651367 -0.1000001238418579 0.2499999 0.3800000952316284 0.2600000904632568 0.2500001 0 2 43 -13 
101 0.1399998856948853 -0.1000001238418579 0.2499999 0.3800000952316284 0.1400000856948853 0.2500001 0 2 13 -33 
102 0.01999988092651367 0.1399998856948853 0.2499999 0.1400000856948853 0.2600000904632568 0.2500001 0 2 33 -43 
103 0.1399998856948853 -0.1000001238418579 0.2499999 0.3800000952316284 0.1400000856948853 0.2500001 0 2 13 -133 
104 0.1399998856948853 -0.1000001238418579 0.2499999 0.3800000952316284 0.1400000856948853 0.2500001 0 2 133 -13 
105 0.1399998856948853 0.2599998904632568 0.2499999 0.2600000904632568 0.2600000904632568 0.2500001 0 2 45 -44 
106 0.1399998856948853 -0.1000001238418579 0.2499999 0.3800000952316284 0.2600000904632568 0.2500001 0 2 44 -13 
107 0.2599998904632568 -0.1000001238418579 0.2499999 0.3800000952316284 0.2600000904632568 0.2500001 0 2 13 -45 
108 0.3799998952316284 0.1399998856948853 0.2499999 0.3800000952316284 0.2600000904632568 0.2500001 0 2 35 -46 
109 0.2599998904632568 0.2599998904632568 0.2499999 0.3800000952316284 0.2600000904632568 0.2500001 0 2 46 -45 
110 0.2599998904632568 0.1399998856948853 0.2499999 0.3800000952316284 0.2600000904632568 0.2500001 0 2 45 -35 
111 0.3799998952316284 0.1399998856948853 0.2499999 0.5000000999999999 0.1400000856948853 0.2500001 0 2 35 -36 
112 0.4999999 0.1399998856948853 0.2499999 0.5000000999999999 0.2600000904632568 0.2500001 0 2 36 -47 
113 0.3799998952316284 0.1399998856948853 0.2499999 0.5000000999999999 0.2600000904632568 0.2500001 0 2 47 -35 
114 0.3799998952316284 -0.1000001238418579 0.2499999 0.5000000999999999 0.1400000856948853 0.2500001 0 2 13 -36 
115 0.4999999 0.1399998856948853 0.2499999 0.6200001047683715 0.1400000856948853 0.2500001 0 2 36 -37 
116 0.3799998952316284 -0.1000001238418579 0.2499999 0.6200001047683715 0.1400000856948853 0.2500001 0 2 37 -13 
117 0.3799998952316284 -0.1000001238418579 0.2499999 0.5000000999999999 0.2600000904632568 0.2500001 0 2 47 -13 
118 0.3799998952316284 -0.1000001238418579 0.2499999 0.6200001047683715 0.1400000856948853 0.2500001 0 2 13 -37 
119 0.4999999 0.1399998856948853 0.2499999 0.6200001047683715 0.2600000904632568 0.2500001 0 2 37 -47 
120 0.6199999047683716 0.2599998904632568 0.2499999 0.7400001095367431 0.2600000904632568 0.2500001 0 2 49 -48 
121 0.3799998952316284 -0.1000001238418579 0.2499999 0.6200001047683715 0.2600000904632568 0.2500001 0 2 48 -13 
122 0.3799998952316284 -0.1000001238418579 0.2499999 0.7400001095367431 0.2600000904632568 0.2500001 0 2 13 -49 
123 0.8599999143051148 0.1399998856948853 0.2499999 0.8600001143051147 0.2600000904632568 0.2500001 0 2 39 -50 
124 0.7399999095367432 0.2599998904632568 0.2499999 0.8600001143051147 0.2600000904632568 0.2500001 0 2 50 -49 
125 0.7399999095367432 0.1399998856948853 0.2499999 0.8600001143051147 0.2600000904632568 0.2500001 0 2 49 -39 
126 0.8599999143051148 0.1399998856948853 0.2499999 0.9800001190734863 0.1400000856948853 0.2500001 0 2 39 -40 
127 0.9799999190734864 0.1399998856948853 0.2499999 0.9800001190734863 0.2600000904632568 0.2500001 0 2 40 -51 
128 0.8599999143051148 0.1399998856948853 0.2499999 0.9800001190734863 0.2600000904632568 0.2500001 0 2 51 -39 
129 0.3799998952316284 -0.1000001238418579 0.2499999 0.9800001190734863 0.1400000856948853 0.2500001 0 2 13 -40 
130 0.9799999190734864 0.1399998856948853 0.2499999 1.100000123841858 0.1400000856948853 0.2500001 0 2 40 -41 
131 0.3799998952316284 -0.1000001238418579 0.2499999 1.100000123841858 0.1400000856948853 0.2500001 0 2 41 -13 
132 0.3799998952316284 -0.1000001238418579 0.2499999 0.9800001190734863 0.2600000904632568 0.2500001 0 2 51 -13 
133 -0.1000001238418579 -0.1000001238418579 0.2499999 0.3800000952316284 0.2600000904632568 0.2500001 0 2 13 -42 
134 -0.100000123841858 0.2599998904632568 0.2499999 0.9800001190734863 0.2600000904632568 0.2500001 0 2 42 -51 
135 -0.1000001238418579 0.3799998952316284 0.2499999 0.02000008092651367 0.3800000952316284 0.2500001 0 2 54 -53 
136 -0.1000001238418579 -0.1000001238418579 0.2499999 0.3800000952316284 0.3800000952316284 0.2500001 0 2 53 -13 
137 0.01999988092651367 -0.1000001238418579 0.2499999 0.3800000952316284 0.3800000952316284 0.2500001 0 2 13 -54 
138 0.1399998856948853 0.2599998904632568 0.2499999 0.1400000856948853 0.3800000952316284 0.2500001 0 2 44 -55 
139 0.01999988092651367 0.3799998952316284 0.2499999 0.1400000856948853 0.3800000952316284 0.2500001 0 2 55 -54 
140 0.01999988092651367 0.2599998904632568 0.2499999 0.1400000856948853 0.3800000952316284 0.2500001 0 2 54 -44 
141 0.1399998856948853 0.2599998904632568 0.2499999 0.2600000904632568 0.2600000904632568 0.2500001 0 2 44 -45 
142 0.2599998904632568 0.2599998904632568 0.2499999 0.2600000904632568 0.3800000952316284 0.2500001 0 2 45 -56 
143 0.1399998856948853 0.2599998904632568 0.2499999 0.2600000904632568 0.3800000952316284 0.2500001 0 2 56 -44 
144 0.2599998904632568 -0.1000001238418579 0.2499999 0.3800000952316284 0.2600000904632568 0.2500001 0 2 13 -45 
145 0.2599998904632568 0.2599998904632568 0.2499999 0.3800000952316284 0.2600000904632568 0.2500001 0 2 45 -46 
146 0.3799998952316284 -0.1000001238418579 0.2499999 0.3800000952316284 0.2600000904632568 0.2500001 0 2 46 -13 
147 0.2599998904632568 -0.1000001238418579 0.2499999 0.3800000952316284 0.3800000952316284 0.2500001 0 2 56 -13 
148 0.3799998952316284 -0.1000001238418579 0.2499999 0.3800000952316284 0.2600000904632568 0.2500001 0 2 13 -46 
149 0.2599998904632568 0.2599998904632568 0.2499999 0.3800000952316284 0.3800000952316284 0.2500001 0 2 46 -56 
150 0.3799998952316284 0.3799998952316284 0.2499999 0.5000000999999999 0.3800000952316284 0.2500001 0 2 58 -57 
151 0.3799998952316284 -0.1000001238418579 0.2499999 0.3800000952316284 0.3800000952316284 0.2500001 0 2 57 -13 
152 0.3799998952316284 -0.1000001238418579 0.2499999 0.5000000999999999 0.3800000952316284 0.2500001 0 2 13 -58 
153 0.6199999047683716 0.2599998904632568 0.2499999 0.6200001047683715 0.3800000952316284 0.2500001 0 2 48 -59 
154 0.4999999 0.3799998952316284 0.2499999 0.6200001047683715 0.3800000952316284 0.2500001 0 2 59 -58 
155 0.4999999 0.2599998904632568 0.2499999 0.6200001047683715 0.3800000952316284 0.2500001 0 2 58 -48 
156 0.6199999047683716 0.2599998904632568 0.2499999 0.7400001095367431 0.2600000904632568 0.2500001 0 2 48 -49 
157 0.7399999095367432 0.2599998904632568 0.2499999 0.7400001095367431 0.3800000952316284 0.2500001 0 2 49 -60 
158 0.6199999047683716 0.2599998904632568 0.2499999 0.7400001095367431 0.3800000952316284 0.2500001 0 2 60 -48 
159 0.3799998952316284 -0.1000001238418579 0.2499999 0.7400001095367431 0.2600000904632568 0.2500001 0 2 13 -49 
160 0.7399999095367432 0.2599998904632568 0.2499999 0.8600001143051147 0.2600000904632568 0.2500001 0 2 49 -50 
161 0.3799998952316284 -0.1000001238418579 0.2499999 0.8600001143051147 0.2600000904632568 0.2500001 0 2 50 -13 
162 0.3799998952316284 -0.1000001238418579 0.2499999 0.7400001095367431 0.3800000952316284 0.2500001 0 2 60 -13 
163 0.3799998952316284 -0.1000001238418579 0.2499999 0.8600001143051147 0.2600000904632568 0.2500001 0 2 13 -50 
164 0.7399999095367432 0.2599998904632568 0.2499999 0.8600001143051147 0.3800000952316284 0.2500001 0 2 50 -60 
165 0.8599999143051148 0.3799998952316284 0.2499999 0.9800001190734863 0.3800000952316284 0.2500001 0 2 62 -61 
166 0.3799998952316284 -0.1000001238418579 0.2499999 0.8600001143051147 0.3800000952316284 0.2500001 0 2 61 -13 
167 0.3799998952316284 -0.1000001238418579 0.2499999 0.9800001190734863 0.3800000952316284 0.2500001 0 2 13 -62 
168 1.099999923841858 0.2599998904632568 0.2499999 1.100000123841858 0.3800000952316284 0.2500001 0 2 52 -63 
169 0.9799999190734864 0.3799998952316284 0.2499999 1.100000123841858 0.3800000952316284 0.2500001 0 2 63 -62 
170 0.9799999190734864 0.2599998904632568 0.2499999 1.100000123841858 0.3800000952316284 0.2500001 0 2 62 -52 
171 -0.1000001238418579 0.3799998952316284 0.2499999 0.02000008092651367 0.3800000952316284 0.2500001 0 2 53 -54 
172 0.01999988092651367 0.3799998952316284 0.2499999 0.02000008092651367 0.5000000999999999 0.2500001 0 2 54 -65 
173 -0.1000001238418579 0.3799998952316284 0.2499999 0.02000008092651367 0.5000000999999999 0.2500001 0 2 65 -53 
174 0.01999988092651367 -0.1000001238418579 0.2499999 0.3800000952316284 0.3800000952316284 0.2500001 0 2 13 -54 
175 0.01999988092651367 0.3799998952316284 0.2499999 0.1400000856948853 0.3800000952316284 0.2500001 0 2 54 -55 
176 0.1399998856948853 -0.1000001238418579 0.2499999 0.3800000952316284 0.3800000952316284 0.2500001 0 2 55 -13 
177 0.01999988092651367 -0.1000001238418579 0.2499999 0.3800000952316284 0.5000000999999999 0.2500001 0 2 65 -13 
178 0.1399998856948853 -0.1000001238418579 0.2499999 0.3800000952316284 0.3800000952316284 0.2500001 0 2 13 -55 
179 0.01999988092651367 0.3799998952316284 0.2499999 0.1400000856948853 0.5000000999999999 0.2500001 0 2 55 -65 
180 0.1399998856948853 0.4999999 0.2499999 0.2600000904632568 0.5000000999999999 0.2500001 0 2 67 -66 
181 0.1399998856948853 -0.1000001238418579 0.2499999 0.3800000952316284 0.5000000999999999 0.2500001 0 2 66 -13 
182 0.2599998904632568 -0.1000001238418579 0.2499999 0.3800000952316284 0.5000000999999999 0.2500001 0 2 13 -67 
183 0.3799998952316284 0.3799998952316284 0.2499999 0.3800000952316284 0.5000000999999999 0.2500001 0 2 57 -68 
184 0.2599998904632568 0.4999999 0.2499999 0.3800000952316284 0.5000000999999999 0.2500001 0 2 68 -67 
185 0.2599998904632568 0.3799998952316284 0.2499999 0.3800000952316284 0.5000000999999999 0.2500001 0 2 67 -57 
186 0.3799998952316284 0.3799998952316284 0.2499999 0.5000000999999999 0.3800000952316284 0.2500001 0 2 57 -58 
187 0.4999999 0.3799998952316284 0.2499999 0.5000000999999999 0.5000000999999999 0.2500001 0 2 58 -69 
188 0.3799998952316284 0.3799998952316284 0.2499999 0.5000000999999999 0.5000000999999999 0.2500001 0 2 69 -57 
189 0.3799998952316284 -0.1000001238418579 0.2499999 0.5000000999999999 0.3800000952316284 0.2500001 0 2 13 -58 
190 0.4999999 0.3799998952316284 0.2499999 0.6200001047683715 0.3800000952316284 0.2500001 0 2 58 -59 
191 0.3799998952316284 -0.1000001238418579 0.2499999 0.6200001047683715 0.3800000952316284 0.2500001 0 2 59 -13 
192 0.3799998952316284 -0.1000001238418579 0.2499999 0.5000000999999999 0.5000000999999999 0.2500001 0 2 69 -13 
193 0.3799998952316284 -0.1000001238418579 0.2499999 0.6200001047683715 0.3800000952316284 0.2500001 0 2 13 -59 
194 0.4999999 0.3799998952316284 0.2499999 0.6200001047683715 0.5000000999999999 0.2500001 0 2 59 -69 
195 0.6199999047683716 0.4999999 0.2499999 0.7400001095367431 0.5000000999999999 0.2500001 0 2 71 -70 
196 0.3799998952316284 -0.1000001238418579 0.2499999 0.6200001047683715 0.5000000999999999 0.2500001 0 2 70 -13 
197 0.3799998952316284 -0.1000001238418579 0.2499999 0.7400001095367431 0.5000000999999999 0.2500001 0 2 13 -71 
198 0.8599999143051148 0.3799998952316284 0.2499999 0.8600001143051147 0.5000000999999999 0.2500001 0 2 61 -72 
199 0.7399999095367432 0.4999999 0.2499999 0.8600001143051147 0.5000000999999999 0.2500001 0 2 72 -71 
200 0.7399999095367432 0.3799998952316284 0.2499999 0.8600001143051147 0.5000000999999999 0.2500001 0 2 71 -61 
201 0.8599999143051148 0.3799998952316284 0.2499999 0.9800001190734863 0.3800000952316284 0.2500001 0 2 61 -62 
202 0.9799999190734864 0.3799998952316284 0.2499999 0.9800001190734863 0.5000000999999999 0.2500001 0 2 62 -73 
203 0.8599999143051148 0.3799998952316284 0.2499999 0.9800001190734863 0.5000000999999999 0.2500001 0 2 73 -61 
204 0.3799998952316284 -0.1000001238418579 0.2499999 0.9800001190734863 0.3800000952316284 0.2500001 0 2 13 -62 
205 0.9799999190734864 0.3799998952316284 0.2499999 1.100000123841858 0.3800000952316284 0.2500001 0 2 62 -63 
206 0.3799998952316284 -0.100000123841858 0.2499999 1.100000123841858 0.3800000952316284 0.2500001 0 2 63 -13 
207 0.3799998952316284 -0.1000001238418579 0.2499999 0.9800001190734863 0.5000000999999999 0.2500001 0 2 73 -13 
208 -0.1000001238418579 -0.1000001238418579 0.2499999 0.3800000952316284 0.5000000999999999 0.2500001 0 2 13 -64 
209 -0.100000123841858 0.4999999 0.2499999 0.9800001190734863 0.5000000999999999 0.2500001 0 2 64 -73 
210 -0.1000001238418579 0.6199999047683716 0.2499999 0.02000008092651367 0.6200001047683715 0.2500001 0 2 76 -75 
211 -0.1000001238418579 -0.1000001238418579 0.2499999 0.3800000952316285 0.6200001047683715 0.2500001 0 2 75 -13 
212 0.01999988092651367 -0.1000001238418579 0.2499999 0.3800000952316284 0.6200001047683715 0.2500001 0 2 13 -76 
213 0.1399998856948853 0.4999999 0.2499999 0.1400000856948853 0.6200001047683715 0.2500001 0 2 66 -77 
214 0.01999988092651367 0.6199999047683716 0.2499999 0.1400000856948853 0.6200001047683715 0.2500001 0 2 77 -76 
215 0.01999988092651367 0.4999999 0.2499999 0.1400000856948853 0.6200001047683715 0.2500001 0 2 76 -66 
216 0.1399998856948853 0.4999999 0.2499999 0.2600000904632568 0.5000000999999999 0.2500001 0 2 66 -67 
217 0.2599998904632568 0.4999999 0.2499999 0.2600000904632568 0.6200001047683715 0.2500001 0 2 67 -78 
218 0.1399998856948853 0.4999999 0.2499999 0.2600000904632568 0.6200001047683715 0.2500001 0 2 78 -66 
219 0.2599998904632568 -0.1000001238418579 0.2499999 0.3800000952316284 0.5000000999999999 0.2500001 0 2 13 -67 
220 0.2599998904632568 0.4999999 0.2499999 0.3800000952316284 0.5000000999999999 0.2500001 0 2 67 -68 
221 0.3799998952316284 -0.1000001238418579 0.2499999 0.3800000952316284 0.5000000999999999 0.2500001 0 2 68 -13 
222 0.2599998904632568 -0.1000001238418579 0.2499999 0.3800000952316284 0.6200001047683715 0.2500001 0 2 78 -13 
223 0.3799998952316284 -0.1000001238418579 0.2499999 0.3800000952316284 0.5000000999999999 0.2500001 0 2 13 -68 
224 0.2599998904632568 0.4999999 0.2499999 0.3800000952316284 0.6200001047683715 0.2500001 0 2 68 -78 
225 0.3799998952316284 0.6199999047683716 0.2499999 0.5000000999999999 0.6200001047683715 0.2500001 0 2 80 -79 
226 0.3799998952316284 -0.1000001238418579 0.2499999 0.3800000952316284 0.6200001047683715 0.2500001 0 2 79 -13 
227 0.3799998952316284 -0.1000001238418579 0.2499999 0.5000000999999999 0.6200001047683715 0.2500001 0 2 13 -80 
228 0.6199999047683716 0.4999999 0.2499999 0.6200001047683715 0.6200001047683715 0.2500001 0 2 70 -81 
229 0.4999999 0.6199999047683716 0.2499999 0.6200001047683715 0.6200001047683715 0.2500001 0 2 81 -80 
230 0.4999999 0.4999999 0.2499999 0.6200001047683715 0.6200001047683715 0.2500001 0 2 80 -70 
231 0.6199999047683716 0.4999999 0.2499999 0.7400001095367431 0.5000000999999999 0.2500001 0 2 70 -71 
232 0.7399999095367432 0.4999999 0.2499999 0.7400001095367431 0.6200001047683715 0.2500001 0 2 71 -82 
233 0.6199999047683716 0.4999999 0.2499999 0.7400001095367431 0.6200001047683715 0.2500001 0 2 82 -70 
234 0.3799998952316284 -0.1000001238418579 0.2499999 0.7400001095367431 0.5000000999999999 0.2500001 0 2 13 -71 
235 0.7399999095367432 0.4999999 0.2499999 0.8600001143051147 0.5000000999999999 0.2500001 0 2 71 -72 
236 0.3799998952316284 -0.1000001238418579 0.2499999 0.8600001143051147 0.5000000999999999 0.2500001 0 2 72 -13 
237 0.3799998952316284 -0.1000001238418579 0.2499999 0.7400001095367431 0.6200001047683715 0.2500001 0 2 82 -13 
238 0.3799998952316284 -0.1000001238418579 0.2499999 0.8600001143051147 0.5000000999999999 0.2500001 0 2 13 -72 
239 0.7399999095367432 0.4999999 0.2499999 0.8600001143051147 0.6200001047683715 0.2500001 0 2 72 -82 
240 0.8599999143051148 0.6199999047683716 0.2499999 0.9800001190734863 0.6200001047683715 0.2500001 0 2 84 -83 
241 0.3799998952316284 -0.1000001238418579 0.2499999 0.8600001143051147 0.6200001047683715 0.2500001 0 2 83 -13 
242 0.3799998952316284 -0.1000001238418579 0.2499999 0.9800001190734863 0.6200001047683715 0.2500001 0 2 13 -84 
243 1.099999923841858 0.4999999 0.2499999 1.100000123841858 0.6200001047683715 0.2500001 0 2 74 -85 
244 0.9799999190734864 0.6199999047683716 0.2499999 1.100000123841858 0.6200001047683715 0.2500001 0 2 85 -84 
245 0.9799999190734864 0.4999999 0.2499999 1.100000123841858 0.6200001047683715 0.2500001 0 2 84 -74 
246 -0.1000001238418579 0.6199999047683716 0.2499999 0.02000008092651367 0.6200001047683715 0.2500001 0 2 75 -76 
247 0.01999988092651367 0.6199999047683716 0.2499999 0.02000008092651367 0.7400001095367431 0.2500001 0 2 76 -87 
248 -0.1000001238418579 0.6199999047683716 0.2499999 0.02000008092651367 0.7400001095367431 0.2500001 0 2 87 -75 
249 0.01999988092651367 -0.1000001238418579 0.2499999 0.3800000952316284 0.6200001047683715 0.2500001 0 2 13 -76 
250 0.01999988092651367 0.6199999047683716 0.2499999 0.1400000856948853 0.6200001047683715 0.2500001 0 2 76 -77 
251 0.1399998856948853 -0.1000001238418579 0.2499999 0.3800000952316284 0.6200001047683715 0.2500001 0 2 77 -13 
252 0.01999988092651367 -0.1000001238418579 0.2499999 0.3800000952316284 0.7400001095367431 0.2500001 0 2 87 -13 
253 0.1399998856948853 -0.1000001238418579 0.2499999 0.3800000952316284 0.6200001047683715 0.2500001 0 2 13 -77 
254 0.01999988092651367 0.6199999047683716 0.2499999 0.1400000856948853 0.7400001095367431 0.2500001 0 2 77 -87 
255 0.1399998856948853 0.7399999095367432 0.2499999 0.2600000904632568 0.7400001095367431 0.2500001 0 2 89 -88 
256 0.1399998856948853 -0.1000001238418579 0.2499999 0.3800000952316284 0.7400001095367431 0.2500001 0 2 88 -13 
257 0.2599998904632568 -0.1000001238418579 0.2499999 0.3800000952316284 0.7400001095367431 0.2500001 0 2 13 -89 
258 0.3799998952316284 0.6199999047683716 0.2499999 0.3800000952316284 0.7400001095367431 0.2500001 0 2 79 -90 
259 0.2599998904632568 0.7399999095367432 0.2499999 0.3800000952316284 0.7400001095367431 0.2500001 0 2 90 -89 
260 0.2599998904632568 0.6199999047683716 0.2499999 0.3800000952316284 0.7400001095367431 0.2500001 0 2 89 -79 
261 0.3799998952316284 0.6199999047683716 0.2499999 0.5000000999999999 0.6200001047683715 0.2500001 0 2 79 -80 
262 0.4999999 0.6199999047683716 0.2499999 0.5000000999999999 0.7400001095367431 0.2500001 0 2 80 -91 
263 0.3799998952316284 0.6199999047683716 0.2499999 0.5000000999999999 0.7400001095367431 0.2500001 0 2 91 -79 
264 0.3799998952316284 -0.1000001238418579 0.2499999 0.5000000999999999 0.6200001047683715 0.2500001 0 2 13 -80 
265 0.4999999 0.6199999047683716 0.2499999 0.6200001047683715 0.6200001047683715 0.2500001 0 2 80 -81 
266 0.3799998952316284 -0.1000001238418579 0.2499999 0.6200001047683715 0.6200001047683715 0.2500001 0 2 81 -13 
267 0.3799998952316284 -0.1000001238418579 0.2499999 0.5000000999999999 0.7400001095367431 0.2500001 0 2 91 -13 
268 0.3799998952316284 -0.1000001238418579 0.2499999 0.6200001047683715 0.6200001047683715 0.2500001 0 2 13 -81 
269 0.4999999 0.6199999047683716 0.2499999 0.6200001047683715 0.7400001095367431 0.2500001 0 2 81 -91 
270 0.6199999047683716 0.7399999095367432 0.2499999 0.7400001095367431 0.7400001095367431 0.2500001 0 2 93 -92 
271 0.3799998952316284 -0.1000001238418579 0.2499999 0.6200001047683715 0.7400001095367431 0.2500001 0 2 92 -13 
272 0.3799998952316284 -0.1000001238418579 0.2499999 0.7400001095367431 0.7400001095367431 0.2500001 0 2 13 -93 
273 0.8599999143051148 0.6199999047683716 0.2499999 0.8600001143051147 0.7400001095367431 0.2500001 0 2 83 -94 
274 0.7399999095367432 0.7399999095367432 0.2499999 0.8600001143051147 0.7400001095367431 0.2500001 0 2 94 -93 
275 0.7399999095367432 0.6199999047683716 0.2499999 0.8600001143051147 0.7400001095367431 0.2500001 0 2 93 -83 
276 0.8599999143051148 0.6199999047683716 0.2499999 0.9800001190734863 0.6200001047683715 0.2500001 0 2 83 -84 
277 0.9799999190734864 0.6199999047683716 0.2499999 0.9800001190734863 0.7400001095367431 0.2500001 0 2 84 -95 
278 0.8599999143051148 0.6199999047683716 0.2499999 0.9800001190734863 0.7400001095367431 0.2500001 0 2 95 -83 
279 0.3799998952316284 -0.1000001238418579 0.2499999 0.9800001190734863 0.6200001047683715 0.2500001 0 2 13 -84 
280 0.9799999190734864 0.6199999047683716 0.2499999 1.100000123841858 0.6200001047683715 0.2500001 0 2 84 -85 
281 0.3799998952316284 -0.1000001238418579 0.2499999 1.100000123841858 0.6200001047683715 0.2500001 0 2 85 -13 
282 0.3799998952316284 -0.1000001238418579 0.2499999 0.9800001190734863 0.7400001095367431 0.2500001 0 2 95 -13 
283 -0.1000001238418579 -0.1000001238418579 0.2499999 0.3800000952316284 0.7400001095367431 0.2500001 0 2 13 -86 
284 -0.100000123841858 0.7399999095367432 0.2499999 0.9800001190734863 0.7400001095367431 0.2500001 0 2 86 -95 
285 -0.1000001238418579 0.8599999143051148 0.2499999 0.02000008092651367 0.8600001143051147 0.2500001 0 2 98 -97 
286 -0.1000001238418579 -0.1000001238418579 0.2499999 0.3800000952316284 0.8600001143051147 0.2500001 0 2 97 -13 
287 0.01999988092651367 -0.1000001238418579 0.2499999 0.3800000952316284 0.8600001143051147 0.2500001 0 2 13 -98 
288 0.1399998856948853 0.7399999095367432 0.2499999 0.1400000856948853 0.8600001143051147 0.2500001 0 2 88 -99 
289 0.01999988092651367 0.8599999143051148 0.2499999 0.1400000856948853 0.8600001143051147 0.2500001 0 2 99 -98 
290 0.01999988092651367 0.7399999095367432 0.2499999 0.1400000856948853 0.8600001143051147 0.2500001 0 2 98 -88 
291 0.1399998856948853 0.7399999095367432 0.2499999 0.2600000904632568 0.7400001095367431 0.2500001 0 2 88 -89 
292 0.2599998904632568 0.7399999095367432 0.2499999 0.2600000904632568 0.8600001143051147 0.2500001 0 2 89 -100 
293 0.1399998856948853 0.7399999095367432 0.2499999 0.2600000904632568 0.8600001143051147 0.2500001 0 2 100 -88 
294 0.2599998904632568 -0.1000001238418579 0.2499999 0.3800000952316284 0.7400001095367431 0.2500001 0 2 13 -89 
295 0.2599998904632568 0.7399999095367432 0.2499999 0.3800000952316284 0.7400001095367431 0.2500001 0 2 89 -90 
296 0.3799998952316284 -0.1000001238418579 0.2499999 0.3800000952316284 0.7400001095367431 0.2500001 0 2 90 -13 
297 0.2599998904632568 -0.1000001238418579 0.2499999 0.3800000952316284 0.8600001143051147 0.2500001 0 2 100 -13 
298 0.3799998952316284 -0.1000001238418579 0.2499999 0.3800000952316284 0.7400001095367431 0.2500001 0 2 13 -90 
299 0.2599998904632568 0.7399999095367432 0.2499999 0.3800000952316284 0.8600001143051147 0.2500001 0 2 90 -100 
300 0.3799998952316284 0.8599999143051148 0.2499999 0.5000000999999999 0.8600001143051147 0.2500001 0 2 102 -101 
301 0.3799998952316284 -0.1000001238418579 0.2499999 0.3800000952316284 0.8600001143051147 0.2500001 0 2 101 -13 
302 0.3799998952316284 -0.1000001238418579 0.2499999 0.5000000999999999 0.8600001143051147 0.2500001 0 2 13 -102 
303 0.6199999047683716 0.7399999095367432 0.2499999 0.6200001047683715 0.8600001143051147 0.2500001 0 2 92 -103 
304 0.4999999 0.8599999143051148 0.2499999 0.6200001047683715 0.8600001143051147 0.2500001 0 2 103 -102 
305 0.4999999 0.7399999095367432 0.2499999 0.6200001047683715 0.8600001143051147 0.2500001 0 2 102 -92 
306 0.6199999047683716 0.7399999095367432 0.2499999 0.7400001095367431 0.7400001095367431 0.2500001 0 2 92 -93 
307 0.7399999095367432 0.7399999095367432 0.2499999 0.7400001095367431 0.8600001143051147 0.2500001 0 2 93 -104 
308 0.6199999047683716 0.7399999095367432 0.2499999 0.7400001095367431 0.8600001143051147 0.2500001 0 2 104 -92 
309 0.3799998952316284 -0.1000001238418579 0.2499999 0.7400001095367431 0.7400001095367431 0.2500001 0 2 13 -93 
310 0.7399999095367432 0.7399999095367432 0.2499999 0.8600001143051147 0.7400001095367431 0.2500001 0 2 93 -94 
311 0.3799998952316284 -0.1000001238418579 0.2499999 0.8600001143051147 0.7400001095367431 0.2500001 0 2 94 -13 
312 0.3799998952316284 -0.1000001238418579 0.2499999 0.7400001095367431 0.8600001143051147 0.2500001 0 2 104 -13 
313 0.3799998952316284 -0.1000001238418579 0.2499999 0.8600001143051147 0.7400001095367431 0.2500001 0 2 13 -94 
314 0.7399999095367432 0.7399999095367432 0.2499999 0.8600001143051147 0.8600001143051147 0.2500001 0 2 94 -104 
315 0.8599999143051148 0.8599999143051148 0.2499999 0.9800001190734863 0.8600001143051147 0.2500001 0 2 106 -105 
316 0.3799998952316284 -0.1000001238418579 0.2499999 0.8600001143051147 0.8600001143051147 0.2500001 0 2 105 -13 
317 0.3799998952316284 -0.1000001238418579 0.2499999 0.9800001190734863 0.8600001143051147 0.2500001 0 2 13 -106 
318 1.099999923841858 0.7399999095367432 0.2499999 1.100000123841858 0.8600001143051147 0.2500001 0 2 96 -107 
319 0.9799999190734864 0.8599999143051148 0.2499999 1.100000123841858 0.8600001143051147 0.2500001 0 2 107 -106 
320 0.9799999190734864 0.7399999095367432 0.2499999 1.100000123841858 0.8600001143051147 0.2500001 0 2 106 -96 
321 -0.1000001238418579 0.8599999143051148 0.2499999 0.02000008092651367 0.8600001143051147 0.2500001 0 2 97 -98 
322 0.01999988092651367 0.8599999143051148 0.2499999 0.02000008092651367 0.9800001190734863 0.2500001 0 2 98 -109 
323 -0.1000001238418579 0.8599999143051148 0.2499999 0.02000008092651367 0.9800001190734863 0.2500001 0 2 109 -97 
324 0.01999988092651367 -0.1000001238418579 0.2499999 0.3800000952316284 0.8600001143051147 0.2500001 0 2 13 -98 
325 0.01999988092651367 0.8599999143051148 0.2499999 0.1400000856948853 0.8600001143051147 0.2500001 0 2 98 -99 
326 0.1399998856948853 -0.1000001238418579 0.2499999 0.3800000952316284 0.8600001143051147 0.2500001 0 2 99 -13 
327 0.01999988092651367 -0.100000123841858 0.2499999 0.3800000952316284 0.9800001190734863 0.2500001 0 2 109 -13 
328 0.1399998856948853 -0.1000001238418579 0.2499999 0.3800000952316284 0.8600001143051147 0.2500001 0 2 13 -99 
329 0.01999988092651367 0.8599999143051148 0.2499999 0.1400000856948853 0.9800001190734863 0.2500001 0 2 99 -109 
330 0.1399998856948853 0.9799999190734864 0.2499999 0.2600000904632568 0.9800001190734863 0.2500001 0 2 111 -110 
331 0.1399998856948853 -0.100000123841858 0.2499999 0.3800000952316284 0.9800001190734863 0.2500001 0 2 110 -13 
332 0.2599998904632568 -0.100000123841858 0.2499999 0.3800000952316284 0.9800001190734863 0.2500001 0 2 13 -111 
333 0.3799998952316284 0.8599999143051148 0.2499999 0.3800000952316284 0.9800001190734863 0.2500001 0 2 101 -112 
334 0.2599998904632568 0.9799999190734864 0.2499999 0.3800000952316284 0.9800001190734863 0.2500001 0 2 112 -111 
335 0.2599998904632568 0.8599999143051148 0.2499999 0.3800000952316284 0.9800001190734863 0.2500001 0 2 111 -101 
336 0.3799998952316284 0.8599999143051148 0.2499999 0.5000000999999999 0.8600001143051147 0.2500001 0 2 101 -102 
337 0.4999999 0.8599999143051148 0.2499999 0.5000000999999999 0.9800001190734863 0.2500001 0 2 102 -113 
338 0.3799998952316284 0.8599999143051148 0.2499999 0.5000000999999999 0.9800001190734863 0.2500001 0 2 113 -101 
339 0.3799998952316284 -0.1000001238418579 0.2499999 0.5000000999999999 0.8600001143051147 0.2500001 0 2 13 -102 
340 0.4999999 0.8599999143051148 0.2499999 0.6200001047683715 0.8600001143051147 0.2500001 0 2 102 -103 
341 0.3799998952316284 -0.1000001238418579 0.2499999 0.6200001047683715 0.8600001143051147 0.2500001 0 2 103 -13 
342 0.3799998952316284 -0.100000123841858 0.2499999 0.5000000999999999 0.9800001190734863 0.2500001 0 2 113 -13 
343 0.3799998952316284 -0.1000001238418579 0.2499999 0.6200001047683715 0.8600001143051147 0.2500001 0 2 13 -103 
344 0.4999999 0.8599999143051148 0.2499999 0.6200001047683715 0.9800001190734863 0.2500001 0 2 103 -113 
345 0.6199999047683716 0.9799999190734864 0.2499999 0.7400001095367431 0.9800001190734863 0.2500001 0 2 115 -114 
346 0.3799998952316284 -0.100000123841858 0.2499999 0.6200001047683715 0.9800001190734863 0.2500001 0 2 114 -13 
347 0.3799998952316284 -0.100000123841858 0.2499999 0.7400001095367431 0.9800001190734863 0.2500001 0 2 13 -115 
348 0.8599999143051148 0.8599999143051148 0.2499999 0.8600001143051147 0.9800001190734863 0.2500001 0 2 105 -116 
349 0.7399999095367432 0.9799999190734864 0.2499999 0.8600001143051147 0.9800001190734863 0.2500001 0 2 116 -115 
350 0.7399999095367432 0.8599999143051148 0.2499999 0.8600001143051147 0.9800001190734863 0.2500001 0 2 115 -105 
351 0.8599999143051148 0.8599999143051148 0.2499999 0.9800001190734863 0.8600001143051147 0.2500001 0 2 105 -106 
352 0.9799999190734864 0.8599999143051148 0.2499999 0.9800001190734863 0.9800001190734863 0.2500001 0 2 106 -117 
353 0.8599999143051148 0.8599999143051148 0.2499999 0.9800001190734863 0.9800001190734863 0.2500001 0 2 117 -105 
354 0.3799998952316284 -0.1000001238418579 0.2499999 0.9800001190734863 0.8600001143051147 0.2500001 0 2 13 -106 
355 0.9799999190734864 0.8599999143051148 0.2499999 1.100000123841858 0.8600001143051147 0.2500001 0 2 106 -107 
356 0.3799998952316284 -0.1000001238418579 0.2499999 1.100000123841858 0.8600001143051147 0.2500001 0 2 107 -13 
357 0.3799998952316284 -0.100000123841858 0.2499999 0.9800001190734863 0.9800001190734863 0.2500001 0 2 117 -13 
358 -0.100000123841858 -0.100000123841858 0.2499999 0.3800000952316284 0.9800001190734863 0.2500001 0 2 13 -108 
359 -0.100000123841858 0.9799999190734864 0.2499999 0.9800001190734863 0.9800001190734863 0.2500001 0 2 108 -117 
360 -0.1000001238418579 1.099999923841858 0.2499999 0.02000008092651367 1.100000123841858 0.2500001 0 2 120 -119 
361 -0.1000001238418579 -0.100000123841858 0.2499999 0.3800000952316284 1.100000123841858 0.2500001 0 2 119 -13 
362 0.01999988092651367 -0.100000123841858 0.2499999 0.3800000952316284 1.100000123841858 0.2500001 0 2 13 -120 
363 0.1399998856948853 0.9799999190734864 0.2499999 0.1400000856948853 1.100000123841858 0.2500001 0 2 110 -121 
364 0.01999988092651367 1.099999923841858 0.2499999 0.1400000856948853 1.100000123841858 0.2500001 0 2 121 -120 
365 0.01999988092651367 0.9799999190734864 0.2499999 0.1400000856948853 1.100000123841858 0.2500001 0 2 120 -110 
366 0.1399998856948853 0.9799999190734864 0.2499999 0.2600000904632568 0.9800001190734863 0.2500001 0 2 110 -111 
367 0.2599998904632568 0.9799999190734864 0.2499999 0.2600000904632568 1.100000123841858 0.2500001 0 2 111 -122 
368 0.1399998856948853 0.9799999190734864 0.2499999 0.2600000904632568 1.100000123841858 0.2500001 0 2 122 -110 
369 0.2599998904632568 -0.100000123841858 0.2499999 0.3800000952316284 0.9800001190734863 0.2500001 0 2 13 -111 
370 0.2599998904632568 0.9799999190734864 0.2499999 0.3800000952316284 0.9800001190734863 0.2500001 0 2 111 -112 
371 0.3799998952316284 -0.100000123841858 0.2499999 0.3800000952316284 0.9800001190734863 0.2500001 0 2 112 -13 
372 0.2599998904632568 -0.100000123841858 0.2499999 0.3800000952316284 1.100000123841858 0.2500001 0 2 122 -13 
373 0.3799998952316284 -0.100000123841858 0.2499999 0.3800000952316284 0.9800001190734863 0.2500001 0 2 13 -112 
374 0.2599998904632568 0.9799999190734864 0.2499999 0.3800000952316284 1.100000123841858 0.2500001 0 2 112 -122 
375 0.3799998952316284 1.099999923841858 0.2499999 0.5000000999999999 1.100000123841858 0.2500001 0 2 124 -123 
376 0.3799998952316284 -0.100000123841858 0.2499999 0.3800000952316284 1.100000123841858 0.2500001 0 2 123 -13 
377 0.3799998952316284 -0.100000123841858 0.2499999 0.5000000999999999 1.100000123841858 0.2500001 0 2 13 -124 
378 0.6199999047683716 0.9799999190734864 0.2499999 0.6200001047683715 1.100000123841858 0.2500001 0 2 114 -125 
379 0.4999999 1.099999923841858 0.2499999 0.6200001047683715 1.100000123841858 0.2500001 0 2 125 -124 
380 0.4999999 0.9799999190734864 0.2499999 0.6200001047683715 1.100000123841858 0.2500001 0 2 124 -114 
381 0.6199999047683716 0.9799999190734864 0.2499999 0.7400001095367431 0.9800001190734863 0.2500001 0 2 114 -115 
382 0.7399999095367432 0.9799999190734864 0.2499999 0.7400001095367431 1.100000123841858 0.2500001 0 2 115 -126 
383 0.6199999047683716 0.9799999190734864 0.2499999 0.7400001095367431 1.100000123841858 0.2500001 0 2 126 -114 
384 0.3799998952316284 -0.100000123841858 0.2499999 0.7400001095367431 0.9800001190734863 0.2500001 0 2 13 -115 
385 0.7399999095367432 0.9799999190734864 0.2499999 0.8600001143051147 0.9800001190734863 0.2500001 0 2 115 -116 
386 0.3799998952316284 -0.100000123841858 0.2499999 0.8600001143051147 0.9800001190734863 0.2500001 0 2 116 -13 
387 0.3799998952316284 -0.100000123841858 0.2499999 0.7400001095367431 1.100000123841858 0.2500001 0 2 126 -13 
388 0.3799998952316284 -0.100000123841858 0.2499999 0.8600001143051147 0.9800001190734863 0.2500001 0 2 13 -116 
389 0.7399999095367432 0.9799999190734864 0.2499999 0.8600001143051147 1.100000123841858 0.2500001 0 2 116 -126 
390 0.8599999143051148 1.099999923841858 0.2499999 0.9800001190734863 1.100000123841858 0.2500001 0 2 128 -127 
391 0.3799998952316284 -0.100000123841858 0.2499999 0.8600001143051147 1.100000123841858 0.2500001 0 2 127 -13 
392 0.3799998952316284 -0.100000123841858 0.2499999 0.9800001190734863 1.100000123841858 0.2500001 0 2 13 -128 
393 1.099999923841858 0.9799999190734864 0.2499999 1.100000123841858 1.100000123841858 0.2500001 0 2 118 -129 
394 0.9799999190734864 1.099999923841858 0.2499999 1.100000123841858 1.100000123841858 0.2500001 0 2 129 -128 
395 0.9799999190734864 0.9799999190734864 0.2499999 1.100000123841858 1.100000123841858 0.2500001 0 2 128 -118 
396 -0.1000001238418579 -0.1000001238418579 0.599999923841858 0.02000008092651367 -0.09999992384185791 0.6000001238418579 0 2 134 -135 
397 0.01999988092651367 -0.1000001238418579 0.599999923841858 0.02000008092651367 0.02000008092651367 0.6000001238418579 0 2 135 -146 
398 -0.1000001238418579 -0.1000001238418579 0.599999923841858 0.02000008092651367 0.02000008092651367 0.6000001238418579 0 2 146 -134 
399 0.01999988092651367 -0.1000001238418579 0.599999923841858 0.3800000952316284 -0.09999992384185791 0.6000001238418579 0 2 138 -135 
400 0.01999988092651367 -0.1000001238418579 0.599999923841858 0.1400000856948853 -0.09999992384185791 0.6000001238418579 0 2 135 -136 
401 0.1399998856948853 -0.1000001238418579 0.599999923841858 0.3800000952316284 -0.09999992384185791 0.6000001238418579 0 2 136 -138 
402 0.01999988092651367 -0.1000001238418579 0.599999923841858 0.1400000856948853 -0.09999992384185791 0.6000001238418579 0 2 135 -255 
403 0.01999988092651367 -0.1000001238418579 0.599999923841858 0.1400000856948853 -0.09999992384185791 0.6000001238418579 0 2 255 -135 
404 0.01999988092651367 -0.1000001238418579 0.599999923841858 0.3800000952316284 0.02000008092651367 0.6000001238418579 0 2 146 -138 
405 0.1399998856948853 -0.1000001238418579 0.599999923841858 0.3800000952316284 -0.09999992384185791 0.6000001238418579 0 2 138 -136 
406 0.01999988092651367 -0.1000001238418579 0.599999923841858 0.1400000856948853 0.02000008092651367 0.6000001238418579 0 2 136 -146 
407 0.1399998856948853 0.01999988092651367 0.599999923841858 0.2600000904632568 0.02000008092651367 0.6000001238418579 0 2 148 -147 
408 0.1399998856948853 -0.1000001238418579 0.599999923841858 0.3800000952316284 0.02000008092651367 0.6000001238418579 0 2 147 -138 
409 0.2599998904632568 -0.1000001238418579 0.599999923841858 0.3800000952316284 0.02000008092651367 0.6000001238418579 0 2 138 -148 
410 0.3799998952316284 -0.1000001238418579 0.599999923841858 0.3800000952316284 0.02000008092651367 0.6000001238418579 0 2 138 -149 
411 0.2599998904632568 0.01999988092651367 0.599999923841858 0.3800000952316284 0.02000008092651367 0.6000001238418579 0 2 149 -148 
412 0.2599998904632568 -0.1000001238418579 0.599999923841858 0.3800000952316284 0.02000008092651367 0.6000001238418579 0 2 148 -138 
413 0.3799998952316284 -0.1000001238418579 0.599999923841858 0.5000000999999999 -0.09999992384185791 0.6000001238418579 0 2 138 -139 
414 0.4999999 -0.1000001238418579 0.599999923841858 0.5000000999999999 0.02000008092651367 0.6000001238418579 0 2 139 -150 
415 0.3799998952316284 -0.1000001238418579 0.599999923841858 0.5000000999999999 0.02000008092651367 0.6000001238418579 0 2 150 -138 
416 0.3799998952316284 -0.1000001238418579 0.599999923841858 0.5000000999999999 -0.09999992384185791 0.6000001238418579 0 2 138 -139 
417 0.4999999 -0.1000001238418579 0.599999923841858 0.6200001047683715 -0.09999992384185791 0.6000001238418579 0 2 139 -140 
418 0.3799998952316284 -0.1000001238418579 0.599999923841858 0.6200001047683715 -0.09999992384185791 0.6000001238418579 0 2 140 -138 
419 0.4999999 -0.1000001238418579 0.599999923841858 0.6200001047683715 -0.09999992384185791 0.6000001238418579 0 2 140 -256 
420 0.4999999 -0.1000001238418579 0.599999923841858 0.6200001047683715 -0.09999992384185791 0.6000001238418579 0 2 256 -140 
421 0.3799998952316284 -0.1000001238418579 0.599999923841858 0.5000000999999999 0.02000008092651367 0.6000001238418579 0 2 150 -138 
422 0.3799998952316284 -0.1000001238418579 0.599999923841858 0.6200001047683715 -0.09999992384185791 0.6000001238418579 0 2 138 -140 
423 0.4999999 -0.1000001238418579 0.599999923841858 0.6200001047683715 0.02000008092651367 0.6000001238418579 0 2 140 -150 
424 0.6199999047683716 0.01999988092651367 0.599999923841858 0.7400001095367431 0.02000008092651367 0.6000001238418579 0 2 152 -151 
425 0.3799998952316284 -0.1000001238418579 0.599999923841858 0.6200001047683715 0.02000008092651367 0.6000001238418579 0 2 151 -138 
426 0.3799998952316284 -0.1000001238418579 0.599999923841858 0.7400001095367431 0.02000008092651367 0.6000001238418579 0 2 138 -152 
427 0.8599999143051148 -0.1000001238418579 0.599999923841858 0.8600001143051147 0.02000008092651367 0.6000001238418579 0 2 142 -153 
428 0.7399999095367432 0.01999988092651367 0.599999923841858 0.8600001143051147 0.02000008092651367 0.6000001238418579 0 2 153 -152 
429 0.7399999095367432 -0.1000001238418579 0.599999923841858 0.8600001143051147 0.02000008092651367 0.6000001238418579 0 2 152 -142 
430 0.8599999143051148 -0.1000001238418579 0.599999923841858 0.9800001190734863 -0.09999992384185791 0.6000001238418579 0 2 142 -143 
431 0.9799999190734864 -0.1000001238418579 0.599999923841858 0.9800001190734863 0.02000008092651367 0.6000001238418579 0 2 143 -154 
432 0.8599999143051148 -0.1000001238418579 0.599999923841858 0.9800001190734863 0.02000008092651367 0.6000001238418579 0 2 154 -142 
433 0.3799998952316284 -0.1000001238418579 0.599999923841858 0.9800001190734863 -0.09999992384185791 0.6000001238418579 0 2 138 -143 
434 0.9799999190734864 -0.1000001238418579 0.599999923841858 1.100000123841858 -0.09999992384185791 0.6000001238418579 0 2 143 -144 
435 0.3799998952316284 -0.1000001238418579 0.599999923841858 1.100000123841858 -0.09999992384185791 0.6000001238418579 0 2 144 -138 
436 0.9799999190734864 -0.1000001238418579 0.599999923841858 1.100000123841858 -0.09999992384185791 0.6000001238418579 0 2 144 -257 
437 0.9799999190734864 -0.1000001238418579 0.599999923841858 1.100000123841858 -0.09999992384185791 0.6000001238418579 0 2 257 -144 
438 0.3799998952316284 -0.1000001238418579 0.599999923841858 0.9800001190734863 0.02000008092651367 0.6000001238418579 0 2 154 -138 
439 -0.1000001238418579 -0.1000001238418579 0.599999923841858 0.3800000952316284 0.02000008092651367 0.6000001238418579 0 2 138 -145 
440 -0.100000123841858 0.01999988092651367 0.599999923841858 0.9800001190734863 0.02000008092651367 0.6000001238418579 0 2 145 -154 
441 -0.1000001238418579 0.1399998856948853 0.599999923841858 0.02000008092651367 0.1400000856948853 0.6000001238418579 0 2 157 -156 
442 -0.1000001238418579 -0.1000001238418579 0.599999923841858 0.3800000952316284 0.1400000856948853 0.6000001238418579 0 2 156 -138 
443 0.01999988092651367 -0.1000001238418579 0.599999923841858 0.3800000952316284 0.1400000856948853 0.6000001238418579 0 2 138 -157 
444 0.1399998856948853 0.01999988092651367 0.599999923841858 0.1400000856948853 0.1400000856948853 0.6000001238418579 0 2 147 -158 
445 0.01999988092651367 0.1399998856948853 0.599999923841858 0.1400000856948853 0.1400000856948853 0.6000001238418579 0 2 158 -157 
446 0.01999988092651367 0.01999988092651367 0.599999923841858 0.1400000856948853 0.1400000856948853 0.6000001238418579 0 2 157 -147 
447 0.1399998856948853 0.01999988092651367 0.599999923841858 0.2600000904632568 0.02000008092651367 0.6000001238418579 0 2 147 -148 
448 0.2599998904632568 0.01999988092651367 0.599999923841858 0.2600000904632568 0.1400000856948853 0.6000001238418579 0 2 148 -159 
449 0.1399998856948853 0.01999988092651367 0.599999923841858 0.2600000904632568 0.1400000856948853 0.6000001238418579 0 2 159 -147 
450 0.2599998904632568 -0.1000001238418579 0.599999923841858 0.3800000952316284 0.02000008092651367 0.6000001238418579 0 2 138 -148 
451 0.2599998904632568 0.01999988092651367 0.599999923841858 0.3800000952316284 0.02000008092651367 0.6000001238418579 0 2 148 -149 
452 0.3799998952316284 -0.1000001238418579 0.599999923841858 0.3800000952316284 0.02000008092651367 0.6000001238418579 0 2 149 -138 
453 0.2599998904632568 -0.1000001238418579 0.599999923841858 0.3800000952316284 0.1400000856948853 0.6000001238418579 0 2 159 -138 
454 0.3799998952316284 -0.1000001238418579 0.599999923841858 0.3800000952316284 0.02000008092651367 0.6000001238418579 0 2 138 -149 
455 0.2599998904632568 0.01999988092651367 0.599999923841858 0.3800000952316284 0.1400000856948853 0.6000001238418579 0 2 149 -159 
456 0.3799998952316284 0.1399998856948853 0.599999923841858 0.5000000999999999 0.1400000856948853 0.6000001238418579 0 2 161 -160 
457 0.3799998952316284 -0.1000001238418579 0.599999923841858 0.3800000952316284 0.1400000856948853 0.6000001238418579 0 2 160 -138 
458 0.3799998952316284 -0.1000001238418579 0.599999923841858 0.5000000999999999 0.1400000856948853 0.6000001238418579 0 2 138 -161 
459 0.6199999047683716 0.01999988092651367 0.599999923841858 0.6200001047683715 0.1400000856948853 0.6000001238418579 0 2 151 -162 
460 0.4999999 0.1399998856948853 0.599999923841858 0.6200001047683715 0.1400000856948853 0.6000001238418579 0 2 162 -161 
461 0.4999999 0.01999988092651367 0.599999923841858 0.6200001047683715 0.1400000856948853 0.6000001238418579 0 2 161 -151 
462 0.6199999047683716 0.01999988092651367 0.599999923841858 0.7400001095367431 0.02000008092651367 0.6000001238418579 0 2 151 -152 
463 0.7399999095367432 0.01999988092651367 0.599999923841858 0.7400001095367431 0.1400000856948853 0.6000001238418579 0 2 152 -163 
464 0.6199999047683716 0.01999988092651367 0.599999923841858 0.7400001095367431 0.1400000856948853 0.6000001238418579 0 2 163 -151 
465 0.3799998952316284 -0.1000001238418579 0.599999923841858 0.7400001095367431 0.02000008092651367 0.6000001238418579 0 2 138 -152 
466 0.7399999095367432 0.01999988092651367 0.599999923841858 0.8600001143051147 0.02000008092651367 0.6000001238418579 0 2 152 -153 
467 0.3799998952316284 -0.1000001238418579 0.599999923841858 0.8600001143051147 0.02000008092651367 0.6000001238418579 0 2 153 -138 
468 0.3799998952316284 -0.1000001238418579 0.599999923841858 0.7400001095367431 0.1400000856948853 0.6000001238418579 0 2 163 -138 
469 0.3799998952316284 -0.1000001238418579 0.599999923841858 0.8600001143051147 0.02000008092651367 0.6000001238418579 0 2 138 -153 
470 0.7399999095367432 0.01999988092651367 0.599999923841858 0.8600001143051147 0.1400000856948853 0.6000001238418579 0 2 153 -163 
471 0.8599999143051148 0.1399998856948853 0.599999923841858 0.9800001190734863 0.1400000856948853 0.6000001238418579 0 2 165 -164 
472 0.3799998952316284 -0.1000001238418579 0.599999923841858 0.8600001143051147 0.1400000856948853 0.6000001238418579 0 2 164 -138 
473 0.3799998952316284 -0.1000001238418579 0.599999923841858 0.9800001190734863 0.1400000856948853 0.6000001238418579 0 2 138 -165 
474 1.099999923841858 0.01999988092651367 0.599999923841858 1.100000123841858 0.1400000856948853 0.6000001238418579 0 2 155 -166 
475 0.9799999190734864 0.1399998856948853 0.599999923841858 1.100000123841858 0.1400000856948853 0.6000001238418579 0 2 166 -165 
476 0.9799999190734864 0.01999988092651367 0.599999923841858 1.100000123841858 0.1400000856948853 0.6000001238418579 0 2 165 -155 
477 -0.1000001238418579 0.1399998856948853 0.599999923841858 0.02000008092651367 0.1400000856948853 0.6000001238418579 0 2 156 -157 
478 0.01999988092651367 0.1399998856948853 0.599999923841858 0.02000008092651367 0.2600000904632568 0.6000001238418579 0 2 157 -168 
479 -0.1000001238418579 0.1399998856948853 0.599999923841858 0.02000008092651367 0.2600000904632568 0.6000001238418579 0 2 168 -156 
480 0.01999988092651367 -0.1000001238418579 0.599999923841858 0.3800000952316284 0.1400000856948853 0.6000001238418579 0 2 138 -157 
481 0.01999988092651367 0.1399998856948853 0.599999923841858 0.1400000856948853 0.1400000856948853 0.6000001238418579 0 2 157 -158 
482 0.1399998856948853 -0.1000001238418579 0.599999923841858 0.3800000952316284 0.1400000856948853 0.6000001238418579 0 2 158 -138 
483 0.01999988092651367 -0.1000001238418579 0.599999923841858 0.3800000952316284 0.2600000904632568 0.6000001238418579 0 2 168 -138 
484 0.1399998856948853 -0.1000001238418579 0.599999923841858 0.3800000952316284 0.1400000856948853 0.6000001238418579 0 2 138 -158 
485 0.01999988092651367 0.1399998856948853 0.599999923841858 0.1400000856948853 0.2600000904632568 0.6000001238418579 0 2 158 -168 
486 0.1399998856948853 -0.1000001238418579 0.599999923841858 0.3800000952316284 0.1400000856948853 0.6000001238418579 0 2 258 -138 
487 0.1399998856948853 -0.1000001238418579 0.599999923841858 0.3800000952316284 0.1400000856948853 0.6000001238418579 0 2 138 -258 
488 0.1399998856948853 0.2599998904632568 0.599999923841858 0.2600000904632568 0.2600000904632568 0.6000001238418579 0 2 170 -169 
489 0.1399998856948853 -0.1000001238418579 0.599999923841858 0.3800000952316284 0.2600000904632568 0.6000001238418579 0 2 169 -138 
490 0.2599998904632568 -0.1000001238418579 0.599999923841858 0.3800000952316284 0.2600000904632568 0.6000001238418579 0 2 138 -170 
491 0.3799998952316284 0.1399998856948853 0.599999923841858 0.3800000952316284 0.2600000904632568 0.6000001238418579 0 2 160 -171 
492 0.2599998904632568 0.2599998904632568 0.599999923841858 0.3800000952316284 0.2600000904632568 0.6000001238418579 0 2 171 -170 
493 0.2599998904632568 0.1399998856948853 0.599999923841858 0.3800000952316284 0.2600000904632568 0.6000001238418579 0 2 170 -160 
494 0.3799998952316284 0.1399998856948853 0.599999923841858 0.5000000999999999 0.1400000856948853 0.6000001238418579 0 2 160 -161 
495 0.4999999 0.1399998856948853 0.599999923841858 0.5000000999999999 0.2600000904632568 0.6000001238418579 0 2 161 -172 
496 0.3799998952316284 0.1399998856948853 0.599999923841858 0.5000000999999999 0.2600000904632568 0.6000001238418579 0 2 172 -160 
497 0.3799998952316284 -0.1000001238418579 0.599999923841858 0.5000000999999999 0.1400000856948853 0.6000001238418579 0 2 138 -161 
498 0.4999999 0.1399998856948853 0.599999923841858 0.6200001047683715 0.1400000856948853 0.6000001238418579 0 2 161 -162 
499 0.3799998952316284 -0.1000001238418579 0.599999923841858 0.6200001047683715 0.1400000856948853 0.6000001238418579 0 2 162 -138 
500 0.3799998952316284 -0.1000001238418579 0.599999923841858 0.5000000999999999 0.2600000904632568 0.6000001238418579 0 2 172 -138 
501 0.3799998952316284 -0.1000001238418579 0.599999923841858 0.6200001047683715 0.1400000856948853 0.6000001238418579 0 2 138 -162 
502 0.4999999 0.1399998856948853 0.599999923841858 0.6200001047683715 0.2600000904632568 0.6000001238418579 0 2 162 -172 
503 0.6199999047683716 0.2599998904632568 0.599999923841858 0.7400001095367431 0.2600000904632568 0.6000001238418579 0 2 174 -173 
504 0.3799998952316284 -0.1000001238418579 0.599999923841858 0.6200001047683715 0.2600000904632568 0.6000001238418579 0 2 173 -138 
505 0.3799998952316284 -0.1000001238418579 0.599999923841858 0.7400001095367431 0.2600000904632568 0.6000001238418579 0 2 138 -174 
506 0.8599999143051148 0.1399998856948853 0.599999923841858 0.8600001143051147 0.2600000904632568 0.6000001238418579 0 2 164 -175 
507 0.7399999095367432 0.2599998904632568 0.599999923841858 0.8600001143051147 0.2600000904632568 0.6000001238418579 0 2 175 -174 
508 0.7399999095367432 0.1399998856948853 0.599999923841858 0.8600001143051147 0.2600000904632568 0.6000001238418579 0 2 174 -164 
509 0.8599999143051148 0.1399998856948853 0.599999923841858 0.9800001190734863 0.1400000856948853 0.6000001238418579 0 2 164 -165 
510 0.9799999190734864 0.1399998856948853 0.599999923841858 0.9800001190734863 0.2600000904632568 0.6000001238418579 0 2 165 -176 
511 0.8599999143051148 0.1399998856948853 0.599999923841858 0.9800001190734863 0.2600000904632568 0.6000001238418579 0 2 176 -164 
512 0.3799998952316284 -0.1000001238418579 0.599999923841858 0.9800001190734863 0.1400000856948853 0.6000001238418579 0 2 138 -165 
513 0.9799999190734864 0.1399998856948853 0.599999923841858 1.100000123841858 0.1400000856948853 0.6000001238418579 0 2 165 -166 
514 0.3799998952316284 -0.1000001238418579 0.599999923841858 1.100000123841858 0.1400000856948853 0.6000001238418579 0 2 166 -138 
515 0.3799998952316284 -0.1000001238418579 0.599999923841858 0.9800001190734863 0.2600000904632568 0.6000001238418579 0 2 176 -138 
516 -0.1000001238418579 -0.1000001238418579 0.599999923841858 0.3800000952316284 0.2600000904632568 0.6000001238418579 0 2 138 -167 
517 -0.100000123841858 0.2599998904632568 0.599999923841858 0.9800001190734863 0.2600000904632568 0.6000001238418579 0 2 167 -176 
518 -0.1000001238418579 0.3799998952316284 0.599999923841858 0.02000008092651367 0.3800000952316284 0.6000001238418579 0 2 179 -178 
519 -0.1000001238418579 -0.1000001238418579 0.599999923841858 0.3800000952316284 0.3800000952316284 0.6000001238418579 0 2 178 -138 
520 0.01999988092651367 -0.1000001238418579 0.599999923841858 0.3800000952316284 0.3800000952316284 0.6000001238418579 0 2 138 -179 
521 0.1399998856948853 0.2599998904632568 0.599999923841858 0.1400000856948853 0.3800000952316284 0.6000001238418579 0 2 169 -180 
522 0.01999988092651367 0.3799998952316284 0.599999923841858 0.1400000856948853 0.3800000952316284 0.6000001238418579 0 2 180 -179 
523 0.01999988092651367 0.2599998904632568 0.599999923841858 0.1400000856948853 0.3800000952316284 0.6000001238418579 0 2 179 -169 
524 0.1399998856948853 0.2599998904632568 0.599999923841858 0.2600000904632568 0.2600000904632568 0.6000001238418579 0 2 169 -170 
525 0.2599998904632568 0.2599998904632568 0.599999923841858 0.2600000904632568 0.3800000952316284 0.6000001238418579 0 2 170 -181 
526 0.1399998856948853 0.2599998904632568 0.599999923841858 0.2600000904632568 0.3800000952316284 0.6000001238418579 0 2 181 -169 
527 0.2599998904632568 -0.1000001238418579 0.599999923841858 0.3800000952316284 0.2600000904632568 0.6000001238418579 0 2 138 -170 
528 0.2599998904632568 0.2599998904632568 0.599999923841858 0.3800000952316284 0.2600000904632568 0.6000001238418579 0 2 170 -171 
529 0.3799998952316284 -0.1000001238418579 0.599999923841858 0.3800000952316284 0.2600000904632568 0.6000001238418579 0 2 171 -138 
530 0.2599998904632568 -0.1000001238418579 0.599999923841858 0.3800000952316284 0.3800000952316284 0.6000001238418579 0 2 181 -138 
531 0.3799998952316284 -0.1000001238418579 0.599999923841858 0.3800000952316284 0.2600000904632568 0.6000001238418579 0 2 138 -171 
532 0.2599998904632568 0.2599998904632568 0.599999923841858 0.3800000952316284 0.3800000952316284 0.6000001238418579 0 2 171 -181 
533 0.3799998952316284 0.3799998952316284 0.599999923841858 0.5000000999999999 0.3800000952316284 0.6000001238418579 0 2 183 -182 
534 0.3799998952316284 -0.1000001238418579 0.599999923841858 0.3800000952316284 0.3800000952316284 0.6000001238418579 0 2 182 -138 
535 0.3799998952316284 -0.1000001238418579 0.599999923841858 0.5000000999999999 0.3800000952316284 0.6000001238418579 0 2 138 -183 
536 0.6199999047683716 0.2599998904632568 0.599999923841858 0.6200001047683715 0.3800000952316284 0.6000001238418579 0 2 173 -184 
537 0.4999999 0.3799998952316284 0.599999923841858 0.6200001047683715 0.3800000952316284 0.6000001238418579 0 2 184 -183 
538 0.4999999 0.2599998904632568 0.599999923841858 0.6200001047683715 0.3800000952316284 0.6000001238418579 0 2 183 -173 
539 0.6199999047683716 0.2599998904632568 0.599999923841858 0.7400001095367431 0.2600000904632568 0.6000001238418579 0 2 173 -174 
540 0.7399999095367432 0.2599998904632568 0.599999923841858 0.7400001095367431 0.3800000952316284 0.6000001238418579 0 2 174 -185 
541 0.6199999047683716 0.2599998904632568 0.599999923841858 0.7400001095367431 0.3800000952316284 0.6000001238418579 0 2 185 -173 
542 0.3799998952316284 -0.1000001238418579 0.599999923841858 0.7400001095367431 0.2600000904632568 0.6000001238418579 0 2 138 -174 
543 0.7399999095367432 0.2599998904632568 0.599999923841858 0.8600001143051147 0.2600000904632568 0.6000001238418579 0 2 174 -175 
544 0.3799998952316284 -0.1000001238418579 0.599999923841858 0.8600001143051147 0.2600000904632568 0.6000001238418579 0 2 175 -138 
545 0.3799998952316284 -0.1000001238418579 0.599999923841858 0.7400001095367431 0.3800000952316284 0.6000001238418579 0 2 185 -138 
546 0.3799998952316284 -0.1000001238418579 0.599999923841858 0.8600001143051147 0.2600000904632568 0.6000001238418579 0 2 138 -175 
547 0.7399999095367432 0.2599998904632568 0.599999923841858 0.8600001143051147 0.3800000952316284 0.6000001238418579 0 2 175 -185 
548 0.8599999143051148 0.3799998952316284 0.599999923841858 0.9800001190734863 0.3800000952316284 0.6000001238418579 0 2 187 -186 
549 0.3799998952316284 -0.1000001238418579 0.599999923841858 0.8600001143051147 0.3800000952316284 0.6000001238418579 0 2 186 -138 
550 0.3799998952316284 -0.1000001238418579 0.599999923841858 0.9800001190734863 0.3800000952316284 0.6000001238418579 0 2 138 -187 
551 1.099999923841858 0.2599998904632568 0.599999923841858 1.100000123841858 0.3800000952316284 0.6000001238418579 0 2 177 -188 
552 0.9799999190734864 0.3799998952316284 0.599999923841858 1.100000123841858 0.3800000952316284 0.6000001238418579 0 2 188 -187 
553 0.9799999190734864 0.2599998904632568 0.599999923841858 1.100000123841858 0.3800000952316284 0.6000001238418579 0 2 187 -177 
554 -0.1000001238418579 0.3799998952316284 0.599999923841858 0.02000008092651367 0.3800000952316284 0.6000001238418579 0 2 178 -179 
555 0.01999988092651367 0.3799998952316284 0.599999923841858 0.02000008092651367 0.5000000999999999 0.6000001238418579 0 2 179 -190 
556 -0.1000001238418579 0.3799998952316284 0.599999923841858 0.02000008092651367 0.5000000999999999 0.6000001238418579 0 2 190 -178 
557 0.01999988092651367 -0.1000001238418579 0.599999923841858 0.3800000952316284 0.3800000952316284 0.6000001238418579 0 2 138 -179 
558 0.01999988092651367 0.3799998952316284 0.599999923841858 0.1400000856948853 0.3800000952316284 0.6000001238418579 0 2 179 -180 
559 0.1399998856948853 -0.1000001238418579 0.599999923841858 0.3800000952316284 0.3800000952316284 0.6000001238418579 0 2 180 -138 
560 0.01999988092651367 -0.1000001238418579 0.599999923841858 0.3800000952316284 0.5000000999999999 0.6000001238418579 0 2 190 -138 
561 0.1399998856948853 -0.1000001238418579 0.599999923841858 0.3800000952316284 0.3800000952316284 0.6000001238418579 0 2 138 -180 
562 0.01999988092651367 0.3799998952316284 0.599999923841858 0.1400000856948853 0.5000000999999999 0.6000001238418579 0 2 180 -190 
563 0.1399998856948853 0.4999999 0.599999923841858 0.2600000904632568 0.5000000999999999 0.6000001238418579 0 2 192 -191 
564 0.1399998856948853 -0.1000001238418579 0.599999923841858 0.3800000952316284 0.5000000999999999 0.6000001238418579 0 2 191 -138 
565 0.2599998904632568 -0.1000001238418579 0.599999923841858 0.3800000952316284 0.5000000999999999 0.6000001238418579 0 2 138 -192 
566 0.3799998952316284 0.3799998952316284 0.599999923841858 0.3800000952316284 0.5000000999999999 0.6000001238418579 0 2 182 -193 
567 0.2599998904632568 0.4999999 0.599999923841858 0.3800000952316284 0.5000000999999999 0.6000001238418579 0 2 193 -192 
568 0.2599998904632568 0.3799998952316284 0.599999923841858 0.3800000952316284 0.5000000999999999 0.6000001238418579 0 2 192 -182 
569 0.3799998952316284 0.3799998952316284 0.599999923841858 0.5000000999999999 0.3800000952316284 0.6000001238418579 0 2 182 -183 
570 0.4999999 0.3799998952316284 0.599999923841858 0.5000000999999999 0.5000000999999999 0.6000001238418579 0 2 183 -194 
571 0.3799998952316284 0.3799998952316284 0.599999923841858 0.5000000999999999 0.5000000999999999 0.6000001238418579 0 2 194 -182 
572 0.3799998952316284 -0.1000001238418579 0.599999923841858 0.5000000999999999 0.3800000952316284 0.6000001238418579 0 2 138 -183 
573 0.4999999 0.3799998952316284 0.599999923841858 0.6200001047683715 0.3800000952316284 0.6000001238418579 0 2 183 -184 
574 0.3799998952316284 -0.1000001238418579 0.599999923841858 0.6200001047683715 0.3800000952316284 0.6000001238418579 0 2 184 -138 
575 0.3799998952316284 -0.1000001238418579 0.599999923841858 0.5000000999999999 0.5000000999999999 0.6000001238418579 0 2 194 -138 
576 0.3799998952316284 -0.1000001238418579 0.599999923841858 0.6200001047683715 0.3800000952316284 0.6000001238418579 0 2 138 -184 
577 0.4999999 0.3799998952316284 0.599999923841858 0.6200001047683715 0.5000000999999999 0.6000001238418579 0 2 184 -194 
578 0.6199999047683716 0.4999999 0.599999923841858 0.7400001095367431 0.5000000999999999 0.6000001238418579 0 2 196 -195 
579 0.3799998952316284 -0.1000001238418579 0.599999923841858 0.6200001047683715 0.5000000999999999 0.6000001238418579 0 2 195 -138 
580 0.3799998952316284 -0.1000001238418579 0.599999923841858 0.7400001095367431 0.5000000999999999 0.6000001238418579 0 2 138 -196 
581 0.8599999143051148 0.3799998952316284 0.599999923841858 0.8600001143051147 0.5000000999999999 0.6000001238418579 0 2 186 -197 
582 0.7399999095367432 0.4999999 0.599999923841858 0.8600001143051147 0.5000000999999999 0.6000001238418579 0 2 197 -196 
583 0.7399999095367432 0.3799998952316284 0.599999923841858 0.8600001143051147 0.5000000999999999 0.6000001238418579 0 2 196 -186 
584 0.8599999143051148 0.3799998952316284 0.599999923841858 0.9800001190734863 0.3800000952316284 0.6000001238418579 0 2 186 -187 
585 0.9799999190734864 0.3799998952316284 0.599999923841858 0.9800001190734863 0.5000000999999999 0.6000001238418579 0 2 187 -198 
586 0.8599999143051148 0.3799998952316284 0.599999923841858 0.9800001190734863 0.5000000999999999 0.6000001238418579 0 2 198 -186 
587 0.3799998952316284 -0.1000001238418579 0.599999923841858 0.9800001190734863 0.3800000952316284 0.6000001238418579 0 2 138 -187 
588 0.9799999190734864 0.3799998952316284 0.599999923841858 1.100000123841858 0.3800000952316284 0.6000001238418579 0 2 187 -188 
589 0.3799998952316284 -0.100000123841858 0.599999923841858 1.100000123841858 0.3800000952316284 0.6000001238418579 0 2 188 -138 
590 0.3799998952316284 -0.1000001238418579 0.599999923841858 0.9800001190734863 0.5000000999999999 0.6000001238418579 0 2 198 -138 
591 -0.1000001238418579 -0.1000001238418579 0.599999923841858 0.3800000952316284 0.5000000999999999 0.6000001238418579 0 2 138 -189 
592 -0.100000123841858 0.4999999 0.599999923841858 0.9800001190734863 0.5000000999999999 0.6000001238418579 0 2 189 -198 
593 -0.1000001238418579 0.6199999047683716 0.599999923841858 0.02000008092651367 0.6200001047683715 0.6000001238418579 0 2 201 -200 
594 -0.1000001238418579 -0.1000001238418579 0.599999923841858 0.3800000952316285 0.6200001047683715 0.6000001238418579 0 2 200 -138 
595 0.01999988092651367 -0.1000001238418579 0.599999923841858 0.3800000952316284 0.6200001047683715 0.6000001238418579 0 2 138 -201 
596 0.1399998856948853 0.4999999 0.599999923841858 0.1400000856948853 0.6200001047683715 0.6000001238418579 0 2 191 -202 
597 0.01999988092651367 0.6199999047683716 0.599999923841858 0.1400000856948853 0.6200001047683715 0.6000001238418579 0 2 202 -201 
598 0.01999988092651367 0.4999999 0.599999923841858 0.1400000856948853 0.6200001047683715 0.6000001238418579 0 2 201 -191 
599 0.1399998856948853 0.4999999 0.599999923841858 0.2600000904632568 0.5000000999999999 0.6000001238418579 0 2 191 -192 
600 0.2599998904632568 0.4999999 0.599999923841858 0.2600000904632568 0.6200001047683715 0.6000001238418579 0 2 192 -203 
601 0.1399998856948853 0.4999999 0.599999923841858 0.2600000904632568 0.6200001047683715 0.6000001238418579 0 2 203 -191 
602 0.2599998904632568 -0.1000001238418579 0.599999923841858 0.3800000952316284 0.5000000999999999 0.6000001238418579 0 2 138 -192 
603 0.2599998904632568 0.4999999 0.599999923841858 0.3800000952316284 0.5000000999999999 0.6000001238418579 0 2 192 -193 
604 0.3799998952316284 -0.1000001238418579 0.599999923841858 0.3800000952316284 0.5000000999999999 0.6000001238418579 0 2 193 -138 
605 0.2599998904632568 -0.1000001238418579 0.599999923841858 0.3800000952316284 0.6200001047683715 0.6000001238418579 0 2 203 -138 
606 0.3799998952316284 -0.1000001238418579 0.599999923841858 0.3800000952316284 0.5000000999999999 0.6000001238418579 0 2 138 -193 
607 0.2599998904632568 0.4999999 0.599999923841858 0.3800000952316284 0.6200001047683715 0.6000001238418579 0 2 193 -203 
608 0.3799998952316284 0.6199999047683716 0.599999923841858 0.5000000999999999 0.6200001047683715 0.6000001238418579 0 2 205 -204 
609 0.3799998952316284 -0.1000001238418579 0.599999923841858 0.3800000952316284 0.6200001047683715 0.6000001238418579 0 2 204 -138 
610 0.3799998952316284 -0.1000001238418579 0.599999923841858 0.5000000999999999 0.6200001047683715 0.6000001238418579 0 2 138 -205 
611 0.6199999047683716 0.4999999 0.599999923841858 0.6200001047683715 0.6200001047683715 0.6000001238418579 0 2 195 -206 
612 0.4999999 0.6199999047683716 0.599999923841858 0.6200001047683715 0.6200001047683715 0.6000001238418579 0 2 206 -205 
613 0.4999999 0.4999999 0.599999923841858 0.6200001047683715 0.6200001047683715 0.6000001238418579 0 2 205 -195 
614 0.6199999047683716 0.4999999 0.599999923841858 0.7400001095367431 0.5000000999999999 0.6000001238418579 0 2 195 -196 
615 0.7399999095367432 0.4999999 0.599999923841858 0.7400001095367431 0.6200001047683715 0.6000001238418579 0 2 196 -207 
616 0.6199999047683716 0.4999999 0.599999923841858 0.7400001095367431 0.6200001047683715 0.6000001238418579 0 2 207 -195 
617 0.3799998952316284 -0.1000001238418579 0.599999923841858 0.7400001095367431 0.5000000999999999 0.6000001238418579 0 2 138 -196 
618 0.7399999095367432 0.4999999 0.599999923841858 0.8600001143051147 0.5000000999999999 0.6000001238418579 0 2 196 -197 
619 0.3799998952316284 -0.1000001238418579 0.599999923841858 0.8600001143051147 0.5000000999999999 0.6000001238418579 0 2 197 -138 
620 0.3799998952316284 -0.1000001238418579 0.599999923841858 0.7400001095367431 0.6200001047683715 0.6000001238418579 0 2 207 -138 
621 0.3799998952316284 -0.1000001238418579 0.599999923841858 0.8600001143051147 0.5000000999999999 0.6000001238418579 0 2 138 -197 
622 0.7399999095367432 0.4999999 0.599999923841858 0.8600001143051147 0.6200001047683715 0.6000001238418579 0 2 197 -207 
623 0.8599999143051148 0.6199999047683716 0.599999923841858 0.9800001190734863 0.6200001047683715 0.6000001238418579 0 2 209 -208 
624 0.3799998952316284 -0.1000001238418579 0.599999923841858 0.8600001143051147 0.6200001047683715 0.6000001238418579 0 2 208 -138 
625 0.3799998952316284 -0.1000001238418579 0.599999923841858 0.9800001190734863 0.6200001047683715 0.6000001238418579 0 2 138 -209 
626 1.099999923841858 0.4999999 0.599999923841858 1.100000123841858 0.6200001047683715 0.6000001238418579 0 2 199 -210 
627 0.9799999190734864 0.6199999047683716 0.599999923841858 1.100000123841858 0.6200001047683715 0.6000001238418579 0 2 210 -209 
628 0.9799999190734864 0.4999999 0.599999923841858 1.100000123841858 0.6200001047683715 0.6000001238418579 0 2 209 -199 
629 -0.1000001238418579 0.6199999047683716 0.599999923841858 0.02000008092651367 0.6200001047683715 0.6000001238418579 0 2 200 -201 
630 0.01999988092651367 0.6199999047683716 0.599999923841858 0.02000008092651367 0.7400001095367431 0.6000001238418579 0 2 201 -212 
631 -0.1000001238418579 0.6199999047683716 0.599999923841858 0.02000008092651367 0.7400001095367431 0.6000001238418579 0 2 212 -200 
632 0.01999988092651367 -0.1000001238418579 0.599999923841858 0.3800000952316284 0.6200001047683715 0.6000001238418579 0 2 138 -201 
633 0.01999988092651367 0.6199999047683716 0.599999923841858 0.1400000856948853 0.6200001047683715 0.6000001238418579 0 2 201 -202 
634 0.1399998856948853 -0.1000001238418579 0.599999923841858 0.3800000952316284 0.6200001047683715 0.6000001238418579 0 2 202 -138 
635 0.01999988092651367 -0.1000001238418579 0.599999923841858 0.3800000952316284 0.7400001095367431 0.6000001238418579 0 2 212 -138 
636 0.1399998856948853 -0.1000001238418579 0.599999923841858 0.3800000952316284 0.6200001047683715 0.6000001238418579 0 2 138 -202 
637 0.01999988092651367 0.6199999047683716 0.599999923841858 0.1400000856948853 0.7400001095367431 0.6000001238418579 0 2 202 -212 
638 0.1399998856948853 0.7399999095367432 0.599999923841858 0.2600000904632568 0.7400001095367431 0.6000001238418579 0 2 214 -213 
639 0.1399998856948853 -0.1000001238418579 0.599999923841858 0.3800000952316284 0.7400001095367431 0.6000001238418579 0 2 213 -138 
640 0.2599998904632568 -0.1000001238418579 0.599999923841858 0.3800000952316284 0.7400001095367431 0.6000001238418579 0 2 138 -214 
641 0.3799998952316284 0.6199999047683716 0.599999923841858 0.3800000952316284 0.7400001095367431 0.6000001238418579 0 2 204 -215 
642 0.2599998904632568 0.7399999095367432 0.599999923841858 0.3800000952316284 0.7400001095367431 0.6000001238418579 0 2 215 -214 
643 0.2599998904632568 0.6199999047683716 0.599999923841858 0.3800000952316284 0.7400001095367431 0.6000001238418579 0 2 214 -204 
644 0.3799998952316284 0.6199999047683716 0.599999923841858 0.5000000999999999 0.6200001047683715 0.6000001238418579 0 2 204 -205 
645 0.4999999 0.6199999047683716 0.599999923841858 0.5000000999999999 0.7400001095367431 0.6000001238418579 0 2 205 -216 
646 0.3799998952316284 0.6199999047683716 0.599999923841858 0.5000000999999999 0.7400001095367431 0.6000001238418579 0 2 216 -204 
647 0.3799998952316284 -0.1000001238418579 0.599999923841858 0.5000000999999999 0.6200001047683715 0.6000001238418579 0 2 138 -205 
648 0.4999999 0.6199999047683716 0.599999923841858 0.6200001047683715 0.6200001047683715 0.6000001238418579 0 2 205 -206 
649 0.3799998952316284 -0.1000001238418579 0.599999923841858 0.6200001047683715 0.6200001047683715 0.6000001238418579 0 2 206 -138 
650 0.3799998952316284 -0.1000001238418579 0.599999923841858 0.5000000999999999 0.7400001095367431 0.6000001238418579 0 2 216 -138 
651 0.3799998952316284 -0.1000001238418579 0.599999923841858 0.6200001047683715 0.6200001047683715 0.6000001238418579 0 2 138 -206 
652 0.4999999 0.6199999047683716 0.599999923841858 0.6200001047683715 0.7400001095367431 0.6000001238418579 0 2 206 -216 
653 0.6199999047683716 0.7399999095367432 0.599999923841858 0.7400001095367431 0.7400001095367431 0.6000001238418579 0 2 218 -217 
654 0.3799998952316284 -0.1000001238418579 0.599999923841858 0.6200001047683715 0.7400001095367431 0.6000001238418579 0 2 217 -138 
655 0.3799998952316284 -0.1000001238418579 0.599999923841858 0.7400001095367431 0.7400001095367431 0.6000001238418579 0 2 138 -218 
656 0.8599999143051148 0.6199999047683716 0.599999923841858 0.8600001143051147 0.7400001095367431 0.6000001238418579 0 2 208 -219 
657 0.7399999095367432 0.7399999095367432 0.599999923841858 0.8600001143051147 0.7400001095367431 0.6000001238418579 0 2 219 -218 
658 0.7399999095367432 0.6199999047683716 0.599999923841858 0.8600001143051147 0.7400001095367431 0.6000001238418579 0 2 218 -208 
659 0.8599999143051148 0.6199999047683716 0.599999923841858 0.9800001190734863 0.6200001047683715 0.6000001238418579 0 2 208 -209 
660 0.9799999190734864 0.6199999047683716 0.599999923841858 0.9800001190734863 0.7400001095367431 0.6000001238418579 0 2 209 -220 
661 0.8599999143051148 0.6199999047683716 0.599999923841858 0.9800001190734863 0.7400001095367431 0.6000001238418579 0 2 220 -208 
662 0.3799998952316284 -0.1000001238418579 0.599999923841858 0.9800001190734863 0.6200001047683715 0.6000001238418579 0 2 138 -209 
663 0.9799999190734864 0.6199999047683716 0.599999923841858 1.100000123841858 0.6200001047683715 0.6000001238418579 0 2 209 -210 
664 0.3799998952316284 -0.1000001238418579 0.599999923841858 1.100000123841858 0.6200001047683715 0.6000001238418579 0 2 210 -138 
665 0.3799998952316284 -0.1000001238418579 0.599999923841858 0.9800001190734863 0.7400001095367431 0.6000001238418579 0 2 220 -138 
666 -0.1000001238418579 -0.1000001238418579 0.599999923841858 0.3800000952316284 0.7400001095367431 0.6000001238418579 0 2 138 -211 
667 -0.100000123841858 0.7399999095367432 0.599999923841858 0.9800001190734863 0.7400001095367431 0.6000001238418579 0 2 211 -220 
668 -0.1000001238418579 0.8599999143051148 0.599999923841858 0.02000008092651367 0.8600001143051147 0.6000001238418579 0 2 223 -222 
669 -0.1000001238418579 -0.1000001238418579 0.599999923841858 0.3800000952316284 0.8600001143051147 0.6000001238418579 0 2 222 -138 
670 0.01999988092651367 -0.1000001238418579 0.599999923841858 0.3800000952316284 0.8600001143051147 0.6000001238418579 0 2 138 -223 
671 0.1399998856948853 0.7399999095367432 0.599999923841858 0.1400000856948853 0.8600001143051147 0.6000001238418579 0 2 213 -224 
672 0.01999988092651367 0.8599999143051148 0.599999923841858 0.1400000856948853 0.8600001143051147 0.6000001238418579 0 2 224 -223 
673 0.01999988092651367 0.7399999095367432 0.599999923841858 0.1400000856948853 0.8600001143051147 0.6000001238418579 0 2 223 -213 
674 0.1399998856948853 0.7399999095367432 0.599999923841858 0.2600000904632568 0.7400001095367431 0.6000001238418579 0 2 213 -214 
675 0.2599998904632568 0.7399999095367432 0.599999923841858 0.2600000904632568 0.8600001143051147 0.6000001238418579 0 2 214 -225 
676 0.1399998856948853 0.7399999095367432 0.599999923841858 0.2600000904632568 0.8600001143051147 0.6000001238418579 0 2 225 -213 
677 0.2599998904632568 -0.1000001238418579 0.599999923841858 0.3800000952316284 0.7400001095367431 0.6000001238418579 0 2 138 -214 
678 0.2599998904632568 0.7399999095367432 0.599999923841858 0.3800000952316284 0.7400001095367431 0.6000001238418579 0 2 214 -215 
679 0.3799998952316284 -0.1000001238418579 0.599999923841858 0.3800000952316284 0.7400001095367431 0.6000001238418579 0 2 215 -138 
680 0.2599998904632568 -0.1000001238418579 0.599999923841858 0.3800000952316284 0.8600001143051147 0.6000001238418579 0 2 225 -138 
681 0.3799998952316284 -0.1000001238418579 0.599999923841858 0.3800000952316284 0.7400001095367431 0.6000001238418579 0 2 138 -215 
682 0.2599998904632568 0.7399999095367432 0.599999923841858 0.3800000952316284 0.8600001143051147 0.6000001238418579 0 2 215 -225 
683 0.3799998952316284 0.8599999143051148 0.599999923841858 0.5000000999999999 0.8600001143051147 0.6000001238418579 0 2 227 -226 
684 0.3799998952316284 -0.1000001238418579 0.599999923841858 0.3800000952316284 0.8600001143051147 0.6000001238418579 0 2 226 -138 
685 0.3799998952316284 -0.1000001238418579 0.599999923841858 0.5000000999999999 0.8600001143051147 0.6000001238418579 0 2 138 -227 
686 0.6199999047683716 0.7399999095367432 0.599999923841858 0.6200001047683715 0.8600001143051147 0.6000001238418579 0 2 217 -228 
687 0.4999999 0.8599999143051148 0.599999923841858 0.6200001047683715 0.8600001143051147 0.6000001238418579 0 2 228 -227 
688 0.4999999 0.7399999095367432 0.599999923841858 0.6200001047683715 0.8600001143051147 0.6000001238418579 0 2 227 -217 
689 0.6199999047683716 0.7399999095367432 0.599999923841858 0.7400001095367431 0.7400001095367431 0.6000001238418579 0 2 217 -218 
690 0.7399999095367432 0.7399999095367432 0.599999923841858 0.7400001095367431 0.8600001143051147 0.6000001238418579 0 2 218 -229 
691 0.6199999047683716 0.7399999095367432 0.599999923841858 0.7400001095367431 0.8600001143051147 0.6000001238418579 0 2 229 -217 
692 0.3799998952316284 -0.1000001238418579 0.599999923841858 0.7400001095367431 0.7400001095367431 0.6000001238418579 0 2 138 -218 
693 0.7399999095367432 0.7399999095367432 0.599999923841858 0.8600001143051147 0.7400001095367431 0.6000001238418579 0 2 218 -219 
694 0.3799998952316284 -0.1000001238418579 0.599999923841858 0.8600001143051147 0.7400001095367431 0.6000001238418579 0 2 219 -138 
695 0.3799998952316284 -0.1000001238418579 0.599999923841858 0.7400001095367431 0.8600001143051147 0.6000001238418579 0 2 229 -138 
696 0.3799998952316284 -0.1000001238418579 0.599999923841858 0.8600001143051147 0.7400001095367431 0.6000001238418579 0 2 138 -219 
697 0.7399999095367432 0.7399999095367432 0.599999923841858 0.8600001143051147 0.8600001143051147 0.6000001238418579 0 2 219 -229 
698 0.8599999143051148 0.8599999143051148 0.599999923841858 0.9800001190734863 0.8600001143051147 0.6000001238418579 0 2 231 -230 
699 0.3799998952316284 -0.1000001238418579 0.599999923841858 0.8600001143051147 0.8600001143051147 0.6000001238418579 0 2 230 -138 
700 0.3799998952316284 -0.1000001238418579 0.599999923841858 0.9800001190734863 0.8600001143051147 0.6000001238418579 0 2 138 -231 
701 1.099999923841858 0.7399999095367432 0.599999923841858 1.100000123841858 0.8600001143051147 0.6000001238418579 0 2 221 -232 
702 0.9799999190734864 0.8599999143051148 0.599999923841858 1.100000123841858 0.8600001143051147 0.6000001238418579 0 2 232 -231 
703 0.9799999190734864 0.7399999095367432 0.599999923841858 1.100000123841858 0.8600001143051147 0.6000001238418579 0 2 231 -221 
704 -0.1000001238418579 0.8599999143051148 0.599999923841858 0.02000008092651367 0.8600001143051147 0.6000001238418579 0 2 222 -223 
705 0.01999988092651367 0.8599999143051148 0.599999923841858 0.02000008092651367 0.9800001190734863 0.6000001238418579 0 2 223 -234 
706 -0.1000001238418579 0.8599999143051148 0.599999923841858 0.02000008092651367 0.9800001190734863 0.6000001238418579 0 2 234 -222 
707 0.01999988092651367 -0.1000001238418579 0.599999923841858 0.3800000952316284 0.8600001143051147 0.6000001238418579 0 2 138 -223 
708 0.01999988092651367 0.8599999143051148 0.599999923841858 0.1400000856948853 0.8600001143051147 0.6000001238418579 0 2 223 -224 
709 0.1399998856948853 -0.1000001238418579 0.599999923841858 0.3800000952316284 0.8600001143051147 0.6000001238418579 0 2 224 -138 
710 0.01999988092651367 -0.100000123841858 0.599999923841858 0.3800000952316284 0.9800001190734863 0.6000001238418579 0 2 234 -138 
711 0.1399998856948853 -0.1000001238418579 0.599999923841858 0.3800000952316284 0.8600001143051147 0.6000001238418579 0 2 138 -224 
712 0.01999988092651367 0.8599999143051148 0.599999923841858 0.1400000856948853 0.9800001190734863 0.6000001238418579 0 2 224 -234 
713 0.1399998856948853 0.9799999190734864 0.599999923841858 0.2600000904632568 0.9800001190734863 0.6000001238418579 0 2 236 -235 
714 0.1399998856948853 -0.100000123841858 0.599999923841858 0.3800000952316284 0.9800001190734863 0.6000001238418579 0 2 235 -138 
715 0.2599998904632568 -0.100000123841858 0.599999923841858 0.3800000952316284 0.9800001190734863 0.6000001238418579 0 2 138 -236 
716 0.3799998952316284 0.8599999143051148 0.599999923841858 0.3800000952316284 0.9800001190734863 0.6000001238418579 0 2 226 -237 
717 0.2599998904632568 0.9799999190734864 0.599999923841858 0.3800000952316284 0.9800001190734863 0.6000001238418579 0 2 237 -236 
718 0.2599998904632568 0.8599999143051148 0.599999923841858 0.3800000952316284 0.9800001190734863 0.6000001238418579 0 2 236 -226 
719 0.3799998952316284 0.8599999143051148 0.599999923841858 0.5000000999999999 0.8600001143051147 0.6000001238418579 0 2 226 -227 
720 0.4999999 0.8599999143051148 0.599999923841858 0.5000000999999999 0.9800001190734863 0.6000001238418579 0 2 227 -238 
721 0.3799998952316284 0.8599999143051148 0.599999923841858 0.5000000999999999 0.9800001190734863 0.6000001238418579 0 2 238 -226 
722 0.3799998952316284 -0.1000001238418579 0.599999923841858 0.5000000999999999 0.8600001143051147 0.6000001238418579 0 2 138 -227 
723 0.4999999 0.8599999143051148 0.599999923841858 0.6200001047683715 0.8600001143051147 0.6000001238418579 0 2 227 -228 
724 0.3799998952316284 -0.1000001238418579 0.599999923841858 0.6200001047683715 0.8600001143051147 0.6000001238418579 0 2 228 -138 
725 0.3799998952316284 -0.100000123841858 0.599999923841858 0.5000000999999999 0.9800001190734863 0.6000001238418579 0 2 238 -138 
726 0.3799998952316284 -0.1000001238418579 0.599999923841858 0.6200001047683715 0.8600001143051147 0.6000001238418579 0 2 138 -228 
727 0.4999999 0.8599999143051148 0.599999923841858 0.6200001047683715 0.9800001190734863 0.6000001238418579 0 2 228 -238 
728 0.6199999047683716 0.9799999190734864 0.599999923841858 0.7400001095367431 0.9800001190734863 0.6000001238418579 0 2 240 -239 
729 0.3799998952316284 -0.100000123841858 0.599999923841858 0.6200001047683715 0.9800001190734863 0.6000001238418579 0 2 239 -138 
730 0.3799998952316284 -0.100000123841858 0.599999923841858 0.7400001095367431 0.9800001190734863 0.6000001238418579 0 2 138 -240 
731 0.8599999143051148 0.8599999143051148 0.599999923841858 0.8600001143051147 0.9800001190734863 0.6000001238418579 0 2 230 -241 
732 0.7399999095367432 0.9799999190734864 0.599999923841858 0.8600001143051147 0.9800001190734863 0.6000001238418579 0 2 241 -240 
733 0.7399999095367432 0.8599999143051148 0.599999923841858 0.8600001143051147 0.9800001190734863 0.6000001238418579 0 2 240 -230 
734 0.8599999143051148 0.8599999143051148 0.599999923841858 0.9800001190734863 0.8600001143051147 0.6000001238418579 0 2 230 -231 
735 0.9799999190734864 0.8599999143051148 0.599999923841858 0.9800001190734863 0.9800001190734863 0.6000001238418579 0 2 231 -242 
736 0.8599999143051148 0.8599999143051148 0.599999923841858 0.9800001190734863 0.9800001190734863 0.6000001238418579 0 2 242 -230 
737 0.3799998952316284 -0.1000001238418579 0.599999923841858 0.9800001190734863 0.8600001143051147 0.6000001238418579 0 2 138 -231 
738 0.9799999190734864 0.8599999143051148 0.599999923841858 1.100000123841858 0.8600001143051147 0.6000001238418579 0 2 231 -232 
739 0.3799998952316284 -0.1000001238418579 0.599999923841858 1.100000123841858 0.8600001143051147 0.6000001238418579 0 2 232 -138 
740 0.3799998952316284 -0.100000123841858 0.599999923841858 0.9800001190734863 0.9800001190734863 0.6000001238418579 0 2 242 -138 
741 -0.100000123841858 -0.100000123841858 0.599999923841858 0.3800000952316284 0.9800001190734863 0.6000001238418579 0 2 138 -233 
742 -0.100000123841858 0.9799999190734864 0.599999923841858 0.9800001190734863 0.9800001190734863 0.6000001238418579 0 2 233 -242 
743 -0.1000001238418579 1.099999923841858 0.599999923841858 0.02000008092651367 1.100000123841858 0.6000001238418579 0 2 245 -244 
744 -0.1000001238418579 -0.100000123841858 0.599999923841858 0.3800000952316284 1.100000123841858 0.6000001238418579 0 2 244 -138 
745 0.01999988092651367 -0.100000123841858 0.599999923841858 0.3800000952316284 1.100000123841858 0.6000001238418579 0 2 138 -245 
746 0.1399998856948853 0.9799999190734864 0.599999923841858 0.1400000856948853 1.100000123841858 0.6000001238418579 0 2 235 -246 
747 0.01999988092651367 1.099999923841858 0.599999923841858 0.1400000856948853 1.100000123841858 0.6000001238418579 0 2 246 -245 
748 0.01999988092651367 0.9799999190734864 0.599999923841858 0.1400000856948853 1.100000123841858 0.6000001238418579 0 2 245 -235 
749 0.1399998856948853 0.9799999190734864 0.599999923841858 0.2600000904632568 0.9800001190734863 0.6000001238418579 0 2 235 -236 
750 0.2599998904632568 0.9799999190734864 0.599999923841858 0.2600000904632568 1.100000123841858 0.6000001238418579 0 2 236 -247 
751 0.1399998856948853 0.9799999190734864 0.599999923841858 0.2600000904632568 1.100000123841858 0.6000001238418579 0 2 247 -235 
752 0.2599998904632568 -0.100000123841858 0.599999923841858 0.3800000952316284 0.9800001190734863 0.6000001238418579 0 2 138 -236 
753 0.2599998904632568 0.9799999190734864 0.599999923841858 0.3800000952316284 0.9800001190734863 0.6000001238418579 0 2 236 -237 
754 0.3799998952316284 -0.100000123841858 0.599999923841858 0.3800000952316284 0.9800001190734863 0.6000001238418579 0 2 237 -138 
755 0.2599998904632568 -0.100000123841858 0.599999923841858 0.3800000952316284 1.100000123841858 0.6000001238418579 0 2 247 -138 
756 0.3799998952316284 -0.100000123841858 0.599999923841858 0.3800000952316284 0.9800001190734863 0.6000001238418579 0 2 138 -237 
757 0.2599998904632568 0.9799999190734864 0.599999923841858 0.3800000952316284 1.100000123841858 0.6000001238418579 0 2 237 -247 
758 0.3799998952316284 1.099999923841858 0.599999923841858 0.5000000999999999 1.100000123841858 0.6000001238418579 0 2 249 -248 
759 0.3799998952316284 -0.100000123841858 0.599999923841858 0.3800000952316284 1.100000123841858 0.6000001238418579 0 2 248 -138 
760 0.3799998952316284 -0.100000123841858 0.599999923841858 0.5000000999999999 1.100000123841858 0.6000001238418579 0 2 138 -249 
761 0.6199999047683716 0.9799999190734864 0.599999923841858 0.6200001047683715 1.100000123841858 0.6000001238418579 0 2 239 -250 
762 0.4999999 1.099999923841858 0.599999923841858 0.6200001047683715 1.100000123841858 0.6000001238418579 0 2 250 -249 
763 0.4999999 0.9799999190734864 0.599999923841858 0.6200001047683715 1.100000123841858 0.6000001238418579 0 2 249 -239 
764 0.6199999047683716 0.9799999190734864 0.599999923841858 0.7400001095367431 0.9800001190734863 0.6000001238418579 0 2 239 -240 
765 0.7399999095367432 0.9799999190734864 0.599999923841858 0.7400001095367431 1.100000123841858 0.6000001238418579 0 2 240 -251 
766 0.6199999047683716 0.9799999190734864 0.599999923841858 0.7400001095367431 1.100000123841858 0.6000001238418579 0 2 251 -239 
767 0.3799998952316284 -0.100000123841858 0.599999923841858 0.7400001095367431 0.9800001190734863 0.6000001238418579 0 2 138 -240 
768 0.7399999095367432 0.9799999190734864 0.599999923841858 0.8600001143051147 0.9800001190734863 0.6000001238418579 0 2 240 -241 
769 0.3799998952316284 -0.100000123841858 0.599999923841858 0.8600001143051147 0.9800001190734863 0.6000001238418579 0 2 241 -138 
770 0.3799998952316284 -0.100000123841858 0.599999923841858 0.7400001095367431 1.100000123841858 0.6000001238418579 0 2 251 -138 
771 0.3799998952316284 -0.100000123841858 0.599999923841858 0.8600001143051147 0.9800001190734863 0.6000001238418579 0 2 138 -241 
772 0.7399999095367432 0.9799999190734864 0.599999923841858 0.8600001143051147 1.100000123841858 0.6000001238418579 0 2 241 -251 
773 0.8599999143051148 1.099999923841858 0.599999923841858 0.9800001190734863 1.100000123841858 0.6000001238418579 0 2 253 -252 
774 0.3799998952316284 -0.100000123841858 0.599999923841858 0.8600001143051147 1.100000123841858 0.6000001238418579 0 2 252 -138 
775 0.3799998952316284 -0.100000123841858 0.599999923841858 0.9800001190734863 1.100000123841858 0.6000001238418579 0 2 138 -253 
776 1.099999923841858 0.9799999190734864 0.599999923841858 1.100000123841858 1.100000123841858 0.6000001238418579 0 2 243 -254 
777 0.9799999190734864 1.099999923841858 0.599999923841858 1.100000123841858 1.100000123841858 0.6000001238418579 0 2 254 -253 
778 0.9799999190734864 0.9799999190734864 0.599999923841858 1.100000123841858 1.100000123841858 0.6000001238418579 0 2 253 -243 
779 1.099999923841858 0.299999911920929 0.9799999190734864 1.100000123841858 0.300000111920929 1.100000123841858 0 2 259 -260 
780 0.9799999190734864 0.299999911920929 0.9799999190734864 1.100000123841858 0.300000111920929 0.9800001190734863 0 2 260 -271 
781 0.9799999190734864 0.299999911920929 0.9799999190734864 1.100000123841858 0.300000111920929 1.100000123841858 0 2 271 -259 
782 1.099999923841858 0.299999911920929 0.6199999047683716 1.100000123841858 0.300000111920929 0.9800001190734863 0 2 263 -260 
783 1.099999923841858 0.299999911920929 0.8599999143051148 1.100000123841858 0.300000111920929 0.9800001190734863 0 2 260 -261 
784 1.099999923841858 0.299999911920929 0.6199999047683716 1.100000123841858 0.300000111920929 0.8600001143051147 0 2 261 -263 
785 1.099999923841858 0.299999911920929 0.8599999143051148 1.100000123841858 0.300000111920929 0.9800001190734863 0 2 260 -380 
786 1.099999923841858 0.299999911920929 0.8599999143051148 1.100000123841858 0.300000111920929 0.9800001190734863 0 2 380 -260 
787 0.9799999190734864 0.299999911920929 0.6199999047683716 1.100000123841858 0.300000111920929 0.9800001190734863 0 2 271 -263 
788 1.099999923841858 0.299999911920929 0.6199999047683716 1.100000123841858 0.300000111920929 0.8600001143051147 0 2 263 -261 
789 0.9799999190734864 0.299999911920929 0.8599999143051148 1.100000123841858 0.300000111920929 0.9800001190734863 0 2 261 -271 
790 0.9799999190734864 0.299999911920929 0.7399999095367432 0.9800001190734863 0.300000111920929 0.8600001143051147 0 2 273 -272 
791 0.9799999190734864 0.299999911920929 0.6199999047683716 1.100000123841858 0.300000111920929 0.8600001143051147 0 2 272 -263 
792 0.9799999190734864 0.299999911920929 0.6199999047683716 1.100000123841858 0.300000111920929 0.7400001095367431 0 2 263 -273 
793 0.9799999190734864 0.299999911920929 0.6199999047683716 1.100000123841858 0.300000111920929 0.6200001047683715 0 2 263 -274 
794 0.9799999190734864 0.299999911920929 0.6199999047683716 0.9800001190734863 0.300000111920929 0.7400001095367431 0 2 274 -273 
795 0.9799999190734864 0.299999911920929 0.6199999047683716 1.100000123841858 0.300000111920929 0.7400001095367431 0 2 273 -263 
796 1.099999923841858 0.299999911920929 0.4999999 1.100000123841858 0.300000111920929 0.6200001047683715 0 2 263 -264 
797 0.9799999190734864 0.299999911920929 0.4999999 1.100000123841858 0.300000111920929 0.5000000999999999 0 2 264 -275 
798 0.9799999190734864 0.299999911920929 0.4999999 1.100000123841858 0.300000111920929 0.6200001047683715 0 2 275 -263 
799 1.099999923841858 0.299999911920929 0.4999999 1.100000123841858 0.300000111920929 0.6200001047683715 0 2 263 -264 
800 1.099999923841858 0.299999911920929 0.3799998952316284 1.100000123841858 0.300000111920929 0.5000000999999999 0 2 264 -265 
801 1.099999923841858 0.299999911920929 0.3799998952316284 1.100000123841858 0.300000111920929 0.6200001047683715 0 2 265 -263 
802 1.099999923841858 0.299999911920929 0.3799998952316284 1.100000123841858 0.300000111920929 0.5000000999999999 0 2 265 -381 
803 1.099999923841858 0.299999911920929 0.3799998952316284 1.100000123841858 0.300000111920929 0.5000000999999999 0 2 381 -265 
804 0.9799999190734864 0.299999911920929 0.4999999 1.100000123841858 0.300000111920929 0.6200001047683715 0 2 275 -263 
805 1.099999923841858 0.299999911920929 0.3799998952316284 1.100000123841858 0.300000111920929 0.6200001047683715 0 2 263 -265 
806 0.9799999190734864 0.299999911920929 0.3799998952316284 1.100000123841858 0.300000111920929 0.5000000999999999 0 2 265 -275 
807 0.9799999190734864 0.299999911920929 0.2599998904632568 0.9800001190734863 0.300000111920929 0.3800000952316284 0 2 277 -276 
808 0.9799999190734864 0.299999911920929 0.3799998952316284 1.100000123841858 0.300000111920929 0.6200001047683715 0 2 276 -263 
809 0.9799999190734864 0.299999911920929 0.2599998904632568 1.100000123841858 0.300000111920929 0.6200001047683715 0 2 263 -277 
810 0.9799999190734864 0.299999911920929 0.1399998856948853 1.100000123841858 0.300000111920929 0.1400000856948853 0 2 267 -278 
811 0.9799999190734864 0.299999911920929 0.1399998856948853 0.9800001190734863 0.300000111920929 0.2600000904632568 0 2 278 -277 
812 0.9799999190734864 0.299999911920929 0.1399998856948853 1.100000123841858 0.300000111920929 0.2600000904632568 0 2 277 -267 
813 1.099999923841858 0.299999911920929 0.01999988092651367 1.100000123841858 0.300000111920929 0.1400000856948853 0 2 267 -268 
814 0.9799999190734864 0.299999911920929 0.01999988092651367 1.100000123841858 0.300000111920929 0.02000008092651367 0 2 268 -279 
815 0.9799999190734864 0.299999911920929 0.01999988092651367 1.100000123841858 0.300000111920929 0.1400000856948853 0 2 279 -267 
816 1.099999923841858 0.299999911920929 0.01999988092651367 1.100000123841858 0.300000111920929 0.6200001047683715 0 2 263 -268 
817 1.099999923841858 0.299999911920929 -0.1000001238418579 1.100000123841858 0.300000111920929 0.02000008092651367 0 2 268 -269 
818 1.099999923841858 0.299999911920929 -0.1000001238418579 1.100000123841858 0.300000111920929 0.6200001047683715 0 2 269 -263 
819 1.099999923841858 0.299999911920929 -0.1000001238418579 1.100000123841858 0.300000111920929 0.02000008092651367 0 2 269 -382 
820 1.099999923841858 0.299999911920929 -0.1000001238418579 1.100000123841858 0.300000111920929 0.02000008092651367 0 2 382 -269 
821 0.9799999190734864 0.299999911920929 0.01999988092651367 1.100000123841858 0.300000111920929 0.6200001047683715 0 2 279 -263 
822 0.9799999190734864 0.299999911920929 0.6199999047683716 1.100000123841858 0.300000111920929 1.100000123841858 0 2 263 -270 
823 0.9799999190734864 0.299999911920929 0.01999988092651372 0.9800001190734863 0.300000111920929 1.100000123841858 0 2 270 -279 
824 0.8599999143051148 0.299999911920929 0.9799999190734864 0.8600001143051147 0.300000111920929 1.100000123841858 0 2 282 -281 
825 0.8599999143051148 0.299999911920929 0.6199999047683716 1.100000123841858 0.300000111920929 1.100000123841858 0 2 281 -263 
826 0.8599999143051148 0.299999911920929 0.6199999047683716 1.100000123841858 0.300000111920929 0.9800001190734863 0 2 263 -282 
827 0.8599999143051148 0.299999911920929 0.8599999143051148 0.9800001190734863 0.300000111920929 0.8600001143051147 0 2 272 -283 
828 0.8599999143051148 0.299999911920929 0.8599999143051148 0.8600001143051147 0.300000111920929 0.9800001190734863 0 2 283 -282 
829 0.8599999143051148 0.299999911920929 0.8599999143051148 0.9800001190734863 0.300000111920929 0.9800001190734863 0 2 282 -272 
830 0.9799999190734864 0.299999911920929 0.7399999095367432 0.9800001190734863 0.300000111920929 0.8600001143051147 0 2 272 -273 
831 0.8599999143051148 0.299999911920929 0.7399999095367432 0.9800001190734863 0.300000111920929 0.7400001095367431 0 2 273 -284 
832 0.8599999143051148 0.299999911920929 0.7399999095367432 0.9800001190734863 0.300000111920929 0.8600001143051147 0 2 284 -272 
833 0.9799999190734864 0.299999911920929 0.6199999047683716 1.100000123841858 0.300000111920929 0.7400001095367431 0 2 263 -273 
834 0.9799999190734864 0.299999911920929 0.6199999047683716 0.9800001190734863 0.300000111920929 0.7400001095367431 0 2 273 -274 
835 0.9799999190734864 0.299999911920929 0.6199999047683716 1.100000123841858 0.300000111920929 0.6200001047683715 0 2 274 -263 
836 0.8599999143051148 0.299999911920929 0.6199999047683716 1.100000123841858 0.300000111920929 0.7400001095367431 0 2 284 -263 
837 0.9799999190734864 0.299999911920929 0.6199999047683716 1.100000123841858 0.300000111920929 0.6200001047683715 0 2 263 -274 
838 0.8599999143051148 0.299999911920929 0.6199999047683716 0.9800001190734863 0.300000111920929 0.7400001095367431 0 2 274 -284 
839 0.8599999143051148 0.299999911920929 0.4999999 0.8600001143051147 0.300000111920929 0.6200001047683715 0 2 286 -285 
840 0.8599999143051148 0.299999911920929 0.6199999047683716 1.100000123841858 0.300000111920929 0.6200001047683715 0 2 285 -263 
841 0.8599999143051148 0.299999911920929 0.4999999 1.100000123841858 0.300000111920929 0.6200001047683715 0 2 263 -286 
842 0.8599999143051148 0.299999911920929 0.3799998952316284 0.9800001190734863 0.300000111920929 0.3800000952316284 0 2 276 -287 
843 0.8599999143051148 0.299999911920929 0.3799998952316284 0.8600001143051147 0.300000111920929 0.5000000999999999 0 2 287 -286 
844 0.8599999143051148 0.299999911920929 0.3799998952316284 0.9800001190734863 0.300000111920929 0.5000000999999999 0 2 286 -276 
845 0.9799999190734864 0.299999911920929 0.2599998904632568 0.9800001190734863 0.300000111920929 0.3800000952316284 0 2 276 -277 
846 0.8599999143051148 0.299999911920929 0.2599998904632568 0.9800001190734863 0.300000111920929 0.2600000904632568 0 2 277 -288 
847 0.8599999143051148 0.299999911920929 0.2599998904632568 0.9800001190734863 0.300000111920929 0.3800000952316284 0 2 288 -276 
848 0.9799999190734864 0.299999911920929 0.2599998904632568 1.100000123841858 0.300000111920929 0.6200001047683715 0 2 263 -277 
849 0.9799999190734864 0.299999911920929 0.1399998856948853 0.9800001190734863 0.300000111920929 0.2600000904632568 0 2 277 -278 
850 0.9799999190734864 0.299999911920929 0.1399998856948853 1.100000123841858 0.300000111920929 0.6200001047683715 0 2 278 -263 
851 0.8599999143051148 0.299999911920929 0.2599998904632568 1.100000123841858 0.300000111920929 0.6200001047683715 0 2 288 -263 
852 0.9799999190734864 0.299999911920929 0.1399998856948853 1.100000123841858 0.300000111920929 0.6200001047683715 0 2 263 -278 
853 0.8599999143051148 0.299999911920929 0.1399998856948853 0.9800001190734863 0.300000111920929 0.2600000904632568 0 2 278 -288 
854 0.8599999143051148 0.299999911920929 0.01999988092651367 0.8600001143051147 0.300000111920929 0.1400000856948853 0 2 290 -289 
855 0.8599999143051148 0.299999911920929 0.1399998856948853 1.100000123841858 0.300000111920929 0.6200001047683715 0 2 289 -263 
856 0.8599999143051148 0.299999911920929 0.01999988092651367 1.100000123841858 0.300000111920929 0.6200001047683715 0 2 263 -290 
857 0.8599999143051148 0.299999911920929 -0.1000001238418579 0.9800001190734863 0.300000111920929 -0.09999992384185791 0 2 280 -291 
858 0.8599999143051148 0.299999911920929 -0.1000001238418579 0.8600001143051147 0.300000111920929 0.02000008092651367 0 2 291 -290 
859 0.8599999143051148 0.299999911920929 -0.1000001238418579 0.9800001190734863 0.300000111920929 0.02000008092651367 0 2 290 -280 
860 0.8599999143051148 0.299999911920929 0.9799999190734864 0.8600001143051147 0.300000111920929 1.100000123841858 0 2 281 -282 
861 0.7399999095367432 0.299999911920929 0.9799999190734864 0.8600001143051147 0.300000111920929 0.9800001190734863 0 2 282 -293 
862 0.7399999095367432 0.299999911920929 0.9799999190734864 0.8600001143051147 0.300000111920929 1.100000123841858 0 2 293 -281 
863 0.8599999143051148 0.299999911920929 0.6199999047683716 1.100000123841858 0.300000111920929 0.9800001190734863 0 2 263 -282 
864 0.8599999143051148 0.299999911920929 0.8599999143051148 0.8600001143051147 0.300000111920929 0.9800001190734863 0 2 282 -283 
865 0.8599999143051148 0.299999911920929 0.6199999047683716 1.100000123841858 0.300000111920929 0.8600001143051147 0 2 283 -263 
866 0.7399999095367432 0.299999911920929 0.6199999047683716 1.100000123841858 0.300000111920929 0.9800001190734863 0 2 293 -263 
867 0.8599999143051148 0.299999911920929 0.6199999047683716 1.100000123841858 0.300000111920929 0.8600001143051147 0 2 263 -283 
868 0.7399999095367432 0.299999911920929 0.8599999143051148 0.8600001143051147 0.300000111920929 0.9800001190734863 0 2 283 -293 
869 0.8599999143051148 0.299999911920929 0.6199999047683716 1.100000123841858 0.300000111920929 0.8600001143051147 0 2 383 -263 
870 0.8599999143051148 0.299999911920929 0.6199999047683716 1.100000123841858 0.300000111920929 0.8600001143051147 0 2 263 -383 
871 0.7399999095367432 0.299999911920929 0.7399999095367432 0.7400001095367431 0.300000111920929 0.8600001143051147 0 2 295 -294 
872 0.7399999095367432 0.299999911920929 0.6199999047683716 1.100000123841858 0.300000111920929 0.8600001143051147 0 2 294 -263 
873 0.7399999095367432 0.299999911920929 0.6199999047683716 1.100000123841858 0.300000111920929 0.7400001095367431 0 2 263 -295 
874 0.7399999095367432 0.299999911920929 0.6199999047683716 0.8600001143051147 0.300000111920929 0.6200001047683715 0 2 285 -296 
875 0.7399999095367432 0.299999911920929 0.6199999047683716 0.7400001095367431 0.300000111920929 0.7400001095367431 0 2 296 -295 
876 0.7399999095367432 0.299999911920929 0.6199999047683716 0.8600001143051147 0.300000111920929 0.7400001095367431 0 2 295 -285 
877 0.8599999143051148 0.299999911920929 0.4999999 0.8600001143051147 0.300000111920929 0.6200001047683715 0 2 285 -286 
878 0.7399999095367432 0.299999911920929 0.4999999 0.8600001143051147 0.300000111920929 0.5000000999999999 0 2 286 -297 
879 0.7399999095367432 0.299999911920929 0.4999999 0.8600001143051147 0.300000111920929 0.6200001047683715 0 2 297 -285 
880 0.8599999143051148 0.299999911920929 0.4999999 1.100000123841858 0.300000111920929 0.6200001047683715 0 2 263 -286 
881 0.8599999143051148 0.299999911920929 0.3799998952316284 0.8600001143051147 0.300000111920929 0.5000000999999999 0 2 286 -287 
882 0.8599999143051148 0.299999911920929 0.3799998952316284 1.100000123841858 0.300000111920929 0.6200001047683715 0 2 287 -263 
883 0.7399999095367432 0.299999911920929 0.4999999 1.100000123841858 0.300000111920929 0.6200001047683715 0 2 297 -263 
884 0.8599999143051148 0.299999911920929 0.3799998952316284 1.100000123841858 0.300000111920929 0.6200001047683715 0 2 263 -287 
885 0.7399999095367432 0.299999911920929 0.3799998952316284 0.8600001143051147 0.300000111920929 0.5000000999999999 0 2 287 -297 
886 0.7399999095367432 0.299999911920929 0.2599998904632568 0.7400001095367431 0.300000111920929 0.3800000952316284 0 2 299 -298 
887 0.7399999095367432 0.299999911920929 0.3799998952316284 1.100000123841858 0.300000111920929 0.6200001047683715 0 2 298 -263 
888 0.7399999095367432 0.299999911920929 0.2599998904632568 1.100000123841858 0.300000111920929 0.6200001047683715 0 2 263 -299 
889 0.7399999095367432 0.299999911920929 0.1399998856948853 0.8600001143051147 0.300000111920929 0.1400000856948853 0 2 289 -300 
890 0.7399999095367432 0.299999911920929 0.1399998856948853 0.7400001095367431 0.300000111920929 0.2600000904632568 0 2 300 -299 
891 0.7399999095367432 0.299999911920929 0.1399998856948853 0.8600001143051147 0.300000111920929 0.2600000904632568 0 2 299 -289 
892 0.8599999143051148 0.299999911920929 0.01999988092651367 0.8600001143051147 0.300000111920929 0.1400000856948853 0 2 289 -290 
893 0.7399999095367432 0.299999911920929 0.01999988092651367 0.8600001143051147 0.300000111920929 0.02000008092651367 0 2 290 -301 
894 0.7399999095367432 0.299999911920929 0.01999988092651367 0.8600001143051147 0.300000111920929 0.1400000856948853 0 2 301 -289 
895 0.8599999143051148 0.299999911920929 0.01999988092651367 1.100000123841858 0.300000111920929 0.6200001047683715 0 2 263 -290 
896 0.8599999143051148 0.299999911920929 -0.1000001238418579 0.8600001143051147 0.300000111920929 0.02000008092651367 0 2 290 -291 
897 0.8599999143051148 0.299999911920929 -0.1000001238418579 1.100000123841858 0.300000111920929 0.6200001047683715 0 2 291 -263 
898 0.7399999095367432 0.299999911920929 0.01999988092651367 1.100000123841858 0.300000111920929 0.6200001047683715 0 2 301 -263 
899 0.7399999095367432 0.299999911920929 0.6199999047683716 1.100000123841858 0.300000111920929 1.100000123841858 0 2 263 -292 
900 0.7399999095367432 0.299999911920929 0.01999988092651372 0.7400001095367431 0.300000111920929 1.100000123841858 0 2 292 -301 
901 0.6199999047683716 0.299999911920929 0.9799999190734864 0.6200001047683715 0.300000111920929 1.100000123841858 0 2 304 -303 
902 0.6199999047683716 0.299999911920929 0.6199999047683716 1.100000123841858 0.300000111920929 1.100000123841858 0 2 303 -263 
903 0.6199999047683716 0.299999911920929 0.6199999047683716 1.100000123841858 0.300000111920929 0.9800001190734863 0 2 263 -304 
904 0.6199999047683716 0.299999911920929 0.8599999143051148 0.7400001095367431 0.300000111920929 0.8600001143051147 0 2 294 -305 
905 0.6199999047683716 0.299999911920929 0.8599999143051148 0.6200001047683715 0.300000111920929 0.9800001190734863 0 2 305 -304 
906 0.6199999047683716 0.299999911920929 0.8599999143051148 0.7400001095367431 0.300000111920929 0.9800001190734863 0 2 304 -294 
907 0.7399999095367432 0.299999911920929 0.7399999095367432 0.7400001095367431 0.300000111920929 0.8600001143051147 0 2 294 -295 
908 0.6199999047683716 0.299999911920929 0.7399999095367432 0.7400001095367431 0.300000111920929 0.7400001095367431 0 2 295 -306 
909 0.6199999047683716 0.299999911920929 0.7399999095367432 0.7400001095367431 0.300000111920929 0.8600001143051147 0 2 306 -294 
910 0.7399999095367432 0.299999911920929 0.6199999047683716 1.100000123841858 0.300000111920929 0.7400001095367431 0 2 263 -295 
911 0.7399999095367432 0.299999911920929 0.6199999047683716 0.7400001095367431 0.300000111920929 0.7400001095367431 0 2 295 -296 
912 0.7399999095367432 0.299999911920929 0.6199999047683716 1.100000123841858 0.300000111920929 0.6200001047683715 0 2 296 -263 
913 0.6199999047683716 0.299999911920929 0.6199999047683716 1.100000123841858 0.300000111920929 0.7400001095367431 0 2 306 -263 
914 0.7399999095367432 0.299999911920929 0.6199999047683716 1.100000123841858 0.300000111920929 0.6200001047683715 0 2 263 -296 
915 0.6199999047683716 0.299999911920929 0.6199999047683716 0.7400001095367431 0.300000111920929 0.7400001095367431 0 2 296 -306 
916 0.6199999047683716 0.299999911920929 0.4999999 0.6200001047683715 0.300000111920929 0.6200001047683715 0 2 308 -307 
917 0.6199999047683716 0.299999911920929 0.6199999047683716 1.100000123841858 0.300000111920929 0.6200001047683715 0 2 307 -263 
918 0.6199999047683716 0.299999911920929 0.4999999 1.100000123841858 0.300000111920929 0.6200001047683715 0 2 263 -308 
919 0.6199999047683716 0.299999911920929 0.3799998952316284 0.7400001095367431 0.300000111920929 0.3800000952316284 0 2 298 -309 
920 0.6199999047683716 0.299999911920929 0.3799998952316284 0.6200001047683715 0.300000111920929 0.5000000999999999 0 2 309 -308 
921 0.6199999047683716 0.299999911920929 0.3799998952316284 0.7400001095367431 0.300000111920929 0.5000000999999999 0 2 308 -298 
922 0.7399999095367432 0.299999911920929 0.2599998904632568 0.7400001095367431 0.300000111920929 0.3800000952316284 0 2 298 -299 
923 0.6199999047683716 0.299999911920929 0.2599998904632568 0.7400001095367431 0.300000111920929 0.2600000904632568 0 2 299 -310 
924 0.6199999047683716 0.299999911920929 0.2599998904632568 0.7400001095367431 0.300000111920929 0.3800000952316284 0 2 310 -298 
925 0.7399999095367432 0.299999911920929 0.2599998904632568 1.100000123841858 0.300000111920929 0.6200001047683715 0 2 263 -299 
926 0.7399999095367432 0.299999911920929 0.1399998856948853 0.7400001095367431 0.300000111920929 0.2600000904632568 0 2 299 -300 
927 0.7399999095367432 0.299999911920929 0.1399998856948853 1.100000123841858 0.300000111920929 0.6200001047683715 0 2 300 -263 
928 0.6199999047683716 0.299999911920929 0.2599998904632568 1.100000123841858 0.300000111920929 0.6200001047683715 0 2 310 -263 
929 0.7399999095367432 0.299999911920929 0.1399998856948853 1.100000123841858 0.300000111920929 0.6200001047683715 0 2 263 -300 
930 0.6199999047683716 0.299999911920929 0.1399998856948853 0.7400001095367431 0.300000111920929 0.2600000904632568 0 2 300 -310 
931 0.6199999047683716 0.299999911920929 0.01999988092651367 0.6200001047683715 0.300000111920929 0.1400000856948853 0 2 312 -311 
932 0.6199999047683716 0.299999911920929 0.1399998856948853 1.100000123841858 0.300000111920929 0.6200001047683715 0 2 311 -263 
933 0.6199999047683716 0.299999911920929 0.01999988092651367 1.100000123841858 0.300000111920929 0.6200001047683715 0 2 263 -312 
934 0.6199999047683716 0.299999911920929 -0.1000001238418579 0.7400001095367431 0.300000111920929 -0.09999992384185791 0 2 302 -313 
935 0.6199999047683716 0.299999911920929 -0.1000001238418579 0.6200001047683715 0.300000111920929 0.02000008092651367 0 2 313 -312 
936 0.6199999047683716 0.299999911920929 -0.1000001238418579 0.7400001095367431 0.300000111920929 0.02000008092651367 0 2 312 -302 
937 0.6199999047683716 0.299999911920929 0.9799999190734864 0.6200001047683715 0.300000111920929 1.100000123841858 0 2 303 -304 
938 0.4999999 0.299999911920929 0.9799999190734864 0.6200001047683715 0.300000111920929 0.9800001190734863 0 2 304 -315 
939 0.4999999 0.299999911920929 0.9799999190734864 0.6200001047683715 0.300000111920929 1.100000123841858 0 2 315 -303 
940 0.6199999047683716 0.299999911920929 0.6199999047683716 1.100000123841858 0.300000111920929 0.9800001190734863 0 2 263 -304 
941 0.6199999047683716 0.299999911920929 0.8599999143051148 0.6200001047683715 0.300000111920929 0.9800001190734863 0 2 304 -305 
942 0.6199999047683716 0.299999911920929 0.6199999047683716 1.100000123841858 0.300000111920929 0.8600001143051147 0 2 305 -263 
943 0.4999999 0.299999911920929 0.6199999047683716 1.100000123841858 0.300000111920929 0.9800001190734863 0 2 315 -263 
944 0.6199999047683716 0.299999911920929 0.6199999047683716 1.100000123841858 0.300000111920929 0.8600001143051147 0 2 263 -305 
945 0.4999999 0.299999911920929 0.8599999143051148 0.6200001047683715 0.300000111920929 0.9800001190734863 0 2 305 -315 
946 0.4999999 0.299999911920929 0.7399999095367432 0.5000000999999999 0.300000111920929 0.8600001143051147 0 2 317 -316 
947 0.4999999 0.299999911920929 0.6199999047683716 1.100000123841858 0.300000111920929 0.8600001143051147 0 2 316 -263 
948 0.4999999 0.299999911920929 0.6199999047683716 1.100000123841858 0.300000111920929 0.7400001095367431 0 2 263 -317 
949 0.4999999 0.299999911920929 0.6199999047683716 0.6200001047683715 0.300000111920929 0.6200001047683715 0 2 307 -318 
950 0.4999999 0.299999911920929 0.6199999047683716 0.5000000999999999 0.300000111920929 0.7400001095367431 0 2 318 -317 
951 0.4999999 0.299999911920929 0.6199999047683716 0.6200001047683715 0.300000111920929 0.7400001095367431 0 2 317 -307 
952 0.6199999047683716 0.299999911920929 0.4999999 0.6200001047683715 0.300000111920929 0.6200001047683715 0 2 307 -308 
953 0.4999999 0.299999911920929 0.4999999 0.6200001047683715 0.300000111920929 0.5000000999999999 0 2 308 -319 
954 0.4999999 0.299999911920929 0.4999999 0.6200001047683715 0.300000111920929 0.6200001047683715 0 2 319 -307 
955 0.6199999047683716 0.299999911920929 0.4999999 1.100000123841858 0.300000111920929 0.6200001047683715 0 2 263 -308 
956 0.6199999047683716 0.299999911920929 0.3799998952316284 0.6200001047683715 0.300000111920929 0.5000000999999999 0 2 308 -309 
957 0.6199999047683716 0.299999911920929 0.3799998952316284 1.100000123841858 0.300000111920929 0.6200001047683715 0 2 309 -263 
958 0.4999999 0.299999911920929 0.4999999 1.100000123841858 0.300000111920929 0.6200001047683715 0 2 319 -263 
959 0.6199999047683716 0.299999911920929 0.3799998952316284 1.100000123841858 0.300000111920929 0.6200001047683715 0 2 263 -309 
960 0.4999999 0.299999911920929 0.3799998952316284 0.6200001047683715 0.300000111920929 0.5000000999999999 0 2 309 -319 
961 0.4999999 0.299999911920929 0.2599998904632568 0.5000000999999999 0.300000111920929 0.3800000952316284 0 2 321 -320 
962 0.4999999 0.299999911920929 0.3799998952316284 1.100000123841858 0.300000111920929 0.6200001047683715 0 2 320 -263 
963 0.4999999 0.299999911920929 0.2599998904632568 1.100000123841858 0.300000111920929 0.6200001047683715 0 2 263 -321 
964 0.4999999 0.299999911920929 0.1399998856948853 0.6200001047683715 0.300000111920929 0.1400000856948853 0 2 311 -322 
965 0.4999999 0.299999911920929 0.1399998856948853 0.5000000999999999 0.300000111920929 0.2600000904632568 0 2 322 -321 
966 0.4999999 0.299999911920929 0.1399998856948853 0.6200001047683715 0.300000111920929 0.2600000904632568 0 2 321 -311 
967 0.6199999047683716 0.299999911920929 0.01999988092651367 0.6200001047683715 0.300000111920929 0.1400000856948853 0 2 311 -312 
968 0.4999999 0.299999911920929 0.01999988092651367 0.6200001047683715 0.300000111920929 0.02000008092651367 0 2 312 -323 
969 0.4999999 0.299999911920929 0.01999988092651367 0.6200001047683715 0.300000111920929 0.1400000856948853 0 2 323 -311 
970 0.6199999047683716 0.299999911920929 0.01999988092651367 1.100000123841858 0.300000111920929 0.6200001047683715 0 2 263 -312 
971 0.6199999047683716 0.299999911920929 -0.1000001238418579 0.6200001047683715 0.300000111920929 0.02000008092651367 0 2 312 -313 
972 0.6199999047683716 0.299999911920929 -0.1000001238418579 1.100000123841858 0.300000111920929 0.6200001047683715 0 2 313 -263 
973 0.4999999 0.299999911920929 0.01999988092651367 1.100000123841858 0.300000111920929 0.6200001047683715 0 2 323 -263 
974 0.4999999 0.299999911920929 0.6199999047683716 1.100000123841858 0.300000111920929 1.100000123841858 0 2 263 -314 
975 0.4999999 0.299999911920929 0.01999988092651372 0.5000000999999999 0.300000111920929 1.100000123841858 0 2 314 -323 
976 0.3799998952316284 0.299999911920929 0.9799999190734864 0.3800000952316284 0.300000111920929 1.100000123841858 0 2 326 -325 
977 0.3799998952316284 0.299999911920929 0.6199999047683716 1.100000123841858 0.300000111920929 1.100000123841858 0 2 325 -263 
978 0.3799998952316284 0.299999911920929 0.6199999047683716 1.100000123841858 0.300000111920929 0.9800001190734863 0 2 263 -326 
979 0.3799998952316284 0.299999911920929 0.8599999143051148 0.5000000999999999 0.300000111920929 0.8600001143051147 0 2 316 -327 
980 0.3799998952316284 0.299999911920929 0.8599999143051148 0.3800000952316284 0.300000111920929 0.9800001190734863 0 2 327 -326 
981 0.3799998952316284 0.299999911920929 0.8599999143051148 0.5000000999999999 0.300000111920929 0.9800001190734863 0 2 326 -316 
982 0.4999999 0.299999911920929 0.7399999095367432 0.5000000999999999 0.300000111920929 0.8600001143051147 0 2 316 -317 
983 0.3799998952316284 0.299999911920929 0.7399999095367432 0.5000000999999999 0.300000111920929 0.7400001095367431 0 2 317 -328 
984 0.3799998952316284 0.299999911920929 0.7399999095367432 0.5000000999999999 0.300000111920929 0.8600001143051147 0 2 328 -316 
985 0.4999999 0.299999911920929 0.6199999047683716 1.100000123841858 0.300000111920929 0.7400001095367431 0 2 263 -317 
986 0.4999999 0.299999911920929 0.6199999047683716 0.5000000999999999 0.300000111920929 0.7400001095367431 0 2 317 -318 
987 0.4999999 0.299999911920929 0.6199999047683716 1.100000123841858 0.300000111920929 0.6200001047683715 0 2 318 -263 
988 0.3799998952316284 0.299999911920929 0.6199999047683716 1.100000123841858 0.300000111920929 0.7400001095367431 0 2 328 -263 
989 0.4999999 0.299999911920929 0.6199999047683716 1.100000123841858 0.300000111920929 0.6200001047683715 0 2 263 -318 
990 0.3799998952316284 0.299999911920929 0.6199999047683716 0.5000000999999999 0.300000111920929 0.7400001095367431 0 2 318 -328 
991 0.3799998952316284 0.299999911920929 0.4999999 0.3800000952316284 0.300000111920929 0.6200001047683715 0 2 330 -329 
992 0.3799998952316284 0.299999911920929 0.6199999047683716 1.100000123841858 0.300000111920929 0.6200001047683715 0 2 329 -263 
993 0.3799998952316284 0.299999911920929 0.4999999 1.100000123841858 0.300000111920929 0.6200001047683715 0 2 263 -330 
994 0.3799998952316284 0.299999911920929 0.3799998952316284 0.5000000999999999 0.300000111920929 0.3800000952316284 0 2 320 -331 
995 0.3799998952316284 0.299999911920929 0.3799998952316284 0.3800000952316284 0.300000111920929 0.5000000999999999 0 2 331 -330 
996 0.3799998952316284 0.299999911920929 0.3799998952316284 0.5000000999999999 0.300000111920929 0.5000000999999999 0 2 330 -320 
997 0.4999999 0.299999911920929 0.2599998904632568 0.5000000999999999 0.300000111920929 0.3800000952316284 0 2 320 -321 
998 0.3799998952316284 0.299999911920929 0.2599998904632568 0.5000000999999999 0.300000111920929 0.2600000904632568 0 2 321 -332 
999 0.3799998952316284 0.299999911920929 0.2599998904632568 0.5000000999999999 0.300000111920929 0.3800000952316284 0 2 332 -320 
1000 0.4999999 0.299999911920929 0.2599998904632568 1.100000123841858 0.300000111920929 0.6200001047683715 0 2 263 -321 
1001 0.4999999 0.299999911920929 0.1399998856948853 0.5000000999999999 0.300000111920929 0.2600000904632568 0 2 321 -322 
1002 0.4999999 0.299999911920929 0.1399998856948853 1.100000123841858 0.300000111920929 0.6200001047683715 0 2 322 -263 
1003 0.3799998952316284 0.299999911920929 0.2599998904632568 1.100000123841858 0.300000111920929 0.6200001047683715 0 2 332 -263 
1004 0.4999999 0.299999911920929 0.1399998856948853 1.100000123841858 0.300000111920929 0.6200001047683715 0 2 263 -322 
1005 0.3799998952316284 0.299999911920929 0.1399998856948853 0.5000000999999999 0.300000111920929 0.2600000904632568 0 2 322 -332 
1006 0.3799998952316284 0.299999911920929 0.01999988092651367 0.3800000952316284 0.300000111920929 0.1400000856948853 0 2 334 -333 
1007 0.3799998952316284 0.299999911920929 0.1399998856948853 1.100000123841858 0.300000111920929 0.6200001047683715 0 2 333 -263 
1008 0.3799998952316284 0.299999911920929 0.01999988092651367 1.100000123841858 0.300000111920929 0.6200001047683715 0 2 263 -334 
1009 0.3799998952316284 0.299999911920929 -0.1000001238418579 0.5000000999999999 0.300000111920929 -0.09999992384185791 0 2 324 -335 
1010 0.3799998952316284 0.299999911920929 -0.1000001238418579 0.3800000952316284 0.300000111920929 0.02000008092651367 0 2 335 -334 
1011 0.3799998952316284 0.299999911920929 -0.1000001238418579 0.5000000999999999 0.300000111920929 0.02000008092651367 0 2 334 -324 
1012 0.3799998952316284 0.299999911920929 0.9799999190734864 0.3800000952316284 0.300000111920929 1.100000123841858 0 2 325 -326 
1013 0.2599998904632568 0.299999911920929 0.9799999190734864 0.3800000952316284 0.300000111920929 0.9800001190734863 0 2 326 -337 
1014 0.2599998904632568 0.299999911920929 0.9799999190734864 0.3800000952316284 0.300000111920929 1.100000123841858 0 2 337 -325 
1015 0.3799998952316284 0.299999911920929 0.6199999047683716 1.100000123841858 0.300000111920929 0.9800001190734863 0 2 263 -326 
1016 0.3799998952316284 0.299999911920929 0.8599999143051148 0.3800000952316284 0.300000111920929 0.9800001190734863 0 2 326 -327 
1017 0.3799998952316284 0.299999911920929 0.6199999047683716 1.100000123841858 0.300000111920929 0.8600001143051147 0 2 327 -263 
1018 0.2599998904632568 0.299999911920929 0.6199999047683716 1.100000123841858 0.300000111920929 0.9800001190734863 0 2 337 -263 
1019 0.3799998952316284 0.299999911920929 0.6199999047683716 1.100000123841858 0.300000111920929 0.8600001143051147 0 2 263 -327 
1020 0.2599998904632568 0.299999911920929 0.8599999143051148 0.3800000952316284 0.300000111920929 0.9800001190734863 0 2 327 -337 
1021 0.2599998904632568 0.299999911920929 0.7399999095367432 0.2600000904632568 0.300000111920929 0.8600001143051147 0 2 339 -338 
1022 0.2599998904632568 0.299999911920929 0.6199999047683716 1.100000123841858 0.300000111920929 0.8600001143051147 0 2 338 -263 
1023 0.2599998904632568 0.299999911920929 0.6199999047683716 1.100000123841858 0.300000111920929 0.7400001095367431 0 2 263 -339 
1024 0.2599998904632568 0.299999911920929 0.6199999047683716 0.3800000952316284 0.300000111920929 0.6200001047683715 0 2 329 -340 
1025 0.2599998904632568 0.299999911920929 0.6199999047683716 0.2600000904632568 0.300000111920929 0.7400001095367431 0 2 340 -339 
1026 0.2599998904632568 0.299999911920929 0.6199999047683716 0.3800000952316284 0.300000111920929 0.7400001095367431 0 2 339 -329 
1027 0.3799998952316284 0.299999911920929 0.4999999 0.3800000952316284 0.300000111920929 0.6200001047683715 0 2 329 -330 
1028 0.2599998904632568 0.299999911920929 0.4999999 0.3800000952316284 0.300000111920929 0.5000000999999999 0 2 330 -341 
1029 0.2599998904632568 0.299999911920929 0.4999999 0.3800000952316284 0.300000111920929 0.6200001047683715 0 2 341 -329 
1030 0.3799998952316284 0.299999911920929 0.4999999 1.100000123841858 0.300000111920929 0.6200001047683715 0 2 263 -330 
1031 0.3799998952316284 0.299999911920929 0.3799998952316284 0.3800000952316284 0.300000111920929 0.5000000999999999 0 2 330 -331 
1032 0.3799998952316284 0.299999911920929 0.3799998952316284 1.100000123841858 0.300000111920929 0.6200001047683715 0 2 331 -263 
1033 0.2599998904632568 0.299999911920929 0.4999999 1.100000123841858 0.300000111920929 0.6200001047683715 0 2 341 -263 
1034 0.3799998952316284 0.299999911920929 0.3799998952316284 1.100000123841858 0.300000111920929 0.6200001047683715 0 2 263 -331 
1035 0.2599998904632568 0.299999911920929 0.3799998952316284 0.3800000952316284 0.300000111920929 0.5000000999999999 0 2 331 -341 
1036 0.2599998904632568 0.299999911920929 0.2599998904632568 0.2600000904632568 0.300000111920929 0.3800000952316284 0 2 343 -342 
1037 0.2599998904632568 0.299999911920929 0.3799998952316284 1.100000123841858 0.300000111920929 0.6200001047683715 0 2 342 -263 
1038 0.2599998904632568 0.299999911920929 0.2599998904632568 1.100000123841858 0.300000111920929 0.6200001047683715 0 2 263 -343 
1039 0.2599998904632568 0.299999911920929 0.1399998856948853 0.3800000952316284 0.300000111920929 0.1400000856948853 0 2 333 -344 
1040 0.2599998904632568 0.299999911920929 0.1399998856948853 0.2600000904632568 0.300000111920929 0.2600000904632568 0 2 344 -343 
1041 0.2599998904632568 0.299999911920929 0.1399998856948853 0.3800000952316284 0.300000111920929 0.2600000904632568 0 2 343 -333 
1042 0.3799998952316284 0.299999911920929 0.01999988092651367 0.3800000952316284 0.300000111920929 0.1400000856948853 0 2 333 -334 
1043 0.2599998904632568 0.299999911920929 0.01999988092651367 0.3800000952316284 0.300000111920929 0.02000008092651367 0 2 334 -345 
1044 0.2599998904632568 0.299999911920929 0.01999988092651367 0.3800000952316284 0.300000111920929 0.1400000856948853 0 2 345 -333 
1045 0.3799998952316284 0.299999911920929 0.01999988092651367 1.100000123841858 0.300000111920929 0.6200001047683715 0 2 263 -334 
1046 0.3799998952316284 0.299999911920929 -0.1000001238418579 0.3800000952316284 0.300000111920929 0.02000008092651367 0 2 334 -335 
1047 0.3799998952316284 0.299999911920929 -0.1000001238418579 1.100000123841858 0.300000111920929 0.6200001047683715 0 2 335 -263 
1048 0.2599998904632568 0.299999911920929 0.01999988092651367 1.100000123841858 0.300000111920929 0.6200001047683715 0 2 345 -263 
1049 0.2599998904632568 0.299999911920929 0.6199999047683716 1.100000123841858 0.300000111920929 1.100000123841858 0 2 263 -336 
1050 0.2599998904632568 0.299999911920929 0.01999988092651372 0.2600000904632568 0.300000111920929 1.100000123841858 0 2 336 -345 
1051 0.1399998856948853 0.299999911920929 0.9799999190734864 0.1400000856948853 0.300000111920929 1.100000123841858 0 2 348 -347 
1052 0.1399998856948853 0.299999911920929 0.6199999047683716 1.100000123841858 0.300000111920929 1.100000123841858 0 2 347 -263 
1053 0.1399998856948853 0.299999911920929 0.6199999047683716 1.100000123841858 0.300000111920929 0.9800001190734863 0 2 263 -348 
1054 0.1399998856948853 0.299999911920929 0.8599999143051148 0.2600000904632568 0.300000111920929 0.8600001143051147 0 2 338 -349 
1055 0.1399998856948853 0.299999911920929 0.8599999143051148 0.1400000856948853 0.300000111920929 0.9800001190734863 0 2 349 -348 
1056 0.1399998856948853 0.299999911920929 0.8599999143051148 0.2600000904632568 0.300000111920929 0.9800001190734863 0 2 348 -338 
1057 0.2599998904632568 0.299999911920929 0.7399999095367432 0.2600000904632568 0.300000111920929 0.8600001143051147 0 2 338 -339 
1058 0.1399998856948853 0.299999911920929 0.7399999095367432 0.2600000904632568 0.300000111920929 0.7400001095367431 0 2 339 -350 
1059 0.1399998856948853 0.299999911920929 0.7399999095367432 0.2600000904632568 0.300000111920929 0.8600001143051147 0 2 350 -338 
1060 0.2599998904632568 0.299999911920929 0.6199999047683716 1.100000123841858 0.300000111920929 0.7400001095367431 0 2 263 -339 
1061 0.2599998904632568 0.299999911920929 0.6199999047683716 0.2600000904632568 0.300000111920929 0.7400001095367431 0 2 339 -340 
1062 0.2599998904632568 0.299999911920929 0.6199999047683716 1.100000123841858 0.300000111920929 0.6200001047683715 0 2 340 -263 
1063 0.1399998856948853 0.299999911920929 0.6199999047683716 1.100000123841858 0.300000111920929 0.7400001095367431 0 2 350 -263 
1064 0.2599998904632568 0.299999911920929 0.6199999047683716 1.100000123841858 0.300000111920929 0.6200001047683715 0 2 263 -340 
1065 0.1399998856948853 0.299999911920929 0.6199999047683716 0.2600000904632568 0.300000111920929 0.7400001095367431 0 2 340 -350 
1066 0.1399998856948853 0.299999911920929 0.4999999 0.1400000856948853 0.300000111920929 0.6200001047683715 0 2 352 -351 
1067 0.1399998856948853 0.299999911920929 0.6199999047683716 1.100000123841858 0.300000111920929 0.6200001047683715 0 2 351 -263 
1068 0.1399998856948853 0.299999911920929 0.4999999 1.100000123841858 0.300000111920929 0.6200001047683715 0 2 263 -352 
1069 0.1399998856948853 0.299999911920929 0.3799998952316284 0.2600000904632568 0.300000111920929 0.3800000952316284 0 2 342 -353 
1070 0.1399998856948853 0.299999911920929 0.3799998952316284 0.1400000856948853 0.300000111920929 0.5000000999999999 0 2 353 -352 
1071 0.1399998856948853 0.299999911920929 0.3799998952316284 0.2600000904632568 0.300000111920929 0.5000000999999999 0 2 352 -342 
1072 0.2599998904632568 0.299999911920929 0.2599998904632568 0.2600000904632568 0.300000111920929 0.3800000952316284 0 2 342 -343 
1073 0.1399998856948853 0.299999911920929 0.2599998904632568 0.2600000904632568 0.300000111920929 0.2600000904632568 0 2 343 -354 
1074 0.1399998856948853 0.299999911920929 0.2599998904632568 0.2600000904632568 0.300000111920929 0.3800000952316284 0 2 354 -342 
1075 0.2599998904632568 0.299999911920929 0.2599998904632568 1.100000123841858 0.300000111920929 0.6200001047683715 0 2 263 -343 
1076 0.2599998904632568 0.299999911920929 0.1399998856948853 0.2600000904632568 0.300000111920929 0.2600000904632568 0 2 343 -344 
1077 0.2599998904632568 0.299999911920929 0.1399998856948853 1.100000123841858 0.300000111920929 0.6200001047683715 0 2 344 -263 
1078 0.1399998856948853 0.299999911920929 0.2599998904632568 1.100000123841858 0.300000111920929 0.6200001047683715 0 2 354 -263 
1079 0.2599998904632568 0.299999911920929 0.1399998856948853 1.100000123841858 0.300000111920929 0.6200001047683715 0 2 263 -344 
1080 0.1399998856948853 0.299999911920929 0.1399998856948853 0.2600000904632568 0.300000111920929 0.2600000904632568 0 2 344 -354 
1081 0.1399998856948853 0.299999911920929 0.01999988092651367 0.1400000856948853 0.300000111920929 0.1400000856948853 0 2 356 -355 
1082 0.1399998856948853 0.299999911920929 0.1399998856948853 1.100000123841858 0.300000111920929 0.6200001047683715 0 2 355 -263 
1083 0.1399998856948853 0.299999911920929 0.01999988092651367 1.100000123841858 0.300000111920929 0.6200001047683715 0 2 263 -356 
1084 0.1399998856948853 0.299999911920929 -0.1000001238418579 0.2600000904632568 0.300000111920929 -0.09999992384185791 0 2 346 -357 
1085 0.1399998856948853 0.299999911920929 -0.1000001238418579 0.1400000856948853 0.300000111920929 0.02000008092651367 0 2 357 -356 
1086 0.1399998856948853 0.299999911920929 -0.1000001238418579 0.2600000904632568 0.300000111920929 0.02000008092651367 0 2 356 -346 
1087 0.1399998856948853 0.299999911920929 0.9799999190734864 0.1400000856948853 0.300000111920929 1.100000123841858 0 2 347 -348 
1088 0.01999988092651367 0.299999911920929 0.9799999190734864 0.1400000856948853 0.300000111920929 0.9800001190734863 0 2 348 -359 
1089 0.01999988092651367 0.299999911920929 0.9799999190734864 0.1400000856948853 0.300000111920929 1.100000123841858 0 2 359 -347 
1090 0.1399998856948853 0.299999911920929 0.6199999047683716 1.100000123841858 0.300000111920929 0.9800001190734863 0 2 263 -348 
1091 0.1399998856948853 0.299999911920929 0.8599999143051148 0.1400000856948853 0.300000111920929 0.9800001190734863 0 2 348 -349 
1092 0.1399998856948853 0.299999911920929 0.6199999047683716 1.100000123841858 0.300000111920929 0.8600001143051147 0 2 349 -263 
1093 0.01999988092651372 0.299999911920929 0.6199999047683716 1.100000123841858 0.300000111920929 0.9800001190734863 0 2 359 -263 
1094 0.1399998856948853 0.299999911920929 0.6199999047683716 1.100000123841858 0.300000111920929 0.8600001143051147 0 2 263 -349 
1095 0.01999988092651367 0.299999911920929 0.8599999143051148 0.1400000856948853 0.300000111920929 0.9800001190734863 0 2 349 -359 
1096 0.01999988092651367 0.299999911920929 0.7399999095367432 0.02000008092651367 0.300000111920929 0.8600001143051147 0 2 361 -360 
1097 0.01999988092651372 0.299999911920929 0.6199999047683716 1.100000123841858 0.300000111920929 0.8600001143051147 0 2 360 -263 
1098 0.01999988092651372 0.299999911920929 0.6199999047683716 1.100000123841858 0.300000111920929 0.7400001095367431 0 2 263 -361 
1099 0.01999988092651367 0.299999911920929 0.6199999047683716 0.1400000856948853 0.300000111920929 0.6200001047683715 0 2 351 -362 
1100 0.01999988092651367 0.299999911920929 0.6199999047683716 0.02000008092651367 0.300000111920929 0.7400001095367431 0 2 362 -361 
1101 0.01999988092651367 0.299999911920929 0.6199999047683716 0.1400000856948853 0.300000111920929 0.7400001095367431 0 2 361 -351 
1102 0.1399998856948853 0.299999911920929 0.4999999 0.1400000856948853 0.300000111920929 0.6200001047683715 0 2 351 -352 
1103 0.01999988092651367 0.299999911920929 0.4999999 0.1400000856948853 0.300000111920929 0.5000000999999999 0 2 352 -363 
1104 0.01999988092651367 0.299999911920929 0.4999999 0.1400000856948853 0.300000111920929 0.6200001047683715 0 2 363 -351 
1105 0.1399998856948853 0.299999911920929 0.4999999 1.100000123841858 0.300000111920929 0.6200001047683715 0 2 263 -352 
1106 0.1399998856948853 0.299999911920929 0.3799998952316284 0.1400000856948853 0.300000111920929 0.5000000999999999 0 2 352 -353 
1107 0.1399998856948853 0.299999911920929 0.3799998952316284 1.100000123841858 0.300000111920929 0.6200001047683715 0 2 353 -263 
1108 0.01999988092651372 0.299999911920929 0.4999999 1.100000123841858 0.300000111920929 0.6200001047683715 0 2 363 -263 
1109 0.1399998856948853 0.299999911920929 0.3799998952316284 1.100000123841858 0.300000111920929 0.6200001047683715 0 2 263 -353 
1110 0.01999988092651367 0.299999911920929 0.3799998952316284 0.1400000856948853 0.300000111920929 0.5000000999999999 0 2 353 -363 
1111 0.01999988092651367 0.299999911920929 0.2599998904632568 0.02000008092651367 0.300000111920929 0.3800000952316284 0 2 365 -364 
1112 0.01999988092651372 0.299999911920929 0.3799998952316284 1.100000123841858 0.300000111920929 0.6200001047683715 0 2 364 -263 
1113 0.01999988092651372 0.299999911920929 0.2599998904632568 1.100000123841858 0.300000111920929 0.6200001047683715 0 2 263 -365 
1114 0.01999988092651367 0.299999911920929 0.1399998856948853 0.1400000856948853 0.300000111920929 0.1400000856948853 0 2 355 -366 
1115 0.01999988092651367 0.299999911920929 0.1399998856948853 0.02000008092651367 0.300000111920929 0.2600000904632568 0 2 366 -365 
1116 0.01999988092651367 0.299999911920929 0.1399998856948853 0.1400000856948853 0.300000111920929 0.2600000904632568 0 2 365 -355 
1117 0.1399998856948853 0.299999911920929 0.01999988092651367 0.1400000856948853 0.300000111920929 0.1400000856948853 0 2 355 -356 
1118 0.01999988092651367 0.299999911920929 0.01999988092651367 0.1400000856948853 0.300000111920929 0.02000008092651367 0 2 356 -367 
1119 0.01999988092651367 0.299999911920929 0.01999988092651367 0.1400000856948853 0.300000111920929 0.1400000856948853 0 2 367 -355 
1120 0.1399998856948853 0.299999911920929 0.01999988092651367 1.100000123841858 0.300000111920929 0.6200001047683715 0 2 263 -356 
1121 0.1399998856948853 0.299999911920929 -0.1000001238418579 0.1400000856948853 0.300000111920929 0.02000008092651367 0 2 356 -357 
1122 0.1399998856948853 0.299999911920929 -0.1000001238418579 1.100000123841858 0.300000111920929 0.6200001047683715 0 2 357 -263 
1123 0.01999988092651372 0.299999911920929 0.01999988092651367 1.100000123841858 0.300000111920929 0.6200001047683715 0 2 367 -263 
1124 0.01999988092651372 0.299999911920929 0.6199999047683716 1.100000123841858 0.300000111920929 1.100000123841858 0 2 263 -358 
1125 0.01999988092651367 0.299999911920929 0.01999988092651372 0.02000008092651367 0.300000111920929 1.100000123841858 0 2 358 -367 
1126 -0.1000001238418579 0.299999911920929 0.9799999190734864 -0.09999992384185791 0.300000111920929 1.100000123841858 0 2 370 -369 
1127 -0.100000123841858 0.299999911920929 0.6199999047683716 1.100000123841858 0.300000111920929 1.100000123841858 0 2 369 -263 
1128 -0.100000123841858 0.299999911920929 0.6199999047683716 1.100000123841858 0.300000111920929 0.9800001190734863 0 2 263 -370 
1129 -0.1000001238418579 0.299999911920929 0.8599999143051148 0.02000008092651367 0.300000111920929 0.8600001143051147 0 2 360 -371 
1130 -0.1000001238418579 0.299999911920929 0.8599999143051148 -0.09999992384185791 0.300000111920929 0.9800001190734863 0 2 371 -370 
1131 -0.1000001238418579 0.299999911920929 0.8599999143051148 0.02000008092651367 0.300000111920929 0.9800001190734863 0 2 370 -360 
1132 0.01999988092651367 0.299999911920929 0.7399999095367432 0.02000008092651367 0.300000111920929 0.8600001143051147 0 2 360 -361 
1133 -0.1000001238418579 0.299999911920929 0.7399999095367432 0.02000008092651367 0.300000111920929 0.7400001095367431 0 2 361 -372 
1134 -0.1000001238418579 0.299999911920929 0.7399999095367432 0.02000008092651367 0.300000111920929 0.8600001143051147 0 2 372 -360 
1135 0.01999988092651372 0.299999911920929 0.6199999047683716 1.100000123841858 0.300000111920929 0.7400001095367431 0 2 263 -361 
1136 0.01999988092651367 0.299999911920929 0.6199999047683716 0.02000008092651367 0.300000111920929 0.7400001095367431 0 2 361 -362 
1137 0.01999988092651372 0.299999911920929 0.6199999047683716 1.100000123841858 0.300000111920929 0.6200001047683715 0 2 362 -263 
1138 -0.100000123841858 0.299999911920929 0.6199999047683716 1.100000123841858 0.300000111920929 0.7400001095367431 0 2 372 -263 
1139 0.01999988092651372 0.299999911920929 0.6199999047683716 1.100000123841858 0.300000111920929 0.6200001047683715 0 2 263 -362 
1140 -0.1000001238418579 0.299999911920929 0.6199999047683716 0.02000008092651367 0.300000111920929 0.7400001095367431 0 2 362 -372 
1141 -0.1000001238418579 0.299999911920929 0.4999999 -0.09999992384185791 0.300000111920929 0.6200001047683715 0 2 374 -373 
1142 -0.100000123841858 0.299999911920929 0.6199999047683716 1.100000123841858 0.300000111920929 0.6200001047683715 0 2 373 -263 
1143 -0.100000123841858 0.299999911920929 0.4999999 1.100000123841858 0.300000111920929 0.6200001047683715 0 2 263 -374 
1144 -0.1000001238418579 0.299999911920929 0.3799998952316284 0.02000008092651367 0.300000111920929 0.3800000952316284 0 2 364 -375 
1145 -0.1000001238418579 0.299999911920929 0.3799998952316284 -0.09999992384185791 0.300000111920929 0.5000000999999999 0 2 375 -374 
1146 -0.1000001238418579 0.299999911920929 0.3799998952316284 0.02000008092651367 0.300000111920929 0.5000000999999999 0 2 374 -364 
1147 0.01999988092651367 0.299999911920929 0.2599998904632568 0.02000008092651367 0.300000111920929 0.3800000952316284 0 2 364 -365 
1148 -0.1000001238418579 0.299999911920929 0.2599998904632568 0.02000008092651367 0.300000111920929 0.2600000904632568 0 2 365 -376 
1149 -0.1000001238418579 0.299999911920929 0.2599998904632568 0.02000008092651367 0.300000111920929 0.3800000952316284 0 2 376 -364 
1150 0.01999988092651372 0.299999911920929 0.2599998904632568 1.100000123841858 0.300000111920929 0.6200001047683715 0 2 263 -365 
1151 0.01999988092651367 0.299999911920929 0.1399998856948853 0.02000008092651367 0.300000111920929 0.2600000904632568 0 2 365 -366 
1152 0.01999988092651372 0.299999911920929 0.1399998856948853 1.100000123841858 0.300000111920929 0.6200001047683715 0 2 366 -263 
1153 -0.100000123841858 0.299999911920929 0.2599998904632568 1.100000123841858 0.300000111920929 0.6200001047683715 0 2 376 -263 
1154 0.01999988092651372 0.299999911920929 0.1399998856948852 1.100000123841858 0.300000111920929 0.6200001047683715 0 2 263 -366 
1155 -0.1000001238418579 0.299999911920929 0.1399998856948853 0.02000008092651367 0.300000111920929 0.2600000904632568 0 2 366 -376 
1156 -0.1000001238418579 0.299999911920929 0.01999988092651367 -0.09999992384185791 0.300000111920929 0.1400000856948853 0 2 378 -377 
1157 -0.100000123841858 0.299999911920929 0.1399998856948853 1.100000123841858 0.300000111920929 0.6200001047683715 0 2 377 -263 
1158 -0.100000123841858 0.299999911920929 0.01999988092651367 1.100000123841858 0.300000111920929 0.6200001047683715 0 2 263 -378 
1159 -0.1000001238418579 0.299999911920929 -0.1000001238418579 0.02000008092651367 0.300000111920929 -0.09999992384185791 0 2 368 -379 
1160 -0.1000001238418579 0.299999911920929 -0.1000001238418579 -0.09999992384185791 0.300000111920929 0.02000008092651367 0 2 379 -378 
1161 -0.1000001238418579 0.299999911920929 -0.1000001238418579 0.02000008092651367 0.300000111920929 0.02000008092651367 0 2 378 -368 
1162 1.099999923841858 0.6999998880790711 0.9799999190734864 1.100000123841858 0.700000088079071 1.100000123841858 0 2 384 -385 
1163 0.9799999190734864 0.6999998880790711 0.9799999190734864 1.100000123841858 0.700000088079071 0.9800001190734863 0 2 385 -396 
1164 0.9799999190734864 0.6999998880790711 0.9799999190734864 1.100000123841858 0.700000088079071 1.100000123841858 0 2 396 -384 
1165 1.099999923841858 0.6999998880790711 0.6199999047683716 1.100000123841858 0.700000088079071 0.9800001190734863 0 2 388 -385 
1166 1.099999923841858 0.6999998880790711 0.8599999143051148 1.100000123841858 0.700000088079071 0.9800001190734863 0 2 385 -386 
1167 1.099999923841858 0.6999998880790711 0.6199999047683716 1.100000123841858 0.700000088079071 0.8600001143051147 0 2 386 -388 
1168 1.099999923841858 0.6999998880790711 0.8599999143051148 1.100000123841858 0.700000088079071 0.9800001190734863 0 2 385 -505 
1169 1.099999923841858 0.6999998880790711 0.8599999143051148 1.100000123841858 0.700000088079071 0.9800001190734863 0 2 505 -385 
1170 0.9799999190734864 0.6999998880790711 0.6199999047683716 1.100000123841858 0.700000088079071 0.9800001190734863 0 2 396 -388 
1171 1.099999923841858 0.6999998880790711 0.6199999047683716 1.100000123841858 0.700000088079071 0.8600001143051147 0 2 388 -386 
1172 0.9799999190734864 0.6999998880790711 0.8599999143051148 1.100000123841858 0.700000088079071 0.9800001190734863 0 2 386 -396 
1173 0.9799999190734864 0.6999998880790711 0.7399999095367432 0.9800001190734863 0.700000088079071 0.8600001143051147 0 2 398 -397 
1174 0.9799999190734864 0.6999998880790711 0.6199999047683716 1.100000123841858 0.700000088079071 0.8600001143051147 0 2 397 -388 
1175 0.9799999190734864 0.6999998880790711 0.6199999047683716 1.100000123841858 0.700000088079071 0.7400001095367431 0 2 388 -398 
1176 0.9799999190734864 0.6999998880790711 0.6199999047683716 1.100000123841858 0.700000088079071 0.6200001047683715 0 2 388 -399 
1177 0.9799999190734864 0.6999998880790711 0.6199999047683716 0.9800001190734863 0.700000088079071 0.7400001095367431 0 2 399 -398 
1178 0.9799999190734864 0.6999998880790711 0.6199999047683716 1.100000123841858 0.700000088079071 0.7400001095367431 0 2 398 -388 
1179 1.099999923841858 0.6999998880790711 0.4999999 1.100000123841858 0.700000088079071 0.6200001047683715 0 2 388 -389 
1180 0.9799999190734864 0.6999998880790711 0.4999999 1.100000123841858 0.700000088079071 0.5000000999999999 0 2 389 -400 
1181 0.9799999190734864 0.6999998880790711 0.4999999 1.100000123841858 0.700000088079071 0.6200001047683715 0 2 400 -388 
1182 1.099999923841858 0.6999998880790711 0.4999999 1.100000123841858 0.700000088079071 0.6200001047683715 0 2 388 -389 
1183 1.099999923841858 0.6999998880790711 0.3799998952316284 1.100000123841858 0.700000088079071 0.5000000999999999 0 2 389 -390 
1184 1.099999923841858 0.6999998880790711 0.3799998952316284 1.100000123841858 0.700000088079071 0.6200001047683715 0 2 390 -388 
1185 1.099999923841858 0.6999998880790711 0.3799998952316284 1.100000123841858 0.700000088079071 0.5000000999999999 0 2 390 -506 
1186 1.099999923841858 0.6999998880790711 0.3799998952316284 1.100000123841858 0.700000088079071 0.5000000999999999 0 2 506 -390 
1187 0.9799999190734864 0.6999998880790711 0.4999999 1.100000123841858 0.700000088079071 0.6200001047683715 0 2 400 -388 
1188 1.099999923841858 0.6999998880790711 0.3799998952316284 1.100000123841858 0.700000088079071 0.6200001047683715 0 2 388 -390 
1189 0.9799999190734864 0.6999998880790711 0.3799998952316284 1.100000123841858 0.700000088079071 0.5000000999999999 0 2 390 -400 
1190 0.9799999190734864 0.6999998880790711 0.2599998904632568 0.9800001190734863 0.700000088079071 0.3800000952316284 0 2 402 -401 
1191 0.9799999190734864 0.6999998880790711 0.3799998952316284 1.100000123841858 0.700000088079071 0.6200001047683715 0 2 401 -388 
1192 0.9799999190734864 0.6999998880790711 0.2599998904632568 1.100000123841858 0.700000088079071 0.6200001047683715 0 2 388 -402 
1193 0.9799999190734864 0.6999998880790711 0.1399998856948853 1.100000123841858 0.700000088079071 0.1400000856948853 0 2 392 -403 
1194 0.9799999190734864 0.6999998880790711 0.1399998856948853 0.9800001190734863 0.700000088079071 0.2600000904632568 0 2 403 -402 
1195 0.9799999190734864 0.6999998880790711 0.1399998856948853 1.100000123841858 0.700000088079071 0.2600000904632568 0 2 402 -392 
1196 1.099999923841858 0.6999998880790711 0.01999988092651367 1.100000123841858 0.700000088079071 0.1400000856948853 0 2 392 -393 
1197 0.9799999190734864 0.6999998880790711 0.01999988092651367 1.100000123841858 0.700000088079071 0.02000008092651367 0 2 393 -404 
1198 0.9799999190734864 0.6999998880790711 0.01999988092651367 1.100000123841858 0.700000088079071 0.1400000856948853 0 2 404 -392 
1199 1.099999923841858 0.6999998880790711 0.01999988092651367 1.100000123841858 0.700000088079071 0.6200001047683715 0 2 388 -393 
1200 1.099999923841858 0.6999998880790711 -0.1000001238418579 1.100000123841858 0.700000088079071 0.02000008092651367 0 2 393 -394 
1201 1.099999923841858 0.6999998880790711 -0.1000001238418579 1.100000123841858 0.700000088079071 0.6200001047683715 0 2 394 -388 
1202 1.099999923841858 0.6999998880790711 -0.1000001238418579 1.100000123841858 0.700000088079071 0.02000008092651367 0 2 394 -507 
1203 1.099999923841858 0.6999998880790711 -0.1000001238418579 1.100000123841858 0.700000088079071 0.02000008092651367 0 2 507 -394 
1204 0.9799999190734864 0.6999998880790711 0.01999988092651367 1.100000123841858 0.700000088079071 0.6200001047683715 0 2 404 -388 
1205 0.9799999190734864 0.6999998880790711 0.6199999047683716 1.100000123841858 0.700000088079071 1.100000123841858 0 2 388 -395 
1206 0.9799999190734864 0.6999998880790711 0.01999988092651372 0.9800001190734863 0.700000088079071 1.100000123841858 0 2 395 -404 
1207 0.8599999143051148 0.6999998880790711 0.9799999190734864 0.8600001143051147 0.700000088079071 1.100000123841858 0 2 407 -406 
1208 0.8599999143051148 0.6999998880790711 0.6199999047683716 1.100000123841858 0.700000088079071 1.100000123841858 0 2 406 -388 
1209 0.8599999143051148 0.6999998880790711 0.6199999047683716 1.100000123841858 0.700000088079071 0.9800001190734863 0 2 388 -407 
1210 0.8599999143051148 0.6999998880790711 0.8599999143051148 0.9800001190734863 0.700000088079071 0.8600001143051147 0 2 397 -408 
1211 0.8599999143051148 0.6999998880790711 0.8599999143051148 0.8600001143051147 0.700000088079071 0.9800001190734863 0 2 408 -407 
1212 0.8599999143051148 0.6999998880790711 0.8599999143051148 0.9800001190734863 0.700000088079071 0.9800001190734863 0 2 407 -397 
1213 0.9799999190734864 0.6999998880790711 0.7399999095367432 0.9800001190734863 0.700000088079071 0.8600001143051147 0 2 397 -398 
1214 0.8599999143051148 0.6999998880790711 0.7399999095367432 0.9800001190734863 0.700000088079071 0.7400001095367431 0 2 398 -409 
1215 0.8599999143051148 0.6999998880790711 0.7399999095367432 0.9800001190734863 0.700000088079071 0.8600001143051147 0 2 409 -397 
1216 0.9799999190734864 0.6999998880790711 0.6199999047683716 1.100000123841858 0.700000088079071 0.7400001095367431 0 2 388 -398 
1217 0.9799999190734864 0.6999998880790711 0.6199999047683716 0.9800001190734863 0.700000088079071 0.7400001095367431 0 2 398 -399 
1218 0.9799999190734864 0.6999998880790711 0.6199999047683716 1.100000123841858 0.700000088079071 0.6200001047683715 0 2 399 -388 
1219 0.8599999143051148 0.6999998880790711 0.6199999047683716 1.100000123841858 0.700000088079071 0.7400001095367431 0 2 409 -388 
1220 0.9799999190734864 0.6999998880790711 0.6199999047683716 1.100000123841858 0.700000088079071 0.6200001047683715 0 2 388 -399 
1221 0.8599999143051148 0.6999998880790711 0.6199999047683716 0.9800001190734863 0.700000088079071 0.7400001095367431 0 2 399 -409 
1222 0.8599999143051148 0.6999998880790711 0.4999999 0.8600001143051147 0.700000088079071 0.6200001047683715 0 2 411 -410 
1223 0.8599999143051148 0.6999998880790711 0.6199999047683716 1.100000123841858 0.700000088079071 0.6200001047683715 0 2 410 -388 
1224 0.8599999143051148 0.6999998880790711 0.4999999 1.100000123841858 0.700000088079071 0.6200001047683715 0 2 388 -411 
1225 0.8599999143051148 0.6999998880790711 0.3799998952316284 0.9800001190734863 0.700000088079071 0.3800000952316284 0 2 401 -412 
1226 0.8599999143051148 0.6999998880790711 0.3799998952316284 0.8600001143051147 0.700000088079071 0.5000000999999999 0 2 412 -411 
1227 0.8599999143051148 0.6999998880790711 0.3799998952316284 0.9800001190734863 0.700000088079071 0.5000000999999999 0 2 411 -401 
1228 0.9799999190734864 0.6999998880790711 0.2599998904632568 0.9800001190734863 0.700000088079071 0.3800000952316284 0 2 401 -402 
1229 0.8599999143051148 0.6999998880790711 0.2599998904632568 0.9800001190734863 0.700000088079071 0.2600000904632568 0 2 402 -413 
1230 0.8599999143051148 0.6999998880790711 0.2599998904632568 0.9800001190734863 0.700000088079071 0.3800000952316284 0 2 413 -401 
1231 0.9799999190734864 0.6999998880790711 0.2599998904632568 1.100000123841858 0.700000088079071 0.6200001047683715 0 2 388 -402 
1232 0.9799999190734864 0.6999998880790711 0.1399998856948853 0.9800001190734863 0.700000088079071 0.2600000904632568 0 2 402 -403 
1233 0.9799999190734864 0.6999998880790711 0.1399998856948853 1.100000123841858 0.700000088079071 0.6200001047683715 0 2 403 -388 
1234 0.8599999143051148 0.6999998880790711 0.2599998904632568 1.100000123841858 0.700000088079071 0.6200001047683715 0 2 413 -388 
1235 0.9799999190734864 0.6999998880790711 0.1399998856948853 1.100000123841858 0.700000088079071 0.6200001047683715 0 2 388 -403 
1236 0.8599999143051148 0.6999998880790711 0.1399998856948853 0.9800001190734863 0.700000088079071 0.2600000904632568 0 2 403 -413 
1237 0.8599999143051148 0.6999998880790711 0.01999988092651367 0.8600001143051147 0.700000088079071 0.1400000856948853 0 2 415 -414 
1238 0.8599999143051148 0.6999998880790711 0.1399998856948853 1.100000123841858 0.700000088079071 0.6200001047683715 0 2 414 -388 
1239 0.8599999143051148 0.6999998880790711 0.01999988092651367 1.100000123841858 0.700000088079071 0.6200001047683715 0 2 388 -415 
1240 0.8599999143051148 0.6999998880790711 -0.1000001238418579 0.9800001190734863 0.700000088079071 -0.09999992384185791 0 2 405 -416 
1241 0.8599999143051148 0.6999998880790711 -0.1000001238418579 0.8600001143051147 0.700000088079071 0.02000008092651367 0 2 416 -415 
1242 0.8599999143051148 0.6999998880790711 -0.1000001238418579 0.9800001190734863 0.700000088079071 0.02000008092651367 0 2 415 -405 
1243 0.8599999143051148 0.6999998880790711 0.9799999190734864 0.8600001143051147 0.700000088079071 1.100000123841858 0 2 406 -407 
1244 0.7399999095367432 0.6999998880790711 0.9799999190734864 0.8600001143051147 0.700000088079071 0.9800001190734863 0 2 407 -418 
1245 0.7399999095367432 0.6999998880790711 0.9799999190734864 0.8600001143051147 0.700000088079071 1.100000123841858 0 2 418 -406 
1246 0.8599999143051148 0.6999998880790711 0.6199999047683716 1.100000123841858 0.700000088079071 0.9800001190734863 0 2 388 -407 
1247 0.8599999143051148 0.6999998880790711 0.8599999143051148 0.8600001143051147 0.700000088079071 0.9800001190734863 0 2 407 -408 
1248 0.8599999143051148 0.6999998880790711 0.6199999047683716 1.100000123841858 0.700000088079071 0.8600001143051147 0 2 408 -388 
1249 0.7399999095367432 0.6999998880790711 0.6199999047683716 1.100000123841858 0.700000088079071 0.9800001190734863 0 2 418 -388 
1250 0.8599999143051148 0.6999998880790711 0.6199999047683716 1.100000123841858 0.700000088079071 0.8600001143051147 0 2 388 -408 
1251 0.7399999095367432 0.6999998880790711 0.8599999143051148 0.8600001143051147 0.700000088079071 0.9800001190734863 0 2 408 -418 
1252 0.8599999143051148 0.6999998880790711 0.6199999047683716 1.100000123841858 0.700000088079071 0.8600001143051147 0 2 388 -508 
1253 0.8599999143051148 0.6999998880790711 0.6199999047683716 1.100000123841858 0.700000088079071 0.8600001143051147 0 2 508 -388 
1254 0.7399999095367432 0.6999998880790711 0.7399999095367432 0.7400001095367431 0.700000088079071 0.8600001143051147 0 2 420 -419 
1255 0.7399999095367432 0.6999998880790711 0.6199999047683716 1.100000123841858 0.700000088079071 0.8600001143051147 0 2 419 -388 
1256 0.7399999095367432 0.6999998880790711 0.6199999047683716 1.100000123841858 0.700000088079071 0.7400001095367431 0 2 388 -420 
1257 0.7399999095367432 0.6999998880790711 0.6199999047683716 0.8600001143051147 0.700000088079071 0.6200001047683715 0 2 410 -421 
1258 0.7399999095367432 0.6999998880790711 0.6199999047683716 0.7400001095367431 0.700000088079071 0.7400001095367431 0 2 421 -420 
1259 0.7399999095367432 0.6999998880790711 0.6199999047683716 0.8600001143051147 0.700000088079071 0.7400001095367431 0 2 420 -410 
1260 0.8599999143051148 0.6999998880790711 0.4999999 0.8600001143051147 0.700000088079071 0.6200001047683715 0 2 410 -411 
1261 0.7399999095367432 0.6999998880790711 0.4999999 0.8600001143051147 0.700000088079071 0.5000000999999999 0 2 411 -422 
1262 0.7399999095367432 0.6999998880790711 0.4999999 0.8600001143051147 0.700000088079071 0.6200001047683715 0 2 422 -410 
1263 0.8599999143051148 0.6999998880790711 0.4999999 1.100000123841858 0.700000088079071 0.6200001047683715 0 2 388 -411 
1264 0.8599999143051148 0.6999998880790711 0.3799998952316284 0.8600001143051147 0.700000088079071 0.5000000999999999 0 2 411 -412 
1265 0.8599999143051148 0.6999998880790711 0.3799998952316284 1.100000123841858 0.700000088079071 0.6200001047683715 0 2 412 -388 
1266 0.7399999095367432 0.6999998880790711 0.4999999 1.100000123841858 0.700000088079071 0.6200001047683715 0 2 422 -388 
1267 0.8599999143051148 0.6999998880790711 0.3799998952316284 1.100000123841858 0.700000088079071 0.6200001047683715 0 2 388 -412 
1268 0.7399999095367432 0.6999998880790711 0.3799998952316284 0.8600001143051147 0.700000088079071 0.5000000999999999 0 2 412 -422 
1269 0.7399999095367432 0.6999998880790711 0.2599998904632568 0.7400001095367431 0.700000088079071 0.3800000952316284 0 2 424 -423 
1270 0.7399999095367432 0.6999998880790711 0.3799998952316284 1.100000123841858 0.700000088079071 0.6200001047683715 0 2 423 -388 
1271 0.7399999095367432 0.6999998880790711 0.2599998904632568 1.100000123841858 0.700000088079071 0.6200001047683715 0 2 388 -424 
1272 0.7399999095367432 0.6999998880790711 0.1399998856948853 0.8600001143051147 0.700000088079071 0.1400000856948853 0 2 414 -425 
1273 0.7399999095367432 0.6999998880790711 0.1399998856948853 0.7400001095367431 0.700000088079071 0.2600000904632568 0 2 425 -424 
1274 0.7399999095367432 0.6999998880790711 0.1399998856948853 0.8600001143051147 0.700000088079071 0.2600000904632568 0 2 424 -414 
1275 0.8599999143051148 0.6999998880790711 0.01999988092651367 0.8600001143051147 0.700000088079071 0.1400000856948853 0 2 414 -415 
1276 0.7399999095367432 0.6999998880790711 0.01999988092651367 0.8600001143051147 0.700000088079071 0.02000008092651367 0 2 415 -426 
1277 0.7399999095367432 0.6999998880790711 0.01999988092651367 0.8600001143051147 0.700000088079071 0.1400000856948853 0 2 426 -414 
1278 0.8599999143051148 0.6999998880790711 0.01999988092651367 1.100000123841858 0.700000088079071 0.6200001047683715 0 2 388 -415 
1279 0.8599999143051148 0.6999998880790711 -0.1000001238418579 0.8600001143051147 0.700000088079071 0.02000008092651367 0 2 415 -416 
1280 0.8599999143051148 0.6999998880790711 -0.1000001238418579 1.100000123841858 0.700000088079071 0.6200001047683715 0 2 416 -388 
1281 0.7399999095367432 0.6999998880790711 0.01999988092651367 1.100000123841858 0.700000088079071 0.6200001047683715 0 2 426 -388 
1282 0.7399999095367432 0.6999998880790711 0.6199999047683716 1.100000123841858 0.700000088079071 1.100000123841858 0 2 388 -417 
1283 0.7399999095367432 0.6999998880790711 0.01999988092651372 0.7400001095367431 0.700000088079071 1.100000123841858 0 2 417 -426 
1284 0.6199999047683716 0.6999998880790711 0.9799999190734864 0.6200001047683715 0.700000088079071 1.100000123841858 0 2 429 -428 
1285 0.6199999047683716 0.6999998880790711 0.6199999047683716 1.100000123841858 0.700000088079071 1.100000123841858 0 2 428 -388 
1286 0.6199999047683716 0.6999998880790711 0.6199999047683716 1.100000123841858 0.700000088079071 0.9800001190734863 0 2 388 -429 
1287 0.6199999047683716 0.6999998880790711 0.8599999143051148 0.7400001095367431 0.700000088079071 0.8600001143051147 0 2 419 -430 
1288 0.6199999047683716 0.6999998880790711 0.8599999143051148 0.6200001047683715 0.700000088079071 0.9800001190734863 0 2 430 -429 
1289 0.6199999047683716 0.6999998880790711 0.8599999143051148 0.7400001095367431 0.700000088079071 0.9800001190734863 0 2 429 -419 
1290 0.7399999095367432 0.6999998880790711 0.7399999095367432 0.7400001095367431 0.700000088079071 0.8600001143051147 0 2 419 -420 
1291 0.6199999047683716 0.6999998880790711 0.7399999095367432 0.7400001095367431 0.700000088079071 0.7400001095367431 0 2 420 -431 
1292 0.6199999047683716 0.6999998880790711 0.7399999095367432 0.7400001095367431 0.700000088079071 0.8600001143051147 0 2 431 -419 
1293 0.7399999095367432 0.6999998880790711 0.6199999047683716 1.100000123841858 0.700000088079071 0.7400001095367431 0 2 388 -420 
1294 0.7399999095367432 0.6999998880790711 0.6199999047683716 0.7400001095367431 0.700000088079071 0.7400001095367431 0 2 420 -421 
1295 0.7399999095367432 0.6999998880790711 0.6199999047683716 1.100000123841858 0.700000088079071 0.6200001047683715 0 2 421 -388 
1296 0.6199999047683716 0.6999998880790711 0.6199999047683716 1.100000123841858 0.700000088079071 0.7400001095367431 0 2 431 -388 
1297 0.7399999095367432 0.6999998880790711 0.6199999047683716 1.100000123841858 0.700000088079071 0.6200001047683715 0 2 388 -421 
1298 0.6199999047683716 0.6999998880790711 0.6199999047683716 0.7400001095367431 0.700000088079071 0.7400001095367431 0 2 421 -431 
1299 0.6199999047683716 0.6999998880790711 0.4999999 0.6200001047683715 0.700000088079071 0.6200001047683715 0 2 433 -432 
1300 0.6199999047683716 0.6999998880790711 0.6199999047683716 1.100000123841858 0.700000088079071 0.6200001047683715 0 2 432 -388 
1301 0.6199999047683716 0.6999998880790711 0.4999999 1.100000123841858 0.700000088079071 0.6200001047683715 0 2 388 -433 
1302 0.6199999047683716 0.6999998880790711 0.3799998952316284 0.7400001095367431 0.700000088079071 0.3800000952316284 0 2 423 -434 
1303 0.6199999047683716 0.6999998880790711 0.3799998952316284 0.6200001047683715 0.700000088079071 0.5000000999999999 0 2 434 -433 
1304 0.6199999047683716 0.6999998880790711 0.3799998952316284 0.7400001095367431 0.700000088079071 0.5000000999999999 0 2 433 -423 
1305 0.7399999095367432 0.6999998880790711 0.2599998904632568 0.7400001095367431 0.700000088079071 0.3800000952316284 0 2 423 -424 
1306 0.6199999047683716 0.6999998880790711 0.2599998904632568 0.7400001095367431 0.700000088079071 0.2600000904632568 0 2 424 -435 
1307 0.6199999047683716 0.6999998880790711 0.2599998904632568 0.7400001095367431 0.700000088079071 0.3800000952316284 0 2 435 -423 
1308 0.7399999095367432 0.6999998880790711 0.2599998904632568 1.100000123841858 0.700000088079071 0.6200001047683715 0 2 388 -424 
1309 0.7399999095367432 0.6999998880790711 0.1399998856948853 0.7400001095367431 0.700000088079071 0.2600000904632568 0 2 424 -425 
1310 0.7399999095367432 0.6999998880790711 0.1399998856948853 1.100000123841858 0.700000088079071 0.6200001047683715 0 2 425 -388 
1311 0.6199999047683716 0.6999998880790711 0.2599998904632568 1.100000123841858 0.700000088079071 0.6200001047683715 0 2 435 -388 
1312 0.7399999095367432 0.6999998880790711 0.1399998856948853 1.100000123841858 0.700000088079071 0.6200001047683715 0 2 388 -425 
1313 0.6199999047683716 0.6999998880790711 0.1399998856948853 0.7400001095367431 0.700000088079071 0.2600000904632568 0 2 425 -435 
1314 0.6199999047683716 0.6999998880790711 0.01999988092651367 0.6200001047683715 0.700000088079071 0.1400000856948853 0 2 437 -436 
1315 0.6199999047683716 0.6999998880790711 0.1399998856948853 1.100000123841858 0.700000088079071 0.6200001047683715 0 2 436 -388 
1316 0.6199999047683716 0.6999998880790711 0.01999988092651367 1.100000123841858 0.700000088079071 0.6200001047683715 0 2 388 -437 
1317 0.6199999047683716 0.6999998880790711 -0.1000001238418579 0.7400001095367431 0.700000088079071 -0.09999992384185791 0 2 427 -438 
1318 0.6199999047683716 0.6999998880790711 -0.1000001238418579 0.6200001047683715 0.700000088079071 0.02000008092651367 0 2 438 -437 
1319 0.6199999047683716 0.6999998880790711 -0.1000001238418579 0.7400001095367431 0.700000088079071 0.02000008092651367 0 2 437 -427 
1320 0.6199999047683716 0.6999998880790711 0.9799999190734864 0.6200001047683715 0.700000088079071 1.100000123841858 0 2 428 -429 
1321 0.4999999 0.6999998880790711 0.9799999190734864 0.6200001047683715 0.700000088079071 0.9800001190734863 0 2 429 -440 
1322 0.4999999 0.6999998880790711 0.9799999190734864 0.6200001047683715 0.700000088079071 1.100000123841858 0 2 440 -428 
1323 0.6199999047683716 0.6999998880790711 0.6199999047683716 1.100000123841858 0.700000088079071 0.9800001190734863 0 2 388 -429 
1324 0.6199999047683716 0.6999998880790711 0.8599999143051148 0.6200001047683715 0.700000088079071 0.9800001190734863 0 2 429 -430 
1325 0.6199999047683716 0.6999998880790711 0.6199999047683716 1.100000123841858 0.700000088079071 0.8600001143051147 0 2 430 -388 
1326 0.4999999 0.6999998880790711 0.6199999047683716 1.100000123841858 0.700000088079071 0.9800001190734863 0 2 440 -388 
1327 0.6199999047683716 0.6999998880790711 0.6199999047683716 1.100000123841858 0.700000088079071 0.8600001143051147 0 2 388 -430 
1328 0.4999999 0.6999998880790711 0.8599999143051148 0.6200001047683715 0.700000088079071 0.9800001190734863 0 2 430 -440 
1329 0.4999999 0.6999998880790711 0.7399999095367432 0.5000000999999999 0.700000088079071 0.8600001143051147 0 2 442 -441 
1330 0.4999999 0.6999998880790711 0.6199999047683716 1.100000123841858 0.700000088079071 0.8600001143051147 0 2 441 -388 
1331 0.4999999 0.6999998880790711 0.6199999047683716 1.100000123841858 0.700000088079071 0.7400001095367431 0 2 388 -442 
1332 0.4999999 0.6999998880790711 0.6199999047683716 0.6200001047683715 0.700000088079071 0.6200001047683715 0 2 432 -443 
1333 0.4999999 0.6999998880790711 0.6199999047683716 0.5000000999999999 0.700000088079071 0.7400001095367431 0 2 443 -442 
1334 0.4999999 0.6999998880790711 0.6199999047683716 0.6200001047683715 0.700000088079071 0.7400001095367431 0 2 442 -432 
1335 0.6199999047683716 0.6999998880790711 0.4999999 0.6200001047683715 0.700000088079071 0.6200001047683715 0 2 432 -433 
1336 0.4999999 0.6999998880790711 0.4999999 0.6200001047683715 0.700000088079071 0.5000000999999999 0 2 433 -444 
1337 0.4999999 0.6999998880790711 0.4999999 0.6200001047683715 0.700000088079071 0.6200001047683715 0 2 444 -432 
1338 0.6199999047683716 0.6999998880790711 0.4999999 1.100000123841858 0.700000088079071 0.6200001047683715 0 2 388 -433 
1339 0.6199999047683716 0.6999998880790711 0.3799998952316284 0.6200001047683715 0.700000088079071 0.5000000999999999 0 2 433 -434 
1340 0.6199999047683716 0.6999998880790711 0.3799998952316284 1.100000123841858 0.700000088079071 0.6200001047683715 0 2 434 -388 
1341 0.4999999 0.6999998880790711 0.4999999 1.100000123841858 0.700000088079071 0.6200001047683715 0 2 444 -388 
1342 0.6199999047683716 0.6999998880790711 0.3799998952316284 1.100000123841858 0.700000088079071 0.6200001047683715 0 2 388 -434 
1343 0.4999999 0.6999998880790711 0.3799998952316284 0.6200001047683715 0.700000088079071 0.5000000999999999 0 2 434 -444 
1344 0.4999999 0.6999998880790711 0.2599998904632568 0.5000000999999999 0.700000088079071 0.3800000952316284 0 2 446 -445 
1345 0.4999999 0.6999998880790711 0.3799998952316284 1.100000123841858 0.700000088079071 0.6200001047683715 0 2 445 -388 
1346 0.4999999 0.6999998880790711 0.2599998904632568 1.100000123841858 0.700000088079071 0.6200001047683715 0 2 388 -446 
1347 0.4999999 0.6999998880790711 0.1399998856948853 0.6200001047683715 0.700000088079071 0.1400000856948853 0 2 436 -447 
1348 0.4999999 0.6999998880790711 0.1399998856948853 0.5000000999999999 0.700000088079071 0.2600000904632568 0 2 447 -446 
1349 0.4999999 0.6999998880790711 0.1399998856948853 0.6200001047683715 0.700000088079071 0.2600000904632568 0 2 446 -436 
1350 0.6199999047683716 0.6999998880790711 0.01999988092651367 0.6200001047683715 0.700000088079071 0.1400000856948853 0 2 436 -437 
1351 0.4999999 0.6999998880790711 0.01999988092651367 0.6200001047683715 0.700000088079071 0.02000008092651367 0 2 437 -448 
1352 0.4999999 0.6999998880790711 0.01999988092651367 0.6200001047683715 0.700000088079071 0.1400000856948853 0 2 448 -436 
1353 0.6199999047683716 0.6999998880790711 0.01999988092651367 1.100000123841858 0.700000088079071 0.6200001047683715 0 2 388 -437 
1354 0.6199999047683716 0.6999998880790711 -0.1000001238418579 0.6200001047683715 0.700000088079071 0.02000008092651367 0 2 437 -438 
1355 0.6199999047683716 0.6999998880790711 -0.1000001238418579 1.100000123841858 0.700000088079071 0.6200001047683715 0 2 438 -388 
1356 0.4999999 0.6999998880790711 0.01999988092651367 1.100000123841858 0.700000088079071 0.6200001047683715 0 2 448 -388 
1357 0.4999999 0.6999998880790711 0.6199999047683716 1.100000123841858 0.700000088079071 1.100000123841858 0 2 388 -439 
1358 0.4999999 0.6999998880790711 0.01999988092651372 0.5000000999999999 0.700000088079071 1.100000123841858 0 2 439 -448 
1359 0.3799998952316284 0.6999998880790711 0.9799999190734864 0.3800000952316284 0.700000088079071 1.100000123841858 0 2 451 -450 
1360 0.3799998952316284 0.6999998880790711 0.6199999047683716 1.100000123841858 0.700000088079071 1.100000123841858 0 2 450 -388 
1361 0.3799998952316284 0.6999998880790711 0.6199999047683716 1.100000123841858 0.700000088079071 0.9800001190734863 0 2 388 -451 
1362 0.3799998952316284 0.6999998880790711 0.8599999143051148 0.5000000999999999 0.700000088079071 0.8600001143051147 0 2 441 -452 
1363 0.3799998952316284 0.6999998880790711 0.8599999143051148 0.3800000952316284 0.700000088079071 0.9800001190734863 0 2 452 -451 
1364 0.3799998952316284 0.6999998880790711 0.8599999143051148 0.5000000999999999 0.700000088079071 0.9800001190734863 0 2 451 -441 
1365 0.4999999 0.6999998880790711 0.7399999095367432 0.5000000999999999 0.700000088079071 0.8600001143051147 0 2 441 -442 
1366 0.3799998952316284 0.6999998880790711 0.7399999095367432 0.5000000999999999 0.700000088079071 0.7400001095367431 0 2 442 -453 
1367 0.3799998952316284 0.6999998880790711 0.7399999095367432 0.5000000999999999 0.700000088079071 0.8600001143051147 0 2 453 -441 
1368 0.4999999 0.6999998880790711 0.6199999047683716 1.100000123841858 0.700000088079071 0.7400001095367431 0 2 388 -442 
1369 0.4999999 0.6999998880790711 0.6199999047683716 0.5000000999999999 0.700000088079071 0.7400001095367431 0 2 442 -443 
1370 0.4999999 0.6999998880790711 0.6199999047683716 1.100000123841858 0.700000088079071 0.6200001047683715 0 2 443 -388 
1371 0.3799998952316284 0.6999998880790711 0.6199999047683716 1.100000123841858 0.700000088079071 0.7400001095367431 0 2 453 -388 
1372 0.4999999 0.6999998880790711 0.6199999047683716 1.100000123841858 0.700000088079071 0.6200001047683715 0 2 388 -443 
1373 0.3799998952316284 0.6999998880790711 0.6199999047683716 0.5000000999999999 0.700000088079071 0.7400001095367431 0 2 443 -453 
1374 0.3799998952316284 0.6999998880790711 0.4999999 0.3800000952316284 0.700000088079071 0.6200001047683715 0 2 455 -454 
1375 0.3799998952316284 0.6999998880790711 0.6199999047683716 1.100000123841858 0.700000088079071 0.6200001047683715 0 2 454 -388 
1376 0.3799998952316284 0.6999998880790711 0.4999999 1.100000123841858 0.700000088079071 0.6200001047683715 0 2 388 -455 
1377 0.3799998952316284 0.6999998880790711 0.3799998952316284 0.5000000999999999 0.700000088079071 0.3800000952316284 0 2 445 -456 
1378 0.3799998952316284 0.6999998880790711 0.3799998952316284 0.3800000952316284 0.700000088079071 0.5000000999999999 0 2 456 -455 
1379 0.3799998952316284 0.6999998880790711 0.3799998952316284 0.5000000999999999 0.700000088079071 0.5000000999999999 0 2 455 -445 
1380 0.4999999 0.6999998880790711 0.2599998904632568 0.5000000999999999 0.700000088079071 0.3800000952316284 0 2 445 -446 
1381 0.3799998952316284 0.6999998880790711 0.2599998904632568 0.5000000999999999 0.700000088079071 0.2600000904632568 0 2 446 -457 
1382 0.3799998952316284 0.6999998880790711 0.2599998904632568 0.5000000999999999 0.700000088079071 0.3800000952316284 0 2 457 -445 
1383 0.4999999 0.6999998880790711 0.2599998904632568 1.100000123841858 0.700000088079071 0.6200001047683715 0 2 388 -446 
1384 0.4999999 0.6999998880790711 0.1399998856948853 0.5000000999999999 0.700000088079071 0.2600000904632568 0 2 446 -447 
1385 0.4999999 0.6999998880790711 0.1399998856948853 1.100000123841858 0.700000088079071 0.6200001047683715 0 2 447 -388 
1386 0.3799998952316284 0.6999998880790711 0.2599998904632568 1.100000123841858 0.700000088079071 0.6200001047683715 0 2 457 -388 
1387 0.4999999 0.6999998880790711 0.1399998856948853 1.100000123841858 0.700000088079071 0.6200001047683715 0 2 388 -447 
1388 0.3799998952316284 0.6999998880790711 0.1399998856948853 0.5000000999999999 0.700000088079071 0.2600000904632568 0 2 447 -457 
1389 0.3799998952316284 0.6999998880790711 0.01999988092651367 0.3800000952316284 0.700000088079071 0.1400000856948853 0 2 459 -458 
1390 0.3799998952316284 0.6999998880790711 0.1399998856948853 1.100000123841858 0.700000088079071 0.6200001047683715 0 2 458 -388 
1391 0.3799998952316284 0.6999998880790711 0.01999988092651367 1.100000123841858 0.700000088079071 0.6200001047683715 0 2 388 -459 
1392 0.3799998952316284 0.6999998880790711 -0.1000001238418579 0.5000000999999999 0.700000088079071 -0.09999992384185791 0 2 449 -460 
1393 0.3799998952316284 0.6999998880790711 -0.1000001238418579 0.3800000952316284 0.700000088079071 0.02000008092651367 0 2 460 -459 
1394 0.3799998952316284 0.6999998880790711 -0.1000001238418579 0.5000000999999999 0.700000088079071 0.02000008092651367 0 2 459 -449 
1395 0.3799998952316284 0.6999998880790711 0.9799999190734864 0.3800000952316284 0.700000088079071 1.100000123841858 0 2 450 -451 
1396 0.2599998904632568 0.6999998880790711 0.9799999190734864 0.3800000952316284 0.700000088079071 0.9800001190734863 0 2 451 -462 
1397 0.2599998904632568 0.6999998880790711 0.9799999190734864 0.3800000952316284 0.700000088079071 1.100000123841858 0 2 462 -450 
1398 0.3799998952316284 0.6999998880790711 0.6199999047683716 1.100000123841858 0.700000088079071 0.9800001190734863 0 2 388 -451 
1399 0.3799998952316284 0.6999998880790711 0.8599999143051148 0.3800000952316284 0.700000088079071 0.9800001190734863 0 2 451 -452 
1400 0.3799998952316284 0.6999998880790711 0.6199999047683716 1.100000123841858 0.700000088079071 0.8600001143051147 0 2 452 -388 
1401 0.2599998904632568 0.6999998880790711 0.6199999047683716 1.100000123841858 0.700000088079071 0.9800001190734863 0 2 462 -388 
1402 0.3799998952316284 0.6999998880790711 0.6199999047683716 1.100000123841858 0.700000088079071 0.8600001143051147 0 2 388 -452 
1403 0.2599998904632568 0.6999998880790711 0.8599999143051148 0.3800000952316284 0.700000088079071 0.9800001190734863 0 2 452 -462 
1404 0.2599998904632568 0.6999998880790711 0.7399999095367432 0.2600000904632568 0.700000088079071 0.8600001143051147 0 2 464 -463 
1405 0.2599998904632568 0.6999998880790711 0.6199999047683716 1.100000123841858 0.700000088079071 0.8600001143051147 0 2 463 -388 
1406 0.2599998904632568 0.6999998880790711 0.6199999047683716 1.100000123841858 0.700000088079071 0.7400001095367431 0 2 388 -464 
1407 0.2599998904632568 0.6999998880790711 0.6199999047683716 0.3800000952316284 0.700000088079071 0.6200001047683715 0 2 454 -465 
1408 0.2599998904632568 0.6999998880790711 0.6199999047683716 0.2600000904632568 0.700000088079071 0.7400001095367431 0 2 465 -464 
1409 0.2599998904632568 0.6999998880790711 0.6199999047683716 0.3800000952316284 0.700000088079071 0.7400001095367431 0 2 464 -454 
1410 0.3799998952316284 0.6999998880790711 0.4999999 0.3800000952316284 0.700000088079071 0.6200001047683715 0 2 454 -455 
1411 0.2599998904632568 0.6999998880790711 0.4999999 0.3800000952316284 0.700000088079071 0.5000000999999999 0 2 455 -466 
1412 0.2599998904632568 0.6999998880790711 0.4999999 0.3800000952316284 0.700000088079071 0.6200001047683715 0 2 466 -454 
1413 0.3799998952316284 0.6999998880790711 0.4999999 1.100000123841858 0.700000088079071 0.6200001047683715 0 2 388 -455 
1414 0.3799998952316284 0.6999998880790711 0.3799998952316284 0.3800000952316284 0.700000088079071 0.5000000999999999 0 2 455 -456 
1415 0.3799998952316284 0.6999998880790711 0.3799998952316284 1.100000123841858 0.700000088079071 0.6200001047683715 0 2 456 -388 
1416 0.2599998904632568 0.6999998880790711 0.4999999 1.100000123841858 0.700000088079071 0.6200001047683715 0 2 466 -388 
1417 0.3799998952316284 0.6999998880790711 0.3799998952316284 1.100000123841858 0.700000088079071 0.6200001047683715 0 2 388 -456 
1418 0.2599998904632568 0.6999998880790711 0.3799998952316284 0.3800000952316284 0.700000088079071 0.5000000999999999 0 2 456 -466 
1419 0.2599998904632568 0.6999998880790711 0.2599998904632568 0.2600000904632568 0.700000088079071 0.3800000952316284 0 2 468 -467 
1420 0.2599998904632568 0.6999998880790711 0.3799998952316284 1.100000123841858 0.700000088079071 0.6200001047683715 0 2 467 -388 
1421 0.2599998904632568 0.6999998880790711 0.2599998904632568 1.100000123841858 0.700000088079071 0.6200001047683715 0 2 388 -468 
1422 0.2599998904632568 0.6999998880790711 0.1399998856948853 0.3800000952316284 0.700000088079071 0.1400000856948853 0 2 458 -469 
1423 0.2599998904632568 0.6999998880790711 0.1399998856948853 0.2600000904632568 0.700000088079071 0.2600000904632568 0 2 469 -468 
1424 0.2599998904632568 0.6999998880790711 0.1399998856948853 0.3800000952316284 0.700000088079071 0.2600000904632568 0 2 468 -458 
1425 0.3799998952316284 0.6999998880790711 0.01999988092651367 0.3800000952316284 0.700000088079071 0.1400000856948853 0 2 458 -459 
1426 0.2599998904632568 0.6999998880790711 0.01999988092651367 0.3800000952316284 0.700000088079071 0.02000008092651367 0 2 459 -470 
1427 0.2599998904632568 0.6999998880790711 0.01999988092651367 0.3800000952316284 0.700000088079071 0.1400000856948853 0 2 470 -458 
1428 0.3799998952316284 0.6999998880790711 0.01999988092651367 1.100000123841858 0.700000088079071 0.6200001047683715 0 2 388 -459 
1429 0.3799998952316284 0.6999998880790711 -0.1000001238418579 0.3800000952316284 0.700000088079071 0.02000008092651367 0 2 459 -460 
1430 0.3799998952316284 0.6999998880790711 -0.1000001238418579 1.100000123841858 0.700000088079071 0.6200001047683715 0 2 460 -388 
1431 0.2599998904632568 0.6999998880790711 0.01999988092651367 1.100000123841858 0.700000088079071 0.6200001047683715 0 2 470 -388 
1432 0.2599998904632568 0.6999998880790711 0.6199999047683716 1.100000123841858 0.700000088079071 1.100000123841858 0 2 388 -461 
1433 0.2599998904632568 0.6999998880790711 0.01999988092651372 0.2600000904632568 0.700000088079071 1.100000123841858 0 2 461 -470 
1434 0.1399998856948853 0.6999998880790711 0.9799999190734864 0.1400000856948853 0.700000088079071 1.100000123841858 0 2 473 -472 
1435 0.1399998856948853 0.6999998880790711 0.6199999047683716 1.100000123841858 0.700000088079071 1.100000123841858 0 2 472 -388 
1436 0.1399998856948853 0.6999998880790711 0.6199999047683716 1.100000123841858 0.700000088079071 0.9800001190734863 0 2 388 -473 
1437 0.1399998856948853 0.6999998880790711 0.8599999143051148 0.2600000904632568 0.700000088079071 0.8600001143051147 0 2 463 -474 
1438 0.1399998856948853 0.6999998880790711 0.8599999143051148 0.1400000856948853 0.700000088079071 0.9800001190734863 0 2 474 -473 
1439 0.1399998856948853 0.6999998880790711 0.8599999143051148 0.2600000904632568 0.700000088079071 0.9800001190734863 0 2 473 -463 
1440 0.2599998904632568 0.6999998880790711 0.7399999095367432 0.2600000904632568 0.700000088079071 0.8600001143051147 0 2 463 -464 
1441 0.1399998856948853 0.6999998880790711 0.7399999095367432 0.2600000904632568 0.700000088079071 0.7400001095367431 0 2 464 -475 
1442 0.1399998856948853 0.6999998880790711 0.7399999095367432 0.2600000904632568 0.700000088079071 0.8600001143051147 0 2 475 -463 
1443 0.2599998904632568 0.6999998880790711 0.6199999047683716 1.100000123841858 0.700000088079071 0.7400001095367431 0 2 388 -464 
1444 0.2599998904632568 0.6999998880790711 0.6199999047683716 0.2600000904632568 0.700000088079071 0.7400001095367431 0 2 464 -465 
1445 0.2599998904632568 0.6999998880790711 0.6199999047683716 1.100000123841858 0.700000088079071 0.6200001047683715 0 2 465 -388 
1446 0.1399998856948853 0.6999998880790711 0.6199999047683716 1.100000123841858 0.700000088079071 0.7400001095367431 0 2 475 -388 
1447 0.2599998904632568 0.6999998880790711 0.6199999047683716 1.100000123841858 0.700000088079071 0.6200001047683715 0 2 388 -465 
1448 0.1399998856948853 0.6999998880790711 0.6199999047683716 0.2600000904632568 0.700000088079071 0.7400001095367431 0 2 465 -475 
1449 0.1399998856948853 0.6999998880790711 0.4999999 0.1400000856948853 0.700000088079071 0.6200001047683715 0 2 477 -476 
1450 0.1399998856948853 0.6999998880790711 0.6199999047683716 1.100000123841858 0.700000088079071 0.6200001047683715 0 2 476 -388 
1451 0.1399998856948853 0.6999998880790711 0.4999999 1.100000123841858 0.700000088079071 0.6200001047683715 0 2 388 -477 
1452 0.1399998856948853 0.6999998880790711 0.3799998952316284 0.2600000904632568 0.700000088079071 0.3800000952316284 0 2 467 -478 
1453 0.1399998856948853 0.6999998880790711 0.3799998952316284 0.1400000856948853 0.700000088079071 0.5000000999999999 0 2 478 -477 
1454 0.1399998856948853 0.6999998880790711 0.3799998952316284 0.2600000904632568 0.700000088079071 0.5000000999999999 0 2 477 -467 
1455 0.2599998904632568 0.6999998880790711 0.2599998904632568 0.2600000904632568 0.700000088079071 0.3800000952316284 0 2 467 -468 
1456 0.1399998856948853 0.6999998880790711 0.2599998904632568 0.2600000904632568 0.700000088079071 0.2600000904632568 0 2 468 -479 
1457 0.1399998856948853 0.6999998880790711 0.2599998904632568 0.2600000904632568 0.700000088079071 0.3800000952316284 0 2 479 -467 
1458 0.2599998904632568 0.6999998880790711 0.2599998904632568 1.100000123841858 0.700000088079071 0.6200001047683715 0 2 388 -468 
1459 0.2599998904632568 0.6999998880790711 0.1399998856948853 0.2600000904632568 0.700000088079071 0.2600000904632568 0 2 468 -469 
1460 0.2599998904632568 0.6999998880790711 0.1399998856948853 1.100000123841858 0.700000088079071 0.6200001047683715 0 2 469 -388 
1461 0.1399998856948853 0.6999998880790711 0.2599998904632568 1.100000123841858 0.700000088079071 0.6200001047683715 0 2 479 -388 
1462 0.2599998904632568 0.6999998880790711 0.1399998856948853 1.100000123841858 0.700000088079071 0.6200001047683715 0 2 388 -469 
1463 0.1399998856948853 0.6999998880790711 0.1399998856948853 0.2600000904632568 0.700000088079071 0.2600000904632568 0 2 469 -479 
1464 0.1399998856948853 0.6999998880790711 0.01999988092651367 0.1400000856948853 0.700000088079071 0.1400000856948853 0 2 481 -480 
1465 0.1399998856948853 0.6999998880790711 0.1399998856948853 1.100000123841858 0.700000088079071 0.6200001047683715 0 2 480 -388 
1466 0.1399998856948853 0.6999998880790711 0.01999988092651367 1.100000123841858 0.700000088079071 0.6200001047683715 0 2 388 -481 
1467 0.1399998856948853 0.6999998880790711 -0.1000001238418579 0.2600000904632568 0.700000088079071 -0.09999992384185791 0 2 471 -482 
1468 0.1399998856948853 0.6999998880790711 -0.1000001238418579 0.1400000856948853 0.700000088079071 0.02000008092651367 0 2 482 -481 
1469 0.1399998856948853 0.6999998880790711 -0.1000001238418579 0.2600000904632568 0.700000088079071 0.02000008092651367 0 2 481 -471 
1470 0.1399998856948853 0.6999998880790711 0.9799999190734864 0.1400000856948853 0.700000088079071 1.100000123841858 0 2 472 -473 
1471 0.01999988092651367 0.6999998880790711 0.9799999190734864 0.1400000856948853 0.700000088079071 0.9800001190734863 0 2 473 -484 
1472 0.01999988092651367 0.6999998880790711 0.9799999190734864 0.1400000856948853 0.700000088079071 1.100000123841858 0 2 484 -472 
1473 0.1399998856948853 0.6999998880790711 0.6199999047683716 1.100000123841858 0.700000088079071 0.9800001190734863 0 2 388 -473 
1474 0.1399998856948853 0.6999998880790711 0.8599999143051148 0.1400000856948853 0.700000088079071 0.9800001190734863 0 2 473 -474 
1475 0.1399998856948853 0.6999998880790711 0.6199999047683716 1.100000123841858 0.700000088079071 0.8600001143051147 0 2 474 -388 
1476 0.01999988092651372 0.6999998880790711 0.6199999047683716 1.100000123841858 0.700000088079071 0.9800001190734863 0 2 484 -388 
1477 0.1399998856948853 0.6999998880790711 0.6199999047683716 1.100000123841858 0.700000088079071 0.8600001143051147 0 2 388 -474 
1478 0.01999988092651367 0.6999998880790711 0.8599999143051148 0.1400000856948853 0.700000088079071 0.9800001190734863 0 2 474 -484 
1479 0.01999988092651367 0.6999998880790711 0.7399999095367432 0.02000008092651367 0.700000088079071 0.8600001143051147 0 2 486 -485 
1480 0.01999988092651372 0.6999998880790711 0.6199999047683716 1.100000123841858 0.700000088079071 0.8600001143051147 0 2 485 -388 
1481 0.01999988092651372 0.6999998880790711 0.6199999047683716 1.100000123841858 0.700000088079071 0.7400001095367431 0 2 388 -486 
1482 0.01999988092651367 0.6999998880790711 0.6199999047683716 0.1400000856948853 0.700000088079071 0.6200001047683715 0 2 476 -487 
1483 0.01999988092651367 0.6999998880790711 0.6199999047683716 0.02000008092651367 0.700000088079071 0.7400001095367431 0 2 487 -486 
1484 0.01999988092651367 0.6999998880790711 0.6199999047683716 0.1400000856948853 0.700000088079071 0.7400001095367431 0 2 486 -476 
1485 0.1399998856948853 0.6999998880790711 0.4999999 0.1400000856948853 0.700000088079071 0.6200001047683715 0 2 476 -477 
1486 0.01999988092651367 0.6999998880790711 0.4999999 0.1400000856948853 0.700000088079071 0.5000000999999999 0 2 477 -488 
1487 0.01999988092651367 0.6999998880790711 0.4999999 0.1400000856948853 0.700000088079071 0.6200001047683715 0 2 488 -476 
1488 0.1399998856948853 0.6999998880790711 0.4999999 1.100000123841858 0.700000088079071 0.6200001047683715 0 2 388 -477 
1489 0.1399998856948853 0.6999998880790711 0.3799998952316284 0.1400000856948853 0.700000088079071 0.5000000999999999 0 2 477 -478 
1490 0.1399998856948853 0.6999998880790711 0.3799998952316284 1.100000123841858 0.700000088079071 0.6200001047683715 0 2 478 -388 
1491 0.01999988092651372 0.6999998880790711 0.4999999 1.100000123841858 0.700000088079071 0.6200001047683715 0 2 488 -388 
1492 0.1399998856948853 0.6999998880790711 0.3799998952316284 1.100000123841858 0.700000088079071 0.6200001047683715 0 2 388 -478 
1493 0.01999988092651367 0.6999998880790711 0.3799998952316284 0.1400000856948853 0.700000088079071 0.5000000999999999 0 2 478 -488 
1494 0.01999988092651367 0.6999998880790711 0.2599998904632568 0.02000008092651367 0.700000088079071 0.3800000952316284 0 2 490 -489 
1495 0.01999988092651372 0.6999998880790711 0.3799998952316284 1.100000123841858 0.700000088079071 0.6200001047683715 0 2 489 -388 
1496 0.01999988092651372 0.6999998880790711 0.2599998904632568 1.100000123841858 0.700000088079071 0.6200001047683715 0 2 388 -490 
1497 0.01999988092651367 0.6999998880790711 0.1399998856948853 0.1400000856948853 0.700000088079071 0.1400000856948853 0 2 480 -491 
1498 0.01999988092651367 0.6999998880790711 0.1399998856948853 0.02000008092651367 0.700000088079071 0.2600000904632568 0 2 491 -490 
1499 0.01999988092651367 0.6999998880790711 0.1399998856948853 0.1400000856948853 0.700000088079071 0.2600000904632568 0 2 490 -480 
1500 0.1399998856948853 0.6999998880790711 0.01999988092651367 0.1400000856948853 0.700000088079071 0.1400000856948853 0 2 480 -481 
1501 0.01999988092651367 0.6999998880790711 0.01999988092651367 0.1400000856948853 0.700000088079071 0.02000008092651367 0 2 481 -492 
1502 0.01999988092651367 0.6999998880790711 0.01999988092651367 0.1400000856948853 0.700000088079071 0.1400000856948853 0 2 492 -480 
1503 0.1399998856948853 0.6999998880790711 0.01999988092651367 1.100000123841858 0.700000088079071 0.6200001047683715 0 2 388 -481 
1504 0.1399998856948853 0.6999998880790711 -0.1000001238418579 0.1400000856948853 0.700000088079071 0.02000008092651367 0 2 481 -482 
1505 0.1399998856948853 0.6999998880790711 -0.1000001238418579 1.100000123841858 0.700000088079071 0.6200001047683715 0 2 482 -388 
1506 0.01999988092651372 0.6999998880790711 0.01999988092651367 1.100000123841858 0.700000088079071 0.6200001047683715 0 2 492 -388 
1507 0.01999988092651372 0.6999998880790711 0.6199999047683716 1.100000123841858 0.700000088079071 1.100000123841858 0 2 388 -483 
1508 0.01999988092651367 0.6999998880790711 0.01999988092651372 0.02000008092651367 0.700000088079071 1.100000123841858 0 2 483 -492 
1509 -0.1000001238418579 0.6999998880790711 0.9799999190734864 -0.09999992384185791 0.700000088079071 1.100000123841858 0 2 495 -494 
1510 -0.100000123841858 0.6999998880790711 0.6199999047683716 1.100000123841858 0.700000088079071 1.100000123841858 0 2 494 -388 
1511 -0.100000123841858 0.6999998880790711 0.6199999047683716 1.100000123841858 0.700000088079071 0.9800001190734863 0 2 388 -495 
1512 -0.1000001238418579 0.6999998880790711 0.8599999143051148 0.02000008092651367 0.700000088079071 0.8600001143051147 0 2 485 -496 
1513 -0.1000001238418579 0.6999998880790711 0.8599999143051148 -0.09999992384185791 0.700000088079071 0.9800001190734863 0 2 496 -495 
1514 -0.1000001238418579 0.6999998880790711 0.8599999143051148 0.02000008092651367 0.700000088079071 0.9800001190734863 0 2 495 -485 
1515 0.01999988092651367 0.6999998880790711 0.7399999095367432 0.02000008092651367 0.700000088079071 0.8600001143051147 0 2 485 -486 
1516 -0.1000001238418579 0.6999998880790711 0.7399999095367432 0.02000008092651367 0.700000088079071 0.7400001095367431 0 2 486 -497 
1517 -0.1000001238418579 0.6999998880790711 0.7399999095367432 0.02000008092651367 0.700000088079071 0.8600001143051147 0 2 497 -485 
1518 0.01999988092651372 0.6999998880790711 0.6199999047683716 1.100000123841858 0.700000088079071 0.7400001095367431 0 2 388 -486 
1519 0.01999988092651367 0.6999998880790711 0.6199999047683716 0.02000008092651367 0.700000088079071 0.7400001095367431 0 2 486 -487 
1520 0.01999988092651372 0.6999998880790711 0.6199999047683716 1.100000123841858 0.700000088079071 0.6200001047683715 0 2 487 -388 
1521 -0.100000123841858 0.6999998880790711 0.6199999047683716 1.100000123841858 0.700000088079071 0.7400001095367431 0 2 497 -388 
1522 0.01999988092651372 0.6999998880790711 0.6199999047683716 1.100000123841858 0.700000088079071 0.6200001047683715 0 2 388 -487 
1523 -0.1000001238418579 0.6999998880790711 0.6199999047683716 0.02000008092651367 0.700000088079071 0.7400001095367431 0 2 487 -497 
1524 -0.1000001238418579 0.6999998880790711 0.4999999 -0.09999992384185791 0.700000088079071 0.6200001047683715 0 2 499 -498 
1525 -0.100000123841858 0.6999998880790711 0.6199999047683716 1.100000123841858 0.700000088079071 0.6200001047683715 0 2 498 -388 
1526 -0.100000123841858 0.6999998880790711 0.4999999 1.100000123841858 0.700000088079071 0.6200001047683715 0 2 388 -499 
1527 -0.1000001238418579 0.6999998880790711 0.3799998952316284 0.02000008092651367 0.700000088079071 0.3800000952316284 0 2 489 -500 
1528 -0.1000001238418579 0.6999998880790711 0.3799998952316284 -0.09999992384185791 0.700000088079071 0.5000000999999999 0 2 500 -499 
1529 -0.1000001238418579 0.6999998880790711 0.3799998952316284 0.02000008092651367 0.700000088079071 0.5000000999999999 0 2 499 -489 
1530 0.01999988092651367 0.6999998880790711 0.2599998904632568 0.02000008092651367 0.700000088079071 0.3800000952316284 0 2 489 -490 
1531 -0.1000001238418579 0.6999998880790711 0.2599998904632568 0.02000008092651367 0.700000088079071 0.2600000904632568 0 2 490 -501 
1532 -0.1000001238418579 0.6999998880790711 0.2599998904632568 0.02000008092651367 0.700000088079071 0.3800000952316284 0 2 501 -489 
1533 0.01999988092651372 0.6999998880790711 0.2599998904632568 1.100000123841858 0.700000088079071 0.6200001047683715 0 2 388 -490 
1534 0.01999988092651367 0.6999998880790711 0.1399998856948853 0.02000008092651367 0.700000088079071 0.2600000904632568 0 2 490 -491 
1535 0.01999988092651372 0.6999998880790711 0.1399998856948853 1.100000123841858 0.700000088079071 0.6200001047683715 0 2 491 -388 
1536 -0.100000123841858 0.6999998880790711 0.2599998904632568 1.100000123841858 0.700000088079071 0.6200001047683715 0 2 501 -388 
1537 0.01999988092651372 0.6999998880790711 0.1399998856948852 1.100000123841858 0.700000088079071 0.6200001047683715 0 2 388 -491 
1538 -0.1000001238418579 0.6999998880790711 0.1399998856948853 0.02000008092651367 0.700000088079071 0.2600000904632568 0 2 491 -501 
1539 -0.1000001238418579 0.6999998880790711 0.01999988092651367 -0.09999992384185791 0.700000088079071 0.1400000856948853 0 2 503 -502 
1540 -0.100000123841858 0.6999998880790711 0.1399998856948853 1.100000123841858 0.700000088079071 0.6200001047683715 0 2 502 -388 
1541 -0.100000123841858 0.6999998880790711 0.01999988092651367 1.100000123841858 0.700000088079071 0.6200001047683715 0 2 388 -503 
1542 -0.1000001238418579 0.6999998880790711 -0.1000001238418579 0.02000008092651367 0.700000088079071 -0.09999992384185791 0 2 493 -504 
1543 -0.1000001238418579 0.6999998880790711 -0.1000001238418579 -0.09999992384185791 0.700000088079071 0.02000008092651367 0 2 504 -503 
1544 -0.1000001238418579 0.6999998880790711 -0.1000001238418579 0.02000008092651367 0.700000088079071 0.02000008092651367 0 2 503 -493 
1 -1e-07 -9.999999994736442e-08 -9.999999994736442e-08 1e-07 1.0000001 1.0000001 0 4 -1 4 3 -2 
2 0.9999999000000001 -9.999999994736442e-08 -9.999999994736442e-08 1.0000001 1.0000001 1.0000001 0 4 -5 8 7 -6 
3 -9.999999994736442e-08 -1e-07 -9.999999994736442e-08 1.0000001 1e-07 1.0000001 0 4 -9 1 10 -5 
4 -9.999999994736442e-08 0.9999999000000001 -9.999999994736442e-08 1.0000001 1.0000001 1.0000001 0 4 -11 3 12 -7 
5 -9.999999994736442e-08 -9.999999994736442e-08 -1e-07 1.0000001 1.0000001 1e-07 0 4 -4 9 8 -11 
6 -9.999999994736442e-08 -9.999999994736442e-08 0.9999999000000001 1.0000001 1.0000001 1.0000001 0 4 -2 10 6 -12 
7 -0.1000001238418579 -0.1000001238418579 0.2499999 0.02000008092651367 0.02000008092651367 0.2500001 0 3 13 14 15 
8 0.01999988092651367 -0.1000001238418579 0.2499999 0.1400000856948853 -0.09999992384185791 0.2500001 0 2 -19 -20 
9 0.01999988092651367 -0.1000001238418579 0.2499999 0.3800000952316284 0.02000008092651367 0.2500001 0 3 21 22 23 
10 0.1399998856948853 -0.1000001238418579 0.2499999 0.3800000952316284 0.02000008092651367 0.2500001 0 3 24 25 26 
11 0.2599998904632568 -0.1000001238418579 0.2499999 0.3800000952316284 0.02000008092651367 0.2500001 0 3 27 28 29 
12 0.3799998952316284 -0.1000001238418579 0.2499999 0.5000000999999999 0.02000008092651367 0.2500001 0 3 30 31 32 
13 0.4999999 -0.1000001238418579 0.2499999 0.6200001047683715 -0.09999992384185791 0.2500001 0 2 -36 -37 
14 0.3799998952316284 -0.1000001238418579 0.2499999 0.6200001047683715 0.02000008092651367 0.2500001 0 3 38 39 40 
15 0.3799998952316284 -0.1000001238418579 0.2499999 0.7400001095367431 0.02000008092651367 0.2500001 0 3 41 42 43 
16 0.7399999095367432 -0.1000001238418579 0.2499999 0.8600001143051147 0.02000008092651367 0.2500001 0 3 44 45 46 
17 0.8599999143051148 -0.1000001238418579 0.2499999 0.9800001190734863 0.02000008092651367 0.2500001 0 3 47 48 49 
18 0.9799999190734864 -0.1000001238418579 0.2499999 1.100000123841858 -0.09999992384185791 0.2500001 0 2 -53 -54 
19 -0.100000123841858 -0.1000001238418579 0.2499999 0.9800001190734863 0.02000008092651367 0.2500001 0 3 55 56 57 
20 -0.1000001238418579 -0.1000001238418579 0.2499999 0.3800000952316284 0.1400000856948853 0.2500001 0 3 58 59 60 
21 0.01999988092651367 0.01999988092651367 0.2499999 0.1400000856948853 0.1400000856948853 0.2500001 0 3 61 62 63 
22 0.1399998856948853 0.01999988092651367 0.2499999 0.2600000904632568 0.1400000856948853 0.2500001 0 3 64 65 66 
23 0.2599998904632568 -0.1000001238418579 0.2499999 0.3800000952316284 0.02000008092651367 0.2500001 0 3 67 68 69 
24 0.2599998904632568 -0.1000001238418579 0.2499999 0.3800000952316284 0.1400000856948853 0.2500001 0 3 70 71 72 
25 0.3799998952316284 -0.1000001238418579 0.2499999 0.5000000999999999 0.1400000856948853 0.2500001 0 3 73 74 75 
26 0.4999999 0.01999988092651367 0.2499999 0.6200001047683715 0.1400000856948853 0.2500001 0 3 76 77 78 
27 0.6199999047683716 0.01999988092651367 0.2499999 0.7400001095367431 0.1400000856948853 0.2500001 0 3 79 80 81 
28 0.3799998952316284 -0.1000001238418579 0.2499999 0.8600001143051147 0.02000008092651367 0.2500001 0 3 82 83 84 
29 0.3799998952316284 -0.1000001238418579 0.2499999 0.8600001143051147 0.1400000856948853 0.2500001 0 3 85 86 87 
30 0.3799998952316284 -0.1000001238418579 0.2499999 0.9800001190734863 0.1400000856948853 0.2500001 0 3 88 89 90 
31 0.9799999190734864 0.01999988092651367 0.2499999 1.100000123841858 0.1400000856948853 0.2500001 0 3 91 92 93 
32 -0.1000001238418579 0.1399998856948853 0.2499999 0.02000008092651367 0.2600000904632568 0.2500001 0 3 94 95 96 
33 0.01999988092651367 -0.1000001238418579 0.2499999 0.3800000952316284 0.1400000856948853 0.2500001 0 3 97 98 99 
34 0.1399998856948853 -0.1000001238418579 0.2499999 0.3800000952316284 0.1400000856948853 0.2500001 0 2 -103 -104 
35 0.1399998856948853 -0.1000001238418579 0.2499999 0.3800000952316284 0.2600000904632568 0.2500001 0 3 105 106 107 
36 0.2599998904632568 0.1399998856948853 0.2499999 0.3800000952316284 0.2600000904632568 0.2500001 0 3 108 109 110 
37 0.3799998952316284 0.1399998856948853 0.2499999 0.5000000999999999 0.2600000904632568 0.2500001 0 3 111 112 113 
38 0.3799998952316284 -0.1000001238418579 0.2499999 0.6200001047683715 0.1400000856948853 0.2500001 0 3 114 115 116 
39 0.3799998952316284 -0.1000001238418579 0.2499999 0.6200001047683715 0.2600000904632568 0.2500001 0 3 117 118 119 
40 0.3799998952316284 -0.1000001238418579 0.2499999 0.7400001095367431 0.2600000904632568 0.2500001 0 3 120 121 122 
41 0.7399999095367432 0.1399998856948853 0.2499999 0.8600001143051147 0.2600000904632568 0.2500001 0 3 123 124 125 
42 0.8599999143051148 0.1399998856948853 0.2499999 0.9800001190734863 0.2600000904632568 0.2500001 0 3 126 127 128 
43 0.3799998952316284 -0.1000001238418579 0.2499999 1.100000123841858 0.1400000856948853 0.2500001 0 3 129 130 131 
44 -0.100000123841858 -0.1000001238418579 0.2499999 0.9800001190734863 0.2600000904632568 0.2500001 0 3 132 133 134 
45 -0.1000001238418579 -0.1000001238418579 0.2499999 0.3800000952316284 0.3800000952316284 0.2500001 0 3 135 136 137 
46 0.01999988092651367 0.2599998904632568 0.2499999 0.1400000856948853 0.3800000952316284 0.2500001 0 3 138 139 140 
47 0.1399998856948853 0.2599998904632568 0.2499999 0.2600000904632568 0.3800000952316284 0.2500001 0 3 141 142 143 
48 0.2599998904632568 -0.1000001238418579 0.2499999 0.3800000952316284 0.2600000904632568 0.2500001 0 3 144 145 146 
49 0.2599998904632568 -0.1000001238418579 0.2499999 0.3800000952316284 0.3800000952316284 0.2500001 0 3 147 148 149 
50 0.3799998952316284 -0.1000001238418579 0.2499999 0.5000000999999999 0.3800000952316284 0.2500001 0 3 150 151 152 
51 0.4999999 0.2599998904632568 0.2499999 0.6200001047683715 0.3800000952316284 0.2500001 0 3 153 154 155 
52 0.6199999047683716 0.2599998904632568 0.2499999 0.7400001095367431 0.3800000952316284 0.2500001 0 3 156 157 158 
53 0.3799998952316284 -0.1000001238418579 0.2499999 0.8600001143051147 0.2600000904632568 0.2500001 0 3 159 160 161 
54 0.3799998952316284 -0.1000001238418579 0.2499999 0.8600001143051147 0.3800000952316284 0.2500001 0 3 162 163 164 
55 0.3799998952316284 -0.1000001238418579 0.2499999 0.9800001190734863 0.3800000952316284 0.2500001 0 3 165 166 167 
56 0.9799999190734864 0.2599998904632568 0.2499999 1.100000123841858 0.3800000952316284 0.2500001 0 3 168 169 170 
57 -0.1000001238418579 0.3799998952316284 0.2499999 0.02000008092651367 0.5000000999999999 0.2500001 0 3 171 172 173 
58 0.01999988092651367 -0.1000001238418579 0.2499999 0.3800000952316284 0.3800000952316284 0.2500001 0 3 174 175 176 
59 0.01999988092651367 -0.1000001238418579 0.2499999 0.3800000952316284 0.5000000999999999 0.2500001 0 3 177 178 179 
60 0.1399998856948853 -0.1000001238418579 0.2499999 0.3800000952316284 0.5000000999999999 0.2500001 0 3 180 181 182 
61 0.2599998904632568 0.3799998952316284 0.2499999 0.3800000952316284 0.5000000999999999 0.2500001 0 3 183 184 185 
62 0.3799998952316284 0.3799998952316284 0.2499999 0.5000000999999999 0.5000000999999999 0.2500001 0 3 186 187 188 
63 0.3799998952316284 -0.1000001238418579 0.2499999 0.6200001047683715 0.3800000952316284 0.2500001 0 3 189 190 191 
64 0.3799998952316284 -0.1000001238418579 0.2499999 0.6200001047683715 0.5000000999999999 0.2500001 0 3 192 193 194 
65 0.3799998952316284 -0.1000001238418579 0.2499999 0.7400001095367431 0.5000000999999999 0.2500001 0 3 195 196 197 
66 0.7399999095367432 0.3799998952316284 0.2499999 0.8600001143051147 0.5000000999999999 0.2500001 0 3 198 199 200 
67 0.8599999143051148 0.3799998952316284 0.2499999 0.9800001190734863 0.5000000999999999 0.2500001 0 3 201 202 203 
68 0.3799998952316284 -0.100000123841858 0.2499999 1.100000123841858 0.3800000952316284 0.2500001 0 3 204 205 206 
69 -0.100000123841858 -0.1000001238418579 0.2499999 0.9800001190734863 0.5000000999999999 0.2500001 0 3 207 208 209 
70 -0.1000001238418579 -0.1000001238418579 0.2499999 0.3800000952316285 0.6200001047683715 0.2500001 0 3 210 211 212 
71 0.01999988092651367 0.4999999 0.2499999 0.1400000856948853 0.6200001047683715 0.2500001 0 3 213 214 215 
72 0.1399998856948853 0.4999999 0.2499999 0.2600000904632568 0.6200001047683715 0.2500001 0 3 216 217 218 
73 0.2599998904632568 -0.1000001238418579 0.2499999 0.3800000952316284 0.5000000999999999 0.2500001 0 3 219 220 221 
74 0.2599998904632568 -0.1000001238418579 0.2499999 0.3800000952316284 0.6200001047683715 0.2500001 0 3 222 223 224 
75 0.3799998952316284 -0.1000001238418579 0.2499999 0.5000000999999999 0.6200001047683715 0.2500001 0 3 225 226 227 
76 0.4999999 0.4999999 0.2499999 0.6200001047683715 0.6200001047683715 0.2500001 0 3 228 229 230 
77 0.6199999047683716 0.4999999 0.2499999 0.7400001095367431 0.6200001047683715 0.2500001 0 3 231 232 233 
78 0.3799998952316284 -0.1000001238418579 0.2499999 0.8600001143051147 0.5000000999999999 0.2500001 0 3 234 235 236 
79 0.3799998952316284 -0.1000001238418579 0.2499999 0.8600001143051147 0.6200001047683715 0.2500001 0 3 237 238 239 
80 0.3799998952316284 -0.1000001238418579 0.2499999 0.9800001190734863 0.6200001047683715 0.2500001 0 3 240 241 242 
81 0.9799999190734864 0.4999999 0.2499999 1.100000123841858 0.6200001047683715 0.2500001 0 3 243 244 245 
82 -0.1000001238418579 0.6199999047683716 0.2499999 0.02000008092651367 0.7400001095367431 0.2500001 0 3 246 247 248 
83 0.01999988092651367 -0.1000001238418579 0.2499999 0.3800000952316284 0.6200001047683715 0.2500001 0 3 249 250 251 
84 0.01999988092651367 -0.1000001238418579 0.2499999 0.3800000952316284 0.7400001095367431 0.2500001 0 3 252 253 254 
85 0.1399998856948853 -0.1000001238418579 0.2499999 0.3800000952316284 0.7400001095367431 0.2500001 0 3 255 256 257 
86 0.2599998904632568 0.6199999047683716 0.2499999 0.3800000952316284 0.7400001095367431 0.2500001 0 3 258 259 260 
87 0.3799998952316284 0.6199999047683716 0.2499999 0.5000000999999999 0.7400001095367431 0.2500001 0 3 261 262 263 
88 0.3799998952316284 -0.1000001238418579 0.2499999 0.6200001047683715 0.6200001047683715 0.2500001 0 3 264 265 266 
89 0.3799998952316284 -0.1000001238418579 0.2499999 0.6200001047683715 0.7400001095367431 0.2500001 0 3 267 268 269 
90 0.3799998952316284 -0.1000001238418579 0.2499999 0.7400001095367431 0.7400001095367431 0.2500001 0 3 270 271 272 
91 0.7399999095367432 0.6199999047683716 0.2499999 0.8600001143051147 0.7400001095367431 0.2500001 0 3 273 274 275 
92 0.8599999143051148 0.6199999047683716 0.2499999 0.9800001190734863 0.7400001095367431 0.2500001 0 3 276 277 278 
93 0.3799998952316284 -0.1000001238418579 0.2499999 1.100000123841858 0.6200001047683715 0.2500001 0 3 279 280 281 
94 -0.100000123841858 -0.1000001238418579 0.2499999 0.9800001190734863 0.7400001095367431 0.2500001 0 3 282 283 284 
95 -0.1000001238418579 -0.1000001238418579 0.2499999 0.3800000952316284 0.8600001143051147 0.2500001 0 3 285 286 287 
96 0.01999988092651367 0.7399999095367432 0.2499999 0.1400000856948853 0.8600001143051147 0.2500001 0 3 288 289 290 
97 0.1399998856948853 0.7399999095367432 0.2499999 0.2600000904632568 0.8600001143051147 0.2500001 0 3 291 292 293 
98 0.2599998904632568 -0.1000001238418579 0.2499999 0.3800000952316284 0.7400001095367431 0.2500001 0 3 294 295 296 
99 0.2599998904632568 -0.1000001238418579 0.2499999 0.3800000952316284 0.8600001143051147 0.2500001 0 3 297 298 299 
100 0.3799998952316284 -0.1000001238418579 0.2499999 0.5000000999999999 0.8600001143051147 0.2500001 0 3 300 301 302 
101 0.4999999 0.7399999095367432 0.2499999 0.6200001047683715 0.8600001143051147 0.2500001 0 3 303 304 305 
102 0.6199999047683716 0.7399999095367432 0.2499999 0.7400001095367431 0.8600001143051147 0.2500001 0 3 306 307 308 
103 0.3799998952316284 -0.1000001238418579 0.2499999 0.8600001143051147 0.7400001095367431 0.2500001 0 3 309 310 311 
104 0.3799998952316284 -0.1000001238418579 0.2499999 0.8600001143051147 0.8600001143051147 0.2500001 0 3 312 313 314 
105 0.3799998952316284 -0.1000001238418579 0.2499999 0.9800001190734863 0.8600001143051147 0.2500001 0 3 315 316 317 
106 0.9799999190734864 0.7399999095367432 0.2499999 1.100000123841858 0.8600001143051147 0.2500001 0 3 318 319 320 
107 -0.1000001238418579 0.8599999143051148 0.2499999 0.02000008092651367 0.9800001190734863 0.2500001 0 3 321 322 323 
108 0.01999988092651367 -0.1000001238418579 0.2499999 0.3800000952316284 0.8600001143051147 0.2500001 0 3 324 325 326 
109 0.01999988092651367 -0.100000123841858 0.2499999 0.3800000952316284 0.9800001190734863 0.2500001 0 3 327 328 329 
110 0.1399998856948853 -0.100000123841858 0.2499999 0.3800000952316284 0.9800001190734863 0.2500001 0 3 330 331 332 
111 0.2599998904632568 0.8599999143051148 0.2499999 0.3800000952316284 0.9800001190734863 0.2500001 0 3 333 334 335 
112 0.3799998952316284 0.8599999143051148 0.2499999 0.5000000999999999 0.9800001190734863 0.2500001 0 3 336 337 338 
113 0.3799998952316284 -0.1000001238418579 0.2499999 0.6200001047683715 0.8600001143051147 0.2500001 0 3 339 340 341 
114 0.3799998952316284 -0.100000123841858 0.2499999 0.6200001047683715 0.9800001190734863 0.2500001 0 3 342 343 344 
115 0.3799998952316284 -0.100000123841858 0.2499999 0.7400001095367431 0.9800001190734863 0.2500001 0 3 345 346 347 
116 0.7399999095367432 0.8599999143051148 0.2499999 0.8600001143051147 0.9800001190734863 0.2500001 0 3 348 349 350 
117 0.8599999143051148 0.8599999143051148 0.2499999 0.9800001190734863 0.9800001190734863 0.2500001 0 3 351 352 353 
118 0.3799998952316284 -0.1000001238418579 0.2499999 1.100000123841858 0.8600001143051147 0.2500001 0 3 354 355 356 
119 -0.100000123841858 -0.100000123841858 0.2499999 0.9800001190734864 0.9800001190734863 0.2500001 0 3 357 358 359 
120 -0.1000001238418579 -0.100000123841858 0.2499999 0.3800000952316284 1.100000123841858 0.2500001 0 3 360 361 362 
121 0.01999988092651367 0.9799999190734864 0.2499999 0.1400000856948853 1.100000123841858 0.2500001 0 3 363 364 365 
122 0.1399998856948853 0.9799999190734864 0.2499999 0.2600000904632568 1.100000123841858 0.2500001 0 3 366 367 368 
123 0.2599998904632568 -0.100000123841858 0.2499999 0.3800000952316284 0.9800001190734863 0.2500001 0 3 369 370 371 
124 0.2599998904632568 -0.100000123841858 0.2499999 0.3800000952316284 1.100000123841858 0.2500001 0 3 372 373 374 
125 0.3799998952316284 -0.100000123841858 0.2499999 0.5000000999999999 1.100000123841858 0.2500001 0 3 375 376 377 
126 0.4999999 0.9799999190734864 0.2499999 0.6200001047683715 1.100000123841858 0.2500001 0 3 378 379 380 
127 0.6199999047683716 0.9799999190734864 0.2499999 0.7400001095367431 1.100000123841858 0.2500001 0 3 381 382 383 
128 0.3799998952316284 -0.100000123841858 0.2499999 0.8600001143051147 0.9800001190734863 0.2500001 0 3 384 385 386 
129 0.3799998952316284 -0.100000123841858 0.2499999 0.8600001143051147 1.100000123841858 0.2500001 0 3 387 388 389 
130 0.3799998952316284 -0.100000123841858 0.2499999 0.9800001190734863 1.100000123841858 0.2500001 0 3 390 391 392 
131 0.9799999190734864 0.9799999190734864 0.2499999 1.100000123841858 1.100000123841858 0.2500001 0 3 393 394 395 
132 -0.1000001238418579 -0.1000001238418579 0.599999923841858 0.02000008092651367 0.02000008092651367 0.6000001238418579 0 3 396 397 398 
133 0.01999988092651367 -0.1000001238418579 0.599999923841858 0.1400000856948853 -0.09999992384185791 0.6000001238418579 0 2 -402 -403 
134 0.01999988092651367 -0.1000001238418579 0.599999923841858 0.3800000952316284 0.02000008092651367 0.6000001238418579 0 3 404 405 406 
135 0.1399998856948853 -0.1000001238418579 0.599999923841858 0.3800000952316284 0.02000008092651367 0.6000001238418579 0 3 407 408 409 
136 0.2599998904632568 -0.1000001238418579 0.599999923841858 0.3800000952316284 0.02000008092651367 0.6000001238418579 0 3 410 411 412 
137 0.3799998952316284 -0.1000001238418579 0.599999923841858 0.5000000999999999 0.02000008092651367 0.6000001238418579 0 3 413 414 415 
138 0.4999999 -0.1000001238418579 0.599999923841858 0.6200001047683715 -0.09999992384185791 0.6000001238418579 0 2 -419 -420 
139 0.3799998952316284 -0.1000001238418579 0.599999923841858 0.6200001047683715 0.02000008092651367 0.6000001238418579 0 3 421 422 423 
140 0.3799998952316284 -0.1000001238418579 0.599999923841858 0.7400001095367431 0.02000008092651367 0.6000001238418579 0 3 424 425 426 
141 0.7399999095367432 -0.1000001238418579 0.599999923841858 0.8600001143051147 0.02000008092651367 0.6000001238418579 0 3 427 428 429 
142 0.8599999143051148 -0.1000001238418579 0.599999923841858 0.9800001190734863 0.02000008092651367 0.6000001238418579 0 3 430 431 432 
143 0.9799999190734864 -0.1000001238418579 0.599999923841858 1.100000123841858 -0.09999992384185791 0.6000001238418579 0 2 -436 -437 
144 -0.100000123841858 -0.1000001238418579 0.599999923841858 0.9800001190734863 0.02000008092651367 0.6000001238418579 0 3 438 439 440 
145 -0.1000001238418579 -0.1000001238418579 0.599999923841858 0.3800000952316284 0.1400000856948853 0.6000001238418579 0 3 441 442 443 
146 0.01999988092651367 0.01999988092651367 0.599999923841858 0.1400000856948853 0.1400000856948853 0.6000001238418579 0 3 444 445 446 
147 0.1399998856948853 0.01999988092651367 0.599999923841858 0.2600000904632568 0.1400000856948853 0.6000001238418579 0 3 447 448 449 
148 0.2599998904632568 -0.1000001238418579 0.599999923841858 0.3800000952316284 0.02000008092651367 0.6000001238418579 0 3 450 451 452 
149 0.2599998904632568 -0.1000001238418579 0.599999923841858 0.3800000952316284 0.1400000856948853 0.6000001238418579 0 3 453 454 455 
150 0.3799998952316284 -0.1000001238418579 0.599999923841858 0.5000000999999999 0.1400000856948853 0.6000001238418579 0 3 456 457 458 
151 0.4999999 0.01999988092651367 0.599999923841858 0.6200001047683715 0.1400000856948853 0.6000001238418579 0 3 459 460 461 
152 0.6199999047683716 0.01999988092651367 0.599999923841858 0.7400001095367431 0.1400000856948853 0.6000001238418579 0 3 462 463 464 
153 0.3799998952316284 -0.1000001238418579 0.599999923841858 0.8600001143051147 0.02000008092651367 0.6000001238418579 0 3 465 466 467 
154 0.3799998952316284 -0.1000001238418579 0.599999923841858 0.8600001143051147 0.1400000856948853 0.6000001238418579 0 3 468 469 470 
155 0.3799998952316284 -0.1000001238418579 0.599999923841858 0.9800001190734863 0.1400000856948853 0.6000001238418579 0 3 471 472 473 
156 0.9799999190734864 0.01999988092651367 0.599999923841858 1.100000123841858 0.1400000856948853 0.6000001238418579 0 3 474 475 476 
157 -0.1000001238418579 0.1399998856948853 0.599999923841858 0.02000008092651367 0.2600000904632568 0.6000001238418579 0 3 477 478 479 
158 0.01999988092651367 -0.1000001238418579 0.599999923841858 0.3800000952316284 0.1400000856948853 0.6000001238418579 0 3 480 481 482 
159 0.1399998856948853 -0.1000001238418579 0.599999923841858 0.3800000952316284 0.1400000856948853 0.6000001238418579 0 2 486 487 
160 0.1399998856948853 -0.1000001238418579 0.599999923841858 0.3800000952316284 0.2600000904632568 0.6000001238418579 0 3 488 489 490 
161 0.2599998904632568 0.1399998856948853 0.599999923841858 0.3800000952316284 0.2600000904632568 0.6000001238418579 0 3 491 492 493 
162 0.3799998952316284 0.1399998856948853 0.599999923841858 0.5000000999999999 0.2600000904632568 0.6000001238418579 0 3 494 495 496 
163 0.3799998952316284 -0.1000001238418579 0.599999923841858 0.6200001047683715 0.1400000856948853 0.6000001238418579 0 3 497 498 499 
164 0.3799998952316284 -0.1000001238418579 0.599999923841858 0.6200001047683715 0.2600000904632568 0.6000001238418579 0 3 500 501 502 
165 0.3799998952316284 -0.1000001238418579 0.599999923841858 0.7400001095367431 0.2600000904632568 0.6000001238418579 0 3 503 504 505 
166 0.7399999095367432 0.1399998856948853 0.599999923841858 0.8600001143051147 0.2600000904632568 0.6000001238418579 0 3 506 507 508 
167 0.8599999143051148 0.1399998856948853 0.599999923841858 0.9800001190734863 0.2600000904632568 0.6000001238418579 0 3 509 510 511 
168 0.3799998952316284 -0.1000001238418579 0.599999923841858 1.100000123841858 0.1400000856948853 0.6000001238418579 0 3 512 513 514 
169 -0.100000123841858 -0.1000001238418579 0.599999923841858 0.9800001190734863 0.2600000904632568 0.6000001238418579 0 3 515 516 517 
170 -0.1000001238418579 -0.1000001238418579 0.599999923841858 0.3800000952316284 0.3800000952316284 0.6000001238418579 0 3 518 519 520 
171 0.01999988092651367 0.2599998904632568 0.599999923841858 0.1400000856948853 0.3800000952316284 0.6000001238418579 0 3 521 522 523 
172 0.1399998856948853 0.2599998904632568 0.599999923841858 0.2600000904632568 0.3800000952316284 0.6000001238418579 0 3 524 525 526 
173 0.2599998904632568 -0.1000001238418579 0.599999923841858 0.3800000952316284 0.2600000904632568 0.6000001238418579 0 3 527 528 529 
174 0.2599998904632568 -0.1000001238418579 0.599999923841858 0.3800000952316284 0.3800000952316284 0.6000001238418579 0 3 530 531 532 
175 0.3799998952316284 -0.1000001238418579 0.599999923841858 0.5000000999999999 0.3800000952316284 0.6000001238418579 0 3 533 534 535 
176 0.4999999 0.2599998904632568 0.599999923841858 0.6200001047683715 0.3800000952316284 0.6000001238418579 0 3 536 537 538 
177 0.6199999047683716 0.2599998904632568 0.599999923841858 0.7400001095367431 0.3800000952316284 0.6000001238418579 0 3 539 540 541 
178 0.3799998952316284 -0.1000001238418579 0.599999923841858 0.8600001143051147 0.2600000904632568 0.6000001238418579 0 3 542 543 544 
179 0.3799998952316284 -0.1000001238418579 0.599999923841858 0.8600001143051147 0.3800000952316284 0.6000001238418579 0 3 545 546 547 
180 0.3799998952316284 -0.1000001238418579 0.599999923841858 0.9800001190734863 0.3800000952316284 0.6000001238418579 0 3 548 549 550 
181 0.9799999190734864 0.2599998904632568 0.599999923841858 1.100000123841858 0.3800000952316284 0.6000001238418579 0 3 551 552 553 
182 -0.1000001238418579 0.3799998952316284 0.599999923841858 0.02000008092651367 0.5000000999999999 0.6000001238418579 0 3 554 555 556 
183 0.01999988092651367 -0.1000001238418579 0.599999923841858 0.3800000952316284 0.3800000952316284 0.6000001238418579 0 3 557 558 559 
184 0.01999988092651367 -0.1000001238418579 0.599999923841858 0.3800000952316284 0.5000000999999999 0.6000001238418579 0 3 560 561 562 
185 0.1399998856948853 -0.1000001238418579 0.599999923841858 0.3800000952316284 0.5000000999999999 0.6000001238418579 0 3 563 564 565 
186 0.2599998904632568 0.3799998952316284 0.599999923841858 0.3800000952316284 0.5000000999999999 0.6000001238418579 0 3 566 567 568 
187 0.3799998952316284 0.3799998952316284 0.599999923841858 0.5000000999999999 0.5000000999999999 0.6000001238418579 0 3 569 570 571 
188 0.3799998952316284 -0.1000001238418579 0.599999923841858 0.6200001047683715 0.3800000952316284 0.6000001238418579 0 3 572 573 574 
189 0.3799998952316284 -0.1000001238418579 0.599999923841858 0.6200001047683715 0.5000000999999999 0.6000001238418579 0 3 575 576 577 
190 0.3799998952316284 -0.1000001238418579 0.599999923841858 0.7400001095367431 0.5000000999999999 0.6000001238418579 0 3 578 579 580 
191 0.7399999095367432 0.3799998952316284 0.599999923841858 0.8600001143051147 0.5000000999999999 0.6000001238418579 0 3 581 582 583 
192 0.8599999143051148 0.3799998952316284 0.599999923841858 0.9800001190734863 0.5000000999999999 0.6000001238418579 0 3 584 585 586 
193 0.3799998952316284 -0.100000123841858 0.599999923841858 1.100000123841858 0.3800000952316284 0.6000001238418579 0 3 587 588 589 
194 -0.100000123841858 -0.1000001238418579 0.599999923841858 0.9800001190734863 0.5000000999999999 0.6000001238418579 0 3 590 591 592 
195 -0.1000001238418579 -0.1000001238418579 0.599999923841858 0.3800000952316285 0.6200001047683715 0.6000001238418579 0 3 593 594 595 
196 0.01999988092651367 0.4999999 0.599999923841858 0.1400000856948853 0.6200001047683715 0.6000001238418579 0 3 596 597 598 
197 0.1399998856948853 0.4999999 0.599999923841858 0.2600000904632568 0.6200001047683715 0.6000001238418579 0 3 599 600 601 
198 0.2599998904632568 -0.1000001238418579 0.599999923841858 0.3800000952316284 0.5000000999999999 0.6000001238418579 0 3 602 603 604 
199 0.2599998904632568 -0.1000001238418579 0.599999923841858 0.3800000952316284 0.6200001047683715 0.6000001238418579 0 3 605 606 607 
200 0.3799998952316284 -0.1000001238418579 0.599999923841858 0.5000000999999999 0.6200001047683715 0.6000001238418579 0 3 608 609 610 
201 0.4999999 0.4999999 0.599999923841858 0.6200001047683715 0.6200001047683715 0.6000001238418579 0 3 611 612 613 
202 0.6199999047683716 0.4999999 0.599999923841858 0.7400001095367431 0.6200001047683715 0.6000001238418579 0 3 614 615 616 
203 0.3799998952316284 -0.1000001238418579 0.599999923841858 0.8600001143051147 0.5000000999999999 0.6000001238418579 0 3 617 618 619 
204 0.3799998952316284 -0.1000001238418579 0.599999923841858 0.8600001143051147 0.6200001047683715 0.6000001238418579 0 3 620 621 622 
205 0.3799998952316284 -0.1000001238418579 0.599999923841858 0.9800001190734863 0.6200001047683715 0.6000001238418579 0 3 623 624 625 
206 0.9799999190734864 0.4999999 0.599999923841858 1.100000123841858 0.6200001047683715 0.6000001238418579 0 3 626 627 628 
207 -0.1000001238418579 0.6199999047683716 0.599999923841858 0.02000008092651367 0.7400001095367431 0.6000001238418579 0 3 629 630 631 
208 0.01999988092651367 -0.1000001238418579 0.599999923841858 0.3800000952316284 0.6200001047683715 0.6000001238418579 0 3 632 633 634 
209 0.01999988092651367 -0.1000001238418579 0.599999923841858 0.3800000952316284 0.7400001095367431 0.6000001238418579 0 3 635 636 637 
210 0.1399998856948853 -0.1000001238418579 0.599999923841858 0.3800000952316284 0.7400001095367431 0.6000001238418579 0 3 638 639 640 
211 0.2599998904632568 0.6199999047683716 0.599999923841858 0.3800000952316284 0.7400001095367431 0.6000001238418579 0 3 641 642 643 
212 0.3799998952316284 0.6199999047683716 0.599999923841858 0.5000000999999999 0.7400001095367431 0.6000001238418579 0 3 644 645 646 
213 0.3799998952316284 -0.1000001238418579 0.599999923841858 0.6200001047683715 0.6200001047683715 0.6000001238418579 0 3 647 648 649 
214 0.3799998952316284 -0.1000001238418579 0.599999923841858 0.6200001047683715 0.7400001095367431 0.6000001238418579 0 3 650 651 652 
215 0.3799998952316284 -0.1000001238418579 0.599999923841858 0.7400001095367431 0.7400001095367431 0.6000001238418579 0 3 653 654 655 
216 0.7399999095367432 0.6199999047683716 0.599999923841858 0.8600001143051147 0.7400001095367431 0.6000001238418579 0 3 656 657 658 
217 0.8599999143051148 0.6199999047683716 0.599999923841858 0.9800001190734863 0.7400001095367431 0.6000001238418579 0 3 659 660 661 
218 0.3799998952316284 -0.1000001238418579 0.599999923841858 1.100000123841858 0.6200001047683715 0.6000001238418579 0 3 662 663 664 
219 -0.100000123841858 -0.1000001238418579 0.599999923841858 0.9800001190734863 0.7400001095367431 0.6000001238418579 0 3 665 666 667 
220 -0.1000001238418579 -0.1000001238418579 0.599999923841858 0.3800000952316284 0.8600001143051147 0.6000001238418579 0 3 668 669 670 
221 0.01999988092651367 0.7399999095367432 0.599999923841858 0.1400000856948853 0.8600001143051147 0.6000001238418579 0 3 671 672 673 
222 0.1399998856948853 0.7399999095367432 0.599999923841858 0.2600000904632568 0.8600001143051147 0.6000001238418579 0 3 674 675 676 
223 0.2599998904632568 -0.1000001238418579 0.599999923841858 0.3800000952316284 0.7400001095367431 0.6000001238418579 0 3 677 678 679 
224 0.2599998904632568 -0.1000001238418579 0.599999923841858 0.3800000952316284 0.8600001143051147 0.6000001238418579 0 3 680 681 682 
225 0.3799998952316284 -0.1000001238418579 0.599999923841858 0.5000000999999999 0.8600001143051147 0.6000001238418579 0 3 683 684 685 
226 0.4999999 0.7399999095367432 0.599999923841858 0.6200001047683715 0.8600001143051147 0.6000001238418579 0 3 686 687 688 
227 0.6199999047683716 0.7399999095367432 0.599999923841858 0.7400001095367431 0.8600001143051147 0.6000001238418579 0 3 689 690 691 
228 0.3799998952316284 -0.1000001238418579 0.599999923841858 0.8600001143051147 0.7400001095367431 0.6000001238418579 0 3 692 693 694 
229 0.3799998952316284 -0.1000001238418579 0.599999923841858 0.8600001143051147 0.8600001143051147 0.6000001238418579 0 3 695 696 697 
230 0.3799998952316284 -0.1000001238418579 0.599999923841858 0.9800001190734863 0.8600001143051147 0.6000001238418579 0 3 698 699 700 
231 0.9799999190734864 0.7399999095367432 0.599999923841858 1.100000123841858 0.8600001143051147 0.6000001238418579 0 3 701 702 703 
232 -0.1000001238418579 0.8599999143051148 0.599999923841858 0.02000008092651367 0.9800001190734863 0.6000001238418579 0 3 704 705 706 
233 0.01999988092651367 -0.1000001238418579 0.599999923841858 0.3800000952316284 0.8600001143051147 0.6000001238418579 0 3 707 708 709 
234 0.01999988092651367 -0.100000123841858 0.599999923841858 0.3800000952316284 0.9800001190734863 0.6000001238418579 0 3 710 711 712 
235 0.1399998856948853 -0.100000123841858 0.599999923841858 0.3800000952316284 0.9800001190734863 0.6000001238418579 0 3 713 714 715 
236 0.2599998904632568 0.8599999143051148 0.599999923841858 0.3800000952316284 0.9800001190734863 0.6000001238418579 0 3 716 717 718 
237 0.3799998952316284 0.8599999143051148 0.599999923841858 0.5000000999999999 0.9800001190734863 0.6000001238418579 0 3 719 720 721 
238 0.3799998952316284 -0.1000001238418579 0.599999923841858 0.6200001047683715 0.8600001143051147 0.6000001238418579 0 3 722 723 724 
239 0.3799998952316284 -0.100000123841858 0.599999923841858 0.6200001047683715 0.9800001190734863 0.6000001238418579 0 3 725 726 727 
240 0.3799998952316284 -0.100000123841858 0.599999923841858 0.7400001095367431 0.9800001190734863 0.6000001238418579 0 3 728 729 730 
241 0.7399999095367432 0.8599999143051148 0.599999923841858 0.8600001143051147 0.9800001190734863 0.6000001238418579 0 3 731 732 733 
242 0.8599999143051148 0.8599999143051148 0.599999923841858 0.9800001190734863 0.9800001190734863 0.6000001238418579 0 3 734 735 736 
243 0.3799998952316284 -0.1000001238418579 0.599999923841858 1.100000123841858 0.8600001143051147 0.6000001238418579 0 3 737 738 739 
244 -0.100000123841858 -0.100000123841858 0.599999923841858 0.9800001190734864 0.9800001190734863 0.6000001238418579 0 3 740 741 742 
245 -0.1000001238418579 -0.100000123841858 0.599999923841858 0.3800000952316284 1.100000123841858 0.6000001238418579 0 3 743 744 745 
246 0.01999988092651367 0.9799999190734864 0.599999923841858 0.1400000856948853 1.100000123841858 0.6000001238418579 0 3 746 747 748 
247 0.1399998856948853 0.9799999190734864 0.599999923841858 0.2600000904632568 1.100000123841858 0.6000001238418579 0 3 749 750 751 
248 0.2599998904632568 -0.100000123841858 0.599999923841858 0.3800000952316284 0.9800001190734863 0.6000001238418579 0 3 752 753 754 
249 0.2599998904632568 -0.100000123841858 0.599999923841858 0.3800000952316284 1.100000123841858 0.6000001238418579 0 3 755 756 757 
250 0.3799998952316284 -0.100000123841858 0.599999923841858 0.5000000999999999 1.100000123841858 0.6000001238418579 0 3 758 759 760 
251 0.4999999 0.9799999190734864 0.599999923841858 0.6200001047683715 1.100000123841858 0.6000001238418579 0 3 761 762 763 
252 0.6199999047683716 0.9799999190734864 0.599999923841858 0.7400001095367431 1.100000123841858 0.6000001238418579 0 3 764 765 766 
253 0.3799998952316284 -0.100000123841858 0.599999923841858 0.8600001143051147 0.9800001190734863 0.6000001238418579 0 3 767 768 769 
254 0.3799998952316284 -0.100000123841858 0.599999923841858 0.8600001143051147 1.100000123841858 0.6000001238418579 0 3 770 771 772 
255 0.3799998952316284 -0.100000123841858 0.599999923841858 0.9800001190734863 1.100000123841858 0.6000001238418579 0 3 773 774 775 
256 0.9799999190734864 0.9799999190734864 0.599999923841858 1.100000123841858 1.100000123841858 0.6000001238418579 0 3 776 777 778 
257 0.9799999190734864 0.299999911920929 0.9799999190734864 1.100000123841858 0.300000111920929 1.100000123841858 0 3 779 780 781 
258 1.099999923841858 0.299999911920929 0.8599999143051148 1.100000123841858 0.300000111920929 0.9800001190734863 0 2 -785 -786 
259 0.9799999190734864 0.299999911920929 0.6199999047683716 1.100000123841858 0.300000111920929 0.9800001190734863 0 3 787 788 789 
260 0.9799999190734864 0.299999911920929 0.6199999047683716 1.100000123841858 0.300000111920929 0.8600001143051147 0 3 790 791 792 
261 0.9799999190734864 0.299999911920929 0.6199999047683716 1.100000123841858 0.300000111920929 0.7400001095367431 0 3 793 794 795 
262 0.9799999190734864 0.299999911920929 0.4999999 1.100000123841858 0.300000111920929 0.6200001047683715 0 3 796 797 798 
263 1.099999923841858 0.299999911920929 0.3799998952316284 1.100000123841858 0.300000111920929 0.5000000999999999 0 2 -802 -803 
264 0.9799999190734864 0.299999911920929 0.3799998952316284 1.100000123841858 0.300000111920929 0.6200001047683715 0 3 804 805 806 
265 0.9799999190734864 0.299999911920929 0.2599998904632568 1.100000123841858 0.300000111920929 0.6200001047683715 0 3 807 808 809 
266 0.9799999190734864 0.299999911920929 0.1399998856948853 1.100000123841858 0.300000111920929 0.2600000904632568 0 3 810 811 812 
267 0.9799999190734864 0.299999911920929 0.01999988092651367 1.100000123841858 0.300000111920929 0.1400000856948853 0 3 813 814 815 
268 1.099999923841858 0.299999911920929 -0.1000001238418579 1.100000123841858 0.300000111920929 0.02000008092651367 0 2 -819 -820 
269 0.9799999190734864 0.299999911920929 0.01999988092651372 1.100000123841858 0.300000111920929 1.100000123841858 0 3 821 822 823 
270 0.8599999143051148 0.299999911920929 0.6199999047683716 1.100000123841858 0.300000111920929 1.100000123841858 0 3 824 825 826 
271 0.8599999143051148 0.299999911920929 0.8599999143051148 0.9800001190734863 0.300000111920929 0.9800001190734863 0 3 827 828 829 
272 0.8599999143051148 0.299999911920929 0.7399999095367432 0.9800001190734863 0.300000111920929 0.8600001143051147 0 3 830 831 832 
273 0.9799999190734864 0.299999911920929 0.6199999047683716 1.100000123841858 0.300000111920929 0.7400001095367431 0 3 833 834 835 
274 0.8599999143051148 0.299999911920929 0.6199999047683716 1.100000123841858 0.300000111920929 0.7400001095367431 0 3 836 837 838 
275 0.8599999143051148 0.299999911920929 0.4999999 1.100000123841858 0.300000111920929 0.6200001047683715 0 3 839 840 841 
276 0.8599999143051148 0.299999911920929 0.3799998952316284 0.9800001190734863 0.300000111920929 0.5000000999999999 0 3 842 843 844 
277 0.8599999143051148 0.299999911920929 0.2599998904632568 0.9800001190734863 0.300000111920929 0.3800000952316284 0 3 845 846 847 
278 0.9799999190734864 0.299999911920929 0.1399998856948853 1.100000123841858 0.300000111920929 0.6200001047683715 0 3 848 849 850 
279 0.8599999143051148 0.299999911920929 0.1399998856948853 1.100000123841858 0.300000111920929 0.6200001047683715 0 3 851 852 853 
280 0.8599999143051148 0.299999911920929 0.01999988092651367 1.100000123841858 0.300000111920929 0.6200001047683715 0 3 854 855 856 
281 0.8599999143051148 0.299999911920929 -0.1000001238418579 0.9800001190734863 0.300000111920929 0.02000008092651367 0 3 857 858 859 
282 0.7399999095367432 0.299999911920929 0.9799999190734864 0.8600001143051147 0.300000111920929 1.100000123841858 0 3 860 861 862 
283 0.8599999143051148 0.299999911920929 0.6199999047683716 1.100000123841858 0.300000111920929 0.9800001190734863 0 3 863 864 865 
284 0.8599999143051148 0.299999911920929 0.6199999047683716 1.100000123841858 0.300000111920929 0.8600001143051147 0 2 869 870 
285 0.7399999095367432 0.299999911920929 0.6199999047683716 1.100000123841858 0.300000111920929 0.8600001143051147 0 3 871 872 873 
286 0.7399999095367432 0.299999911920929 0.6199999047683716 0.8600001143051147 0.300000111920929 0.7400001095367431 0 3 874 875 876 
287 0.7399999095367432 0.299999911920929 0.4999999 0.8600001143051147 0.300000111920929 0.6200001047683715 0 3 877 878 879 
288 0.8599999143051148 0.299999911920929 0.3799998952316284 1.100000123841858 0.300000111920929 0.6200001047683715 0 3 880 881 882 
289 0.7399999095367432 0.299999911920929 0.3799998952316284 1.100000123841858 0.300000111920929 0.6200001047683715 0 3 883 884 885 
290 0.7399999095367432 0.299999911920929 0.2599998904632568 1.100000123841858 0.300000111920929 0.6200001047683715 0 3 886 887 888 
291 0.7399999095367432 0.299999911920929 0.1399998856948853 0.8600001143051147 0.300000111920929 0.2600000904632568 0 3 889 890 891 
292 0.7399999095367432 0.299999911920929 0.01999988092651367 0.8600001143051147 0.300000111920929 0.1400000856948853 0 3 892 893 894 
293 0.8599999143051148 0.299999911920929 -0.1000001238418579 1.100000123841858 0.300000111920929 0.6200001047683715 0 3 895 896 897 
294 0.7399999095367432 0.299999911920929 0.01999988092651372 1.100000123841858 0.300000111920929 1.100000123841858 0 3 898 899 900 
295 0.6199999047683716 0.299999911920929 0.6199999047683716 1.100000123841858 0.300000111920929 1.100000123841858 0 3 901 902 903 
296 0.6199999047683716 0.299999911920929 0.8599999143051148 0.7400001095367431 0.300000111920929 0.9800001190734863 0 3 904 905 906 
297 0.6199999047683716 0.299999911920929 0.7399999095367432 0.7400001095367431 0.300000111920929 0.8600001143051147 0 3 907 908 909 
298 0.7399999095367432 0.299999911920929 0.6199999047683716 1.100000123841858 0.300000111920929 0.7400001095367431 0 3 910 911 912 
299 0.6199999047683716 0.299999911920929 0.6199999047683716 1.100000123841858 0.300000111920929 0.7400001095367431 0 3 913 914 915 
300 0.6199999047683716 0.299999911920929 0.4999999 1.100000123841858 0.300000111920929 0.6200001047683715 0 3 916 917 918 
301 0.6199999047683716 0.299999911920929 0.3799998952316284 0.7400001095367431 0.300000111920929 0.5000000999999999 0 3 919 920 921 
302 0.6199999047683716 0.299999911920929 0.2599998904632568 0.7400001095367431 0.300000111920929 0.3800000952316284 0 3 922 923 924 
303 0.7399999095367432 0.299999911920929 0.1399998856948853 1.100000123841858 0.300000111920929 0.6200001047683715 0 3 925 926 927 
304 0.6199999047683716 0.299999911920929 0.1399998856948853 1.100000123841858 0.300000111920929 0.6200001047683715 0 3 928 929 930 
305 0.6199999047683716 0.299999911920929 0.01999988092651367 1.100000123841858 0.300000111920929 0.6200001047683715 0 3 931 932 933 
306 0.6199999047683716 0.299999911920929 -0.1000001238418579 0.7400001095367431 0.300000111920929 0.02000008092651367 0 3 934 935 936 
307 0.4999999 0.299999911920929 0.9799999190734864 0.6200001047683715 0.300000111920929 1.100000123841858 0 3 937 938 939 
308 0.6199999047683716 0.299999911920929 0.6199999047683716 1.100000123841858 0.300000111920929 0.9800001190734863 0 3 940 941 942 
309 0.4999999 0.299999911920929 0.6199999047683716 1.100000123841858 0.300000111920929 0.9800001190734863 0 3 943 944 945 
310 0.4999999 0.299999911920929 0.6199999047683716 1.100000123841858 0.300000111920929 0.8600001143051147 0 3 946 947 948 
311 0.4999999 0.299999911920929 0.6199999047683716 0.6200001047683715 0.300000111920929 0.7400001095367431 0 3 949 950 951 
312 0.4999999 0.299999911920929 0.4999999 0.6200001047683715 0.300000111920929 0.6200001047683715 0 3 952 953 954 
313 0.6199999047683716 0.299999911920929 0.3799998952316284 1.100000123841858 0.300000111920929 0.6200001047683715 0 3 955 956 957 
314 0.4999999 0.299999911920929 0.3799998952316284 1.100000123841858 0.300000111920929 0.6200001047683715 0 3 958 959 960 
315 0.4999999 0.299999911920929 0.2599998904632568 1.100000123841858 0.300000111920929 0.6200001047683715 0 3 961 962 963 
316 0.4999999 0.299999911920929 0.1399998856948853 0.6200001047683715 0.300000111920929 0.2600000904632568 0 3 964 965 966 
317 0.4999999 0.299999911920929 0.01999988092651367 0.6200001047683715 0.300000111920929 0.1400000856948853 0 3 967 968 969 
318 0.6199999047683716 0.299999911920929 -0.1000001238418579 1.100000123841858 0.300000111920929 0.6200001047683715 0 3 970 971 972 
319 0.4999999 0.299999911920929 0.01999988092651372 1.100000123841858 0.300000111920929 1.100000123841858 0 3 973 974 975 
320 0.3799998952316284 0.299999911920929 0.6199999047683716 1.100000123841858 0.300000111920929 1.100000123841858 0 3 976 977 978 
321 0.3799998952316284 0.299999911920929 0.8599999143051148 0.5000000999999999 0.300000111920929 0.9800001190734863 0 3 979 980 981 
322 0.3799998952316284 0.299999911920929 0.7399999095367432 0.5000000999999999 0.300000111920929 0.8600001143051147 0 3 982 983 984 
323 0.4999999 0.299999911920929 0.6199999047683716 1.100000123841858 0.300000111920929 0.7400001095367431 0 3 985 986 987 
324 0.3799998952316284 0.299999911920929 0.6199999047683716 1.100000123841858 0.300000111920929 0.7400001095367431 0 3 988 989 990 
325 0.3799998952316284 0.299999911920929 0.4999999 1.100000123841858 0.300000111920929 0.6200001047683715 0 3 991 992 993 
326 0.3799998952316284 0.299999911920929 0.3799998952316284 0.5000000999999999 0.300000111920929 0.5000000999999999 0 3 994 995 996 
327 0.3799998952316284 0.299999911920929 0.2599998904632568 0.5000000999999999 0.300000111920929 0.3800000952316284 0 3 997 998 999 
328 0.4999999 0.299999911920929 0.1399998856948853 1.100000123841858 0.300000111920929 0.6200001047683715 0 3 1000 1001 1002 
329 0.3799998952316284 0.299999911920929 0.1399998856948853 1.100000123841858 0.300000111920929 0.6200001047683715 0 3 1003 1004 1005 
330 0.3799998952316284 0.299999911920929 0.01999988092651367 1.100000123841858 0.300000111920929 0.6200001047683715 0 3 1006 1007 1008 
331 0.3799998952316284 0.299999911920929 -0.1000001238418579 0.5000000999999999 0.300000111920929 0.02000008092651367 0 3 1009 1010 1011 
332 0.2599998904632568 0.299999911920929 0.9799999190734864 0.3800000952316284 0.300000111920929 1.100000123841858 0 3 1012 1013 1014 
333 0.3799998952316284 0.299999911920929 0.6199999047683716 1.100000123841858 0.300000111920929 0.9800001190734863 0 3 1015 1016 1017 
334 0.2599998904632568 0.299999911920929 0.6199999047683716 1.100000123841858 0.300000111920929 0.9800001190734863 0 3 1018 1019 1020 
335 0.2599998904632568 0.299999911920929 0.6199999047683716 1.100000123841858 0.300000111920929 0.8600001143051147 0 3 1021 1022 1023 
336 0.2599998904632568 0.299999911920929 0.6199999047683716 0.3800000952316284 0.300000111920929 0.7400001095367431 0 3 1024 1025 1026 
337 0.2599998904632568 0.299999911920929 0.4999999 0.3800000952316284 0.300000111920929 0.6200001047683715 0 3 1027 1028 1029 
338 0.3799998952316284 0.299999911920929 0.3799998952316284 1.100000123841858 0.300000111920929 0.6200001047683715 0 3 1030 1031 1032 
339 0.2599998904632568 0.299999911920929 0.3799998952316284 1.100000123841858 0.300000111920929 0.6200001047683715 0 3 1033 1034 1035 
340 0.2599998904632568 0.299999911920929 0.2599998904632568 1.100000123841858 0.300000111920929 0.6200001047683715 0 3 1036 1037 1038 
341 0.2599998904632568 0.299999911920929 0.1399998856948853 0.3800000952316284 0.300000111920929 0.2600000904632568 0 3 1039 1040 1041 
342 0.2599998904632568 0.299999911920929 0.01999988092651367 0.3800000952316284 0.300000111920929 0.1400000856948853 0 3 1042 1043 1044 
343 0.3799998952316284 0.299999911920929 -0.1000001238418579 1.100000123841858 0.300000111920929 0.6200001047683715 0 3 1045 1046 1047 
344 0.2599998904632568 0.299999911920929 0.01999988092651372 1.100000123841858 0.300000111920929 1.100000123841858 0 3 1048 1049 1050 
345 0.1399998856948853 0.299999911920929 0.6199999047683716 1.100000123841858 0.300000111920929 1.100000123841858 0 3 1051 1052 1053 
346 0.1399998856948853 0.299999911920929 0.8599999143051148 0.2600000904632568 0.300000111920929 0.9800001190734863 0 3 1054 1055 1056 
347 0.1399998856948853 0.299999911920929 0.7399999095367432 0.2600000904632568 0.300000111920929 0.8600001143051147 0 3 1057 1058 1059 
348 0.2599998904632568 0.299999911920929 0.6199999047683716 1.100000123841858 0.300000111920929 0.7400001095367431 0 3 1060 1061 1062 
349 0.1399998856948853 0.299999911920929 0.6199999047683716 1.100000123841858 0.300000111920929 0.7400001095367431 0 3 1063 1064 1065 
350 0.1399998856948853 0.299999911920929 0.4999999 1.100000123841858 0.300000111920929 0.6200001047683715 0 3 1066 1067 1068 
351 0.1399998856948853 0.299999911920929 0.3799998952316284 0.2600000904632568 0.300000111920929 0.5000000999999999 0 3 1069 1070 1071 
352 0.1399998856948853 0.299999911920929 0.2599998904632568 0.2600000904632568 0.300000111920929 0.3800000952316284 0 3 1072 1073 1074 
353 0.2599998904632568 0.299999911920929 0.1399998856948853 1.100000123841858 0.300000111920929 0.6200001047683715 0 3 1075 1076 1077 
354 0.1399998856948853 0.299999911920929 0.1399998856948853 1.100000123841858 0.300000111920929 0.6200001047683715 0 3 1078 1079 1080 
355 0.1399998856948853 0.299999911920929 0.01999988092651367 1.100000123841858 0.300000111920929 0.6200001047683715 0 3 1081 1082 1083 
356 0.1399998856948853 0.299999911920929 -0.1000001238418579 0.2600000904632568 0.300000111920929 0.02000008092651367 0 3 1084 1085 1086 
357 0.01999988092651367 0.299999911920929 0.9799999190734864 0.1400000856948853 0.300000111920929 1.100000123841858 0 3 1087 1088 1089 
358 0.1399998856948853 0.299999911920929 0.6199999047683716 1.100000123841858 0.300000111920929 0.9800001190734863 0 3 1090 1091 1092 
359 0.01999988092651372 0.299999911920929 0.6199999047683716 1.100000123841858 0.300000111920929 0.9800001190734863 0 3 1093 1094 1095 
360 0.01999988092651372 0.299999911920929 0.6199999047683716 1.100000123841858 0.300000111920929 0.8600001143051147 0 3 1096 1097 1098 
361 0.01999988092651367 0.299999911920929 0.6199999047683716 0.1400000856948853 0.300000111920929 0.7400001095367431 0 3 1099 1100 1101 
362 0.01999988092651367 0.299999911920929 0.4999999 0.1400000856948853 0.300000111920929 0.6200001047683715 0 3 1102 1103 1104 
363 0.1399998856948853 0.299999911920929 0.3799998952316284 1.100000123841858 0.300000111920929 0.6200001047683715 0 3 1105 1106 1107 
364 0.01999988092651372 0.299999911920929 0.3799998952316284 1.100000123841858 0.300000111920929 0.6200001047683715 0 3 1108 1109 1110 
365 0.01999988092651372 0.299999911920929 0.2599998904632568 1.100000123841858 0.300000111920929 0.6200001047683715 0 3 1111 1112 1113 
366 0.01999988092651367 0.299999911920929 0.1399998856948853 0.1400000856948853 0.300000111920929 0.2600000904632568 0 3 1114 1115 1116 
367 0.01999988092651367 0.299999911920929 0.01999988092651367 0.1400000856948853 0.300000111920929 0.1400000856948853 0 3 1117 1118 1119 
368 0.1399998856948853 0.299999911920929 -0.1000001238418579 1.100000123841858 0.300000111920929 0.6200001047683715 0 3 1120 1121 1122 
369 0.01999988092651372 0.299999911920929 0.01999988092651372 1.100000123841858 0.300000111920929 1.100000123841858 0 3 1123 1124 1125 
370 -0.100000123841858 0.299999911920929 0.6199999047683716 1.100000123841858 0.300000111920929 1.100000123841858 0 3 1126 1127 1128 
371 -0.1000001238418579 0.299999911920929 0.8599999143051148 0.02000008092651367 0.300000111920929 0.9800001190734863 0 3 1129 1130 1131 
372 -0.1000001238418579 0.299999911920929 0.7399999095367432 0.02000008092651367 0.300000111920929 0.8600001143051147 0 3 1132 1133 1134 
373 0.01999988092651372 0.299999911920929 0.6199999047683716 1.100000123841858 0.300000111920929 0.7400001095367431 0 3 1135 1136 1137 
374 -0.100000123841858 0.299999911920929 0.6199999047683716 1.100000123841858 0.300000111920929 0.7400001095367431 0 3 1138 1139 1140 
375 -0.100000123841858 0.299999911920929 0.4999999 1.100000123841858 0.300000111920929 0.6200001047683715 0 3 1141 1142 1143 
376 -0.1000001238418579 0.299999911920929 0.3799998952316284 0.02000008092651367 0.300000111920929 0.5000000999999999 0 3 1144 1145 1146 
377 -0.1000001238418579 0.299999911920929 0.2599998904632568 0.02000008092651367 0.300000111920929 0.3800000952316284 0 3 1147 1148 1149 
378 0.01999988092651372 0.299999911920929 0.1399998856948853 1.100000123841858 0.300000111920929 0.6200001047683715 0 3 1150 1151 1152 
379 -0.100000123841858 0.299999911920929 0.1399998856948852 1.100000123841858 0.300000111920929 0.6200001047683715 0 3 1153 1154 1155 
380 -0.100000123841858 0.299999911920929 0.01999988092651367 1.100000123841858 0.300000111920929 0.6200001047683715 0 3 1156 1157 1158 
381 -0.1000001238418579 0.299999911920929 -0.1000001238418579 0.02000008092651367 0.300000111920929 0.02000008092651367 0 3 1159 1160 1161 
382 0.9799999190734864 0.6999998880790711 0.9799999190734864 1.100000123841858 0.700000088079071 1.100000123841858 0 3 1162 1163 1164 
383 1.099999923841858 0.6999998880790711 0.8599999143051148 1.100000123841858 0.700000088079071 0.9800001190734863 0 2 -1168 -1169 
384 0.9799999190734864 0.6999998880790711 0.6199999047683716 1.100000123841858 0.700000088079071 0.9800001190734863 0 3 1170 1171 1172 
385 0.9799999190734864 0.6999998880790711 0.6199999047683716 1.100000123841858 0.700000088079071 0.8600001143051147 0 3 1173 1174 1175 
386 0.9799999190734864 0.6999998880790711 0.6199999047683716 1.100000123841858 0.700000088079071 0.7400001095367431 0 3 1176 1177 1178 
387 0.9799999190734864 0.6999998880790711 0.4999999 1.100000123841858 0.700000088079071 0.6200001047683715 0 3 1179 1180 1181 
388 1.099999923841858 0.6999998880790711 0.3799998952316284 1.100000123841858 0.700000088079071 0.5000000999999999 0 2 -1185 -1186 
389 0.9799999190734864 0.6999998880790711 0.3799998952316284 1.100000123841858 0.700000088079071 0.6200001047683715 0 3 1187 1188 1189 
390 0.9799999190734864 0.6999998880790711 0.2599998904632568 1.100000123841858 0.700000088079071 0.6200001047683715 0 3 1190 1191 1192 
391 0.9799999190734864 0.6999998880790711 0.1399998856948853 1.100000123841858 0.700000088079071 0.2600000904632568 0 3 1193 1194 1195 
392 0.9799999190734864 0.6999998880790711 0.01999988092651367 1.100000123841858 0.700000088079071 0.1400000856948853 0 3 1196 1197 1198 
393 1.099999923841858 0.6999998880790711 -0.1000001238418579 1.100000123841858 0.700000088079071 0.02000008092651367 0 2 -1202 -1203 
394 0.9799999190734864 0.6999998880790711 0.01999988092651372 1.100000123841858 0.700000088079071 1.100000123841858 0 3 1204 1205 1206 
395 0.8599999143051148 0.6999998880790711 0.6199999047683716 1.100000123841858 0.700000088079071 1.100000123841858 0 3 1207 1208 1209 
396 0.8599999143051148 0.6999998880790711 0.8599999143051148 0.9800001190734863 0.700000088079071 0.9800001190734863 0 3 1210 1211 1212 
397 0.8599999143051148 0.6999998880790711 0.7399999095367432 0.9800001190734863 0.700000088079071 0.8600001143051147 0 3 1213 1214 1215 
398 0.9799999190734864 0.6999998880790711 0.6199999047683716 1.100000123841858 0.700000088079071 0.7400001095367431 0 3 1216 1217 1218 
399 0.8599999143051148 0.6999998880790711 0.6199999047683716 1.100000123841858 0.700000088079071 0.7400001095367431 0 3 1219 1220 1221 
400 0.8599999143051148 0.6999998880790711 0.4999999 1.100000123841858 0.700000088079071 0.6200001047683715 0 3 1222 1223 1224 
401 0.8599999143051148 0.6999998880790711 0.3799998952316284 0.9800001190734863 0.700000088079071 0.5000000999999999 0 3 1225 1226 1227 
402 0.8599999143051148 0.6999998880790711 0.2599998904632568 0.9800001190734863 0.700000088079071 0.3800000952316284 0 3 1228 1229 1230 
403 0.9799999190734864 0.6999998880790711 0.1399998856948853 1.100000123841858 0.700000088079071 0.6200001047683715 0 3 1231 1232 1233 
404 0.8599999143051148 0.6999998880790711 0.1399998856948853 1.100000123841858 0.700000088079071 0.6200001047683715 0 3 1234 1235 1236 
405 0.8599999143051148 0.6999998880790711 0.01999988092651367 1.100000123841858 0.700000088079071 0.6200001047683715 0 3 1237 1238 1239 
406 0.8599999143051148 0.6999998880790711 -0.1000001238418579 0.9800001190734863 0.700000088079071 0.02000008092651367 0 3 1240 1241 1242 
407 0.7399999095367432 0.6999998880790711 0.9799999190734864 0.8600001143051147 0.700000088079071 1.100000123841858 0 3 1243 1244 1245 
408 0.8599999143051148 0.6999998880790711 0.6199999047683716 1.100000123841858 0.700000088079071 0.9800001190734863 0 3 1246 1247 1248 
409 0.8599999143051148 0.6999998880790711 0.6199999047683716 1.100000123841858 0.700000088079071 0.8600001143051147 0 2 -1252 -1253 
410 0.7399999095367432 0.6999998880790711 0.6199999047683716 1.100000123841858 0.700000088079071 0.8600001143051147 0 3 1254 1255 1256 
411 0.7399999095367432 0.6999998880790711 0.6199999047683716 0.8600001143051147 0.700000088079071 0.7400001095367431 0 3 1257 1258 1259 
412 0.7399999095367432 0.6999998880790711 0.4999999 0.8600001143051147 0.700000088079071 0.6200001047683715 0 3 1260 1261 1262 
413 0.8599999143051148 0.6999998880790711 0.3799998952316284 1.100000123841858 0.700000088079071 0.6200001047683715 0 3 1263 1264 1265 
414 0.7399999095367432 0.6999998880790711 0.3799998952316284 1.100000123841858 0.700000088079071 0.6200001047683715 0 3 1266 1267 1268 
415 0.7399999095367432 0.6999998880790711 0.2599998904632568 1.100000123841858 0.700000088079071 0.6200001047683715 0 3 1269 1270 1271 
416 0.7399999095367432 0.6999998880790711 0.1399998856948853 0.8600001143051147 0.700000088079071 0.2600000904632568 0 3 1272 1273 1274 
417 0.7399999095367432 0.6999998880790711 0.01999988092651367 0.8600001143051147 0.700000088079071 0.1400000856948853 0 3 1275 1276 1277 
418 0.8599999143051148 0.6999998880790711 -0.1000001238418579 1.100000123841858 0.700000088079071 0.6200001047683715 0 3 1278 1279 1280 
419 0.7399999095367432 0.6999998880790711 0.01999988092651372 1.100000123841858 0.700000088079071 1.100000123841858 0 3 1281 1282 1283 
420 0.6199999047683716 0.6999998880790711 0.6199999047683716 1.100000123841858 0.700000088079071 1.100000123841858 0 3 1284 1285 1286 
421 0.6199999047683716 0.6999998880790711 0.8599999143051148 0.7400001095367431 0.700000088079071 0.9800001190734863 0 3 1287 1288 1289 
422 0.6199999047683716 0.6999998880790711 0.7399999095367432 0.7400001095367431 0.700000088079071 0.8600001143051147 0 3 1290 1291 1292 
423 0.7399999095367432 0.6999998880790711 0.6199999047683716 1.100000123841858 0.700000088079071 0.7400001095367431 0 3 1293 1294 1295 
424 0.6199999047683716 0.6999998880790711 0.6199999047683716 1.100000123841858 0.700000088079071 0.7400001095367431 0 3 1296 1297 1298 
425 0.6199999047683716 0.6999998880790711 0.4999999 1.100000123841858 0.700000088079071 0.6200001047683715 0 3 1299 1300 1301 
426 0.6199999047683716 0.6999998880790711 0.3799998952316284 0.7400001095367431 0.700000088079071 0.5000000999999999 0 3 1302 1303 1304 
427 0.6199999047683716 0.6999998880790711 0.2599998904632568 0.7400001095367431 0.700000088079071 0.3800000952316284 0 3 1305 1306 1307 
428 0.7399999095367432 0.6999998880790711 0.1399998856948853 1.100000123841858 0.700000088079071 0.6200001047683715 0 3 1308 1309 1310 
429 0.6199999047683716 0.6999998880790711 0.1399998856948853 1.100000123841858 0.700000088079071 0.6200001047683715 0 3 1311 1312 1313 
430 0.6199999047683716 0.6999998880790711 0.01999988092651367 1.100000123841858 0.700000088079071 0.6200001047683715 0 3 1314 1315 1316 
431 0.6199999047683716 0.6999998880790711 -0.1000001238418579 0.7400001095367431 0.700000088079071 0.02000008092651367 0 3 1317 1318 1319 
432 0.4999999 0.6999998880790711 0.9799999190734864 0.6200001047683715 0.700000088079071 1.100000123841858 0 3 1320 1321 1322 
433 0.6199999047683716 0.6999998880790711 0.6199999047683716 1.100000123841858 0.700000088079071 0.9800001190734863 0 3 1323 1324 1325 
434 0.4999999 0.6999998880790711 0.6199999047683716 1.100000123841858 0.700000088079071 0.9800001190734863 0 3 1326 1327 1328 
435 0.4999999 0.6999998880790711 0.6199999047683716 1.100000123841858 0.700000088079071 0.8600001143051147 0 3 1329 1330 1331 
436 0.4999999 0.6999998880790711 0.6199999047683716 0.6200001047683715 0.700000088079071 0.7400001095367431 0 3 1332 1333 1334 
437 0.4999999 0.6999998880790711 0.4999999 0.6200001047683715 0.700000088079071 0.6200001047683715 0 3 1335 1336 1337 
438 0.6199999047683716 0.6999998880790711 0.3799998952316284 1.100000123841858 0.700000088079071 0.6200001047683715 0 3 1338 1339 1340 
439 0.4999999 0.6999998880790711 0.3799998952316284 1.100000123841858 0.700000088079071 0.6200001047683715 0 3 1341 1342 1343 
440 0.4999999 0.6999998880790711 0.2599998904632568 1.100000123841858 0.700000088079071 0.6200001047683715 0 3 1344 1345 1346 
441 0.4999999 0.6999998880790711 0.1399998856948853 0.6200001047683715 0.700000088079071 0.2600000904632568 0 3 1347 1348 1349 
442 0.4999999 0.6999998880790711 0.01999988092651367 0.6200001047683715 0.700000088079071 0.1400000856948853 0 3 1350 1351 1352 
443 0.6199999047683716 0.6999998880790711 -0.1000001238418579 1.100000123841858 0.700000088079071 0.6200001047683715 0 3 1353 1354 1355 
444 0.4999999 0.6999998880790711 0.01999988092651372 1.100000123841858 0.700000088079071 1.100000123841858 0 3 1356 1357 1358 
445 0.3799998952316284 0.6999998880790711 0.6199999047683716 1.100000123841858 0.700000088079071 1.100000123841858 0 3 1359 1360 1361 
446 0.3799998952316284 0.6999998880790711 0.8599999143051148 0.5000000999999999 0.700000088079071 0.9800001190734863 0 3 1362 1363 1364 
447 0.3799998952316284 0.6999998880790711 0.7399999095367432 0.5000000999999999 0.700000088079071 0.8600001143051147 0 3 1365 1366 1367 
448 0.4999999 0.6999998880790711 0.6199999047683716 1.100000123841858 0.700000088079071 0.7400001095367431 0 3 1368 1369 1370 
449 0.3799998952316284 0.6999998880790711 0.6199999047683716 1.100000123841858 0.700000088079071 0.7400001095367431 0 3 1371 1372 1373 
450 0.3799998952316284 0.6999998880790711 0.4999999 1.100000123841858 0.700000088079071 0.6200001047683715 0 3 1374 1375 1376 
451 0.3799998952316284 0.6999998880790711 0.3799998952316284 0.5000000999999999 0.700000088079071 0.5000000999999999 0 3 1377 1378 1379 
452 0.3799998952316284 0.6999998880790711 0.2599998904632568 0.5000000999999999 0.700000088079071 0.3800000952316284 0 3 1380 1381 1382 
453 0.4999999 0.6999998880790711 0.1399998856948853 1.100000123841858 0.700000088079071 0.6200001047683715 0 3 1383 1384 1385 
454 0.3799998952316284 0.6999998880790711 0.1399998856948853 1.100000123841858 0.700000088079071 0.6200001047683715 0 3 1386 1387 1388 
455 0.3799998952316284 0.6999998880790711 0.01999988092651367 1.100000123841858 0.700000088079071 0.6200001047683715 0 3 1389 1390 1391 
456 0.3799998952316284 0.6999998880790711 -0.1000001238418579 0.5000000999999999 0.700000088079071 0.02000008092651367 0 3 1392 1393 1394 
457 0.2599998904632568 0.6999998880790711 0.9799999190734864 0.3800000952316284 0.700000088079071 1.100000123841858 0 3 1395 1396 1397 
458 0.3799998952316284 0.6999998880790711 0.6199999047683716 1.100000123841858 0.700000088079071 0.9800001190734863 0 3 1398 1399 1400 
459 0.2599998904632568 0.6999998880790711 0.6199999047683716 1.100000123841858 0.700000088079071 0.9800001190734863 0 3 1401 1402 1403 
460 0.2599998904632568 0.6999998880790711 0.6199999047683716 1.100000123841858 0.700000088079071 0.8600001143051147 0 3 1404 1405 1406 
461 0.2599998904632568 0.6999998880790711 0.6199999047683716 0.3800000952316284 0.700000088079071 0.7400001095367431 0 3 1407 1408 1409 
462 0.2599998904632568 0.6999998880790711 0.4999999 0.3800000952316284 0.700000088079071 0.6200001047683715 0 3 1410 1411 1412 
463 0.3799998952316284 0.6999998880790711 0.3799998952316284 1.100000123841858 0.700000088079071 0.6200001047683715 0 3 1413 1414 1415 
464 0.2599998904632568 0.6999998880790711 0.3799998952316284 1.100000123841858 0.700000088079071 0.6200001047683715 0 3 1416 1417 1418 
465 0.2599998904632568 0.6999998880790711 0.2599998904632568 1.100000123841858 0.700000088079071 0.6200001047683715 0 3 1419 1420 1421 
466 0.2599998904632568 0.6999998880790711 0.1399998856948853 0.3800000952316284 0.700000088079071 0.2600000904632568 0 3 1422 1423 1424 
467 0.2599998904632568 0.6999998880790711 0.01999988092651367 0.3800000952316284 0.700000088079071 0.1400000856948853 0 3 1425 1426 1427 
468 0.3799998952316284 0.6999998880790711 -0.1000001238418579 1.100000123841858 0.700000088079071 0.6200001047683715 0 3 1428 1429 1430 
469 0.2599998904632568 0.6999998880790711 0.01999988092651372 1.100000123841858 0.700000088079071 1.100000123841858 0 3 1431 1432 1433 
470 0.1399998856948853 0.6999998880790711 0.6199999047683716 1.100000123841858 0.700000088079071 1.100000123841858 0 3 1434 1435 1436 
471 0.1399998856948853 0.6999998880790711 0.8599999143051148 0.2600000904632568 0.700000088079071 0.9800001190734863 0 3 1437 1438 1439 
472 0.1399998856948853 0.6999998880790711 0.7399999095367432 0.2600000904632568 0.700000088079071 0.8600001143051147 0 3 1440 1441 1442 
473 0.2599998904632568 0.6999998880790711 0.6199999047683716 1.100000123841858 0.700000088079071 0.7400001095367431 0 3 1443 1444 1445 
474 0.1399998856948853 0.6999998880790711 0.6199999047683716 1.100000123841858 0.700000088079071 0.7400001095367431 0 3 1446 1447 1448 
475 0.1399998856948853 0.6999998880790711 0.4999999 1.100000123841858 0.700000088079071 0.6200001047683715 0 3 1449 1450 1451 
476 0.1399998856948853 0.6999998880790711 0.3799998952316284 0.2600000904632568 0.700000088079071 0.5000000999999999 0 3 1452 1453 1454 
477 0.1399998856948853 0.6999998880790711 0.2599998904632568 0.2600000904632568 0.700000088079071 0.3800000952316284 0 3 1455 1456 1457 
478 0.2599998904632568 0.6999998880790711 0.1399998856948853 1.100000123841858 0.700000088079071 0.6200001047683715 0 3 1458 1459 1460 
479 0.1399998856948853 0.6999998880790711 0.1399998856948853 1.100000123841858 0.700000088079071 0.6200001047683715 0 3 1461 1462 1463 
480 0.1399998856948853 0.6999998880790711 0.01999988092651367 1.100000123841858 0.700000088079071 0.6200001047683715 0 3 1464 1465 1466 
481 0.1399998856948853 0.6999998880790711 -0.1000001238418579 0.2600000904632568 0.700000088079071 0.02000008092651367 0 3 1467 1468 1469 
482 0.01999988092651367 0.6999998880790711 0.9799999190734864 0.1400000856948853 0.700000088079071 1.100000123841858 0 3 1470 1471 1472 
483 0.1399998856948853 0.6999998880790711 0.6199999047683716 1.100000123841858 0.700000088079071 0.9800001190734863 0 3 1473 1474 1475 
484 0.01999988092651372 0.6999998880790711 0.6199999047683716 1.100000123841858 0.700000088079071 0.9800001190734863 0 3 1476 1477 1478 
485 0.01999988092651372 0.6999998880790711 0.6199999047683716 1.100000123841858 0.700000088079071 0.8600001143051147 0 3 1479 1480 1481 
486 0.01999988092651367 0.6999998880790711 0.6199999047683716 0.1400000856948853 0.700000088079071 0.7400001095367431 0 3 1482 1483 1484 
487 0.01999988092651367 0.6999998880790711 0.4999999 0.1400000856948853 0.700000088079071 0.6200001047683715 0 3 1485 1486 1487 
488 0.1399998856948853 0.6999998880790711 0.3799998952316284 1.100000123841858 0.700000088079071 0.6200001047683715 0 3 1488 1489 1490 
489 0.01999988092651372 0.6999998880790711 0.3799998952316284 1.100000123841858 0.700000088079071 0.6200001047683715 0 3 1491 1492 1493 
490 0.01999988092651372 0.6999998880790711 0.2599998904632568 1.100000123841858 0.700000088079071 0.6200001047683715 0 3 1494 1495 1496 
491 0.01999988092651367 0.6999998880790711 0.1399998856948853 0.1400000856948853 0.700000088079071 0.2600000904632568 0 3 1497 1498 1499 
492 0.01999988092651367 0.6999998880790711 0.01999988092651367 0.1400000856948853 0.700000088079071 0.1400000856948853 0 3 1500 1501 1502 
493 0.1399998856948853 0.6999998880790711 -0.1000001238418579 1.100000123841858 0.700000088079071 0.6200001047683715 0 3 1503 1504 1505 
494 0.01999988092651372 0.6999998880790711 0.01999988092651372 1.100000123841858 0.700000088079071 1.100000123841858 0 3 1506 1507 1508 
495 -0.100000123841858 0.6999998880790711 0.6199999047683716 1.100000123841858 0.700000088079071 1.100000123841858 0 3 1509 1510 1511 
496 -0.1000001238418579 0.6999998880790711 0.8599999143051148 0.02000008092651367 0.700000088079071 0.9800001190734863 0 3 1512 1513 1514 
497 -0.1000001238418579 0.6999998880790711 0.7399999095367432 0.02000008092651367 0.700000088079071 0.8600001143051147 0 3 1515 1516 1517 
498 0.01999988092651372 0.6999998880790711 0.6199999047683716 1.100000123841858 0.700000088079071 0.7400001095367431 0 3 1518 1519 1520 
499 -0.100000123841858 0.6999998880790711 0.6199999047683716 1.100000123841858 0.700000088079071 0.7400001095367431 0 3 1521 1522 1523 
500 -0.100000123841858 0.6999998880790711 0.4999999 1.100000123841858 0.700000088079071 0.6200001047683715 0 3 1524 1525 1526 
501 -0.1000001238418579 0.6999998880790711 0.3799998952316284 0.02000008092651367 0.700000088079071 0.5000000999999999 0 3 1527 1528 1529 
502 -0.1000001238418579 0.6999998880790711 0.2599998904632568 0.02000008092651367 0.700000088079071 0.3800000952316284 0 3 1530 1531 1532 
503 0.01999988092651372 0.6999998880790711 0.1399998856948853 1.100000123841858 0.700000088079071 0.6200001047683715 0 3 1533 1534 1535 
504 -0.100000123841858 0.6999998880790711 0.1399998856948852 1.100000123841858 0.700000088079071 0.6200001047683715 0 3 1536 1537 1538 
505 -0.100000123841858 0.6999998880790711 0.01999988092651367 1.100000123841858 0.700000088079071 0.6200001047683715 0 3 1539 1540 1541 
506 -0.1000001238418579 0.6999998880790711 -0.1000001238418579 0.02000008092651367 0.700000088079071 0.02000008092651367 0 3 1542 1543 1544 
1 -9.999999994736442e-08 -9.999999994736442e-08 -9.999999994736442e-08 1.0000001 1.0000001 1.0000001 0 6 -1 2 -3 4 -5 6 
$EndEntities
